core   0: 0x0000000000001000 (0x00000297) auipc   t0, 0x0
core   0: 3 0x0000000000001000 (0x00000297) x5  0x0000000000001000
core   0: 0x0000000000001004 (0x02028593) addi    a1, t0, 32
core   0: 3 0x0000000000001004 (0x02028593) x11 0x0000000000001020
core   0: 0x0000000000001008 (0xf1402573) csrr    a0, mhartid
core   0: 3 0x0000000000001008 (0xf1402573) x10 0x0000000000000000
core   0: 0x000000000000100c (0x0182b283) ld      t0, 24(t0)
core   0: 3 0x000000000000100c (0x0182b283) x5  0x0000000080000000 mem 0x0000000000001018
core   0: 0x0000000000001010 (0x00028067) jr      t0
core   0: 3 0x0000000000001010 (0x00028067)
core   0: >>>>  $xrv64i2p1_m2p0_a2p1_f2p2_d2p2_c2p0_zicsr2p0_zifencei2p0_zmmul1p0_zaamo1p0_zalrsc1p0_zca1p0_zcd1p0
core   0: 0x0000000080000000 (0x00002417) auipc   s0, 0x2
core   0: 3 0x0000000080000000 (0x00002417) x8  0x0000000080002000
core   0: 0x0000000080000004 (0x00040413) mv      s0, s0
core   0: 3 0x0000000080000004 (0x00040413) x8  0x0000000080002000
core   0: 0x0000000080000008 (0x00002297) auipc   t0, 0x2
core   0: 3 0x0000000080000008 (0x00002297) x5  0x0000000080002008
core   0: 0x000000008000000c (0x04028293) addi    t0, t0, 64
core   0: 3 0x000000008000000c (0x04028293) x5  0x0000000080002048
core   0: 0x0000000080000010 (0x00449337) lui     t1, 0x449
core   0: 3 0x0000000080000010 (0x00449337) x6  0x0000000000449000
core   0: 0x0000000080000014 (0x8cd3031b) addiw   t1, t1, -1843
core   0: 3 0x0000000080000014 (0x8cd3031b) x6  0x00000000004488cd
core   0: 0x0000000080000018 (0x0000033a) c.slli  t1, 14
core   0: 3 0x0000000080000018 (0x033a) x6  0x0000001122334000
core   0: 0x000000008000001a (0x45530313) addi    t1, t1, 1109
core   0: 3 0x000000008000001a (0x45530313) x6  0x0000001122334455
core   0: 0x000000008000001e (0x00000332) c.slli  t1, 12
core   0: 3 0x000000008000001e (0x0332) x6  0x0001122334455000
core   0: 0x0000000080000020 (0x66730313) addi    t1, t1, 1639
core   0: 3 0x0000000080000020 (0x66730313) x6  0x0001122334455667
core   0: 0x0000000080000024 (0x00000332) c.slli  t1, 12
core   0: 3 0x0000000080000024 (0x0332) x6  0x1122334455667000
core   0: 0x0000000080000026 (0x78830313) addi    t1, t1, 1928
core   0: 3 0x0000000080000026 (0x78830313) x6  0x1122334455667788
core   0: 0x000000008000002a (0x0062b023) sd      t1, 0(t0)
core   0: 3 0x000000008000002a (0x0062b023) mem 0x0000000080002048 0x1122334455667788
core   0: 0x000000008000002e (0x0002b383) ld      t2, 0(t0)
core   0: 3 0x000000008000002e (0x0002b383) x7  0x1122334455667788 mem 0x0000000080002048
core   0: 0x0000000080000032 (0x00743023) sd      t2, 0(s0)
core   0: 3 0x0000000080000032 (0x00743023) mem 0x0000000080002000 0x1122334455667788
core   0: 0x0000000080000036 (0x00028383) lb      t2, 0(t0)
core   0: 3 0x0000000080000036 (0x00028383) x7  0xffffffffffffff88 mem 0x0000000080002048
core   0: 0x000000008000003a (0x00743423) sd      t2, 8(s0)
core   0: 3 0x000000008000003a (0x00743423) mem 0x0000000080002008 0xffffffffffffff88
core   0: 0x000000008000003e (0x0002c383) lbu     t2, 0(t0)
core   0: 3 0x000000008000003e (0x0002c383) x7  0x0000000000000088 mem 0x0000000080002048
core   0: 0x0000000080000042 (0x00743823) sd      t2, 16(s0)
core   0: 3 0x0000000080000042 (0x00743823) mem 0x0000000080002010 0x0000000000000088
core   0: 0x0000000080000046 (0x00006321) c.lui   t1, 0x8
core   0: 3 0x0000000080000046 (0x6321) x6  0x0000000000008000
core   0: 0x0000000080000048 (0x00002305) c.addiw t1, 1
core   0: 3 0x0000000080000048 (0x2305) x6  0x0000000000008001
core   0: 0x000000008000004a (0x00629023) sh      t1, 0(t0)
core   0: 3 0x000000008000004a (0x00629023) mem 0x0000000080002048 0x8001
core   0: 0x000000008000004e (0x00029383) lh      t2, 0(t0)
core   0: 3 0x000000008000004e (0x00029383) x7  0xffffffffffff8001 mem 0x0000000080002048
core   0: 0x0000000080000052 (0x00743c23) sd      t2, 24(s0)
core   0: 3 0x0000000080000052 (0x00743c23) mem 0x0000000080002018 0xffffffffffff8001
core   0: 0x0000000080000056 (0x0002d383) lhu     t2, 0(t0)
core   0: 3 0x0000000080000056 (0x0002d383) x7  0x0000000000008001 mem 0x0000000080002048
core   0: 0x000000008000005a (0x02743023) sd      t2, 32(s0)
core   0: 3 0x000000008000005a (0x02743023) mem 0x0000000080002020 0x0000000000008001
core   0: 0x000000008000005e (0x0010031b) addiw   t1, zero, 1
core   0: 3 0x000000008000005e (0x0010031b) x6  0x0000000000000001
core   0: 0x0000000080000062 (0x0000037e) c.slli  t1, 31
core   0: 3 0x0000000080000062 (0x037e) x6  0x0000000080000000
core   0: 0x0000000080000064 (0x00000305) c.addi  t1, 1
core   0: 3 0x0000000080000064 (0x0305) x6  0x0000000080000001
core   0: 0x0000000080000066 (0x0062a023) sw      t1, 0(t0)
core   0: 3 0x0000000080000066 (0x0062a023) mem 0x0000000080002048 0x80000001
core   0: 0x000000008000006a (0x0002a383) lw      t2, 0(t0)
core   0: 3 0x000000008000006a (0x0002a383) x7  0xffffffff80000001 mem 0x0000000080002048
core   0: 0x000000008000006e (0x02743423) sd      t2, 40(s0)
core   0: 3 0x000000008000006e (0x02743423) mem 0x0000000080002028 0xffffffff80000001
core   0: 0x0000000080000072 (0x0002e383) lwu     t2, 0(t0)
core   0: 3 0x0000000080000072 (0x0002e383) x7  0x0000000080000001 mem 0x0000000080002048
core   0: 0x0000000080000076 (0x02743823) sd      t2, 48(s0)
core   0: 3 0x0000000080000076 (0x02743823) mem 0x0000000080002030 0x0000000080000001
core   0: 0x000000008000007a (0x0aa00313) li      t1, 170
core   0: 3 0x000000008000007a (0x0aa00313) x6  0x00000000000000aa
core   0: 0x000000008000007e (0x006280a3) sb      t1, 1(t0)
core   0: 3 0x000000008000007e (0x006280a3) mem 0x0000000080002049 0xaa
core   0: 0x0000000080000082 (0x0002b383) ld      t2, 0(t0)
core   0: 3 0x0000000080000082 (0x0002b383) x7  0x112233448000aa01 mem 0x0000000080002048
core   0: 0x0000000080000086 (0x00000385) c.addi  t2, 1
core   0: 3 0x0000000080000086 (0x0385) x7  0x112233448000aa02
core   0: 0x0000000080000088 (0x02743c23) sd      t2, 56(s0)
core   0: 3 0x0000000080000088 (0x02743c23) mem 0x0000000080002038 0x112233448000aa02
core   0: 0x000000008000008c (0x0ff0000f) fence   iorw,iorw
core   0: 3 0x000000008000008c (0x0ff0000f)
core   0: 0x0000000080000090 (0x00004505) c.li    a0, 1
core   0: 3 0x0000000080000090 (0x4505) x10 0x0000000000000001
core   0: 0x0000000080000092 (0x00001597) auipc   a1, 0x1
core   0: 3 0x0000000080000092 (0x00001597) x11 0x0000000080001092
core   0: 0x0000000080000096 (0xf6e58593) addi    a1, a1, -146
core   0: 3 0x0000000080000096 (0xf6e58593) x11 0x0000000080001000
core   0: 0x000000008000009a (0x0000c188) c.sw    a0, 0(a1)
core   0: 3 0x000000008000009a (0xc188) mem 0x0000000080001000 0x00000001
core   0: 0x000000008000009c (0x0000a001) c.j     pc + 0
core   0: 3 0x000000008000009c (0xa001)
core   0: 3 0x000000008000009c (0xa001)
core   0: 3 0x000000008000009c (0xa001)
core   0: 3 0x000000008000009c (0xa001)
core   0: 3 0x000000008000009c (0xa001)
core   0: 3 0x000000008000009c (0xa001)
core   0: 3 0x000000008000009c (0xa001)
core   0: 3 0x000000008000009c (0xa001)
core   0: 3 0x000000008000009c (0xa001)
core   0: 3 0x000000008000009c (0xa001)
core   0: 3 0x000000008000009c (0xa001)
core   0: 3 0x000000008000009c (0xa001)
core   0: 3 0x000000008000009c (0xa001)
core   0: 3 0x000000008000009c (0xa001)
core   0: 3 0x000000008000009c (0xa001)
core   0: 3 0x000000008000009c (0xa001)
core   0: 3 0x000000008000009c (0xa001)
core   0: 3 0x000000008000009c (0xa001)
core   0: 3 0x000000008000009c (0xa001)
core   0: 3 0x000000008000009c (0xa001)
core   0: 3 0x000000008000009c (0xa001)
core   0: 3 0x000000008000009c (0xa001)
core   0: 3 0x000000008000009c (0xa001)
core   0: 3 0x000000008000009c (0xa001)
core   0: 3 0x000000008000009c (0xa001)
core   0: 3 0x000000008000009c (0xa001)
core   0: 3 0x000000008000009c (0xa001)
core   0: 3 0x000000008000009c (0xa001)
core   0: 3 0x000000008000009c (0xa001)
core   0: 3 0x000000008000009c (0xa001)
core   0: 3 0x000000008000009c (0xa001)
core   0: 3 0x000000008000009c (0xa001)
core   0: 3 0x000000008000009c (0xa001)
core   0: 3 0x000000008000009c (0xa001)
core   0: 3 0x000000008000009c (0xa001)
core   0: 3 0x000000008000009c (0xa001)
core   0: 3 0x000000008000009c (0xa001)
core   0: 3 0x000000008000009c (0xa001)
core   0: 3 0x000000008000009c (0xa001)
core   0: 3 0x000000008000009c (0xa001)
core   0: 3 0x000000008000009c (0xa001)
core   0: 3 0x000000008000009c (0xa001)
core   0: 3 0x000000008000009c (0xa001)
core   0: 3 0x000000008000009c (0xa001)
core   0: 3 0x000000008000009c (0xa001)
core   0: 3 0x000000008000009c (0xa001)
core   0: 3 0x000000008000009c (0xa001)
core   0: 3 0x000000008000009c (0xa001)
core   0: 3 0x000000008000009c (0xa001)
core   0: 3 0x000000008000009c (0xa001)
core   0: 3 0x000000008000009c (0xa001)
core   0: 3 0x000000008000009c (0xa001)
core   0: 3 0x000000008000009c (0xa001)
core   0: 3 0x000000008000009c (0xa001)
core   0: 3 0x000000008000009c (0xa001)
core   0: 3 0x000000008000009c (0xa001)
core   0: 3 0x000000008000009c (0xa001)
core   0: 3 0x000000008000009c (0xa001)
core   0: 3 0x000000008000009c (0xa001)
core   0: 3 0x000000008000009c (0xa001)
core   0: 3 0x000000008000009c (0xa001)
core   0: 3 0x000000008000009c (0xa001)
core   0: 3 0x000000008000009c (0xa001)
core   0: 3 0x000000008000009c (0xa001)
core   0: 3 0x000000008000009c (0xa001)
core   0: 3 0x000000008000009c (0xa001)
core   0: 3 0x000000008000009c (0xa001)
core   0: 3 0x000000008000009c (0xa001)
core   0: 3 0x000000008000009c (0xa001)
core   0: 3 0x000000008000009c (0xa001)
core   0: 3 0x000000008000009c (0xa001)
core   0: 3 0x000000008000009c (0xa001)
core   0: 3 0x000000008000009c (0xa001)
core   0: 3 0x000000008000009c (0xa001)
core   0: 3 0x000000008000009c (0xa001)
core   0: 3 0x000000008000009c (0xa001)
core   0: 3 0x000000008000009c (0xa001)
core   0: 3 0x000000008000009c (0xa001)
core   0: 3 0x000000008000009c (0xa001)
core   0: 3 0x000000008000009c (0xa001)
core   0: 3 0x000000008000009c (0xa001)
core   0: 3 0x000000008000009c (0xa001)
core   0: 3 0x000000008000009c (0xa001)
core   0: 3 0x000000008000009c (0xa001)
core   0: 3 0x000000008000009c (0xa001)
core   0: 3 0x000000008000009c (0xa001)
core   0: 3 0x000000008000009c (0xa001)
core   0: 3 0x000000008000009c (0xa001)
core   0: 3 0x000000008000009c (0xa001)
core   0: 3 0x000000008000009c (0xa001)
core   0: 3 0x000000008000009c (0xa001)
core   0: 3 0x000000008000009c (0xa001)
core   0: 3 0x000000008000009c (0xa001)
core   0: 3 0x000000008000009c (0xa001)
core   0: 3 0x000000008000009c (0xa001)
core   0: 3 0x000000008000009c (0xa001)
core   0: 3 0x000000008000009c (0xa001)
core   0: 3 0x000000008000009c (0xa001)
core   0: 3 0x000000008000009c (0xa001)
core   0: 3 0x000000008000009c (0xa001)
core   0: 3 0x000000008000009c (0xa001)
core   0: 3 0x000000008000009c (0xa001)
core   0: 3 0x000000008000009c (0xa001)
core   0: 3 0x000000008000009c (0xa001)
core   0: 3 0x000000008000009c (0xa001)
core   0: 3 0x000000008000009c (0xa001)
core   0: 3 0x000000008000009c (0xa001)
core   0: 3 0x000000008000009c (0xa001)
core   0: 3 0x000000008000009c (0xa001)
core   0: 3 0x000000008000009c (0xa001)
core   0: 3 0x000000008000009c (0xa001)
core   0: 3 0x000000008000009c (0xa001)
core   0: 3 0x000000008000009c (0xa001)
core   0: 3 0x000000008000009c (0xa001)
core   0: 3 0x000000008000009c (0xa001)
core   0: 3 0x000000008000009c (0xa001)
core   0: 3 0x000000008000009c (0xa001)
core   0: 3 0x000000008000009c (0xa001)
core   0: 3 0x000000008000009c (0xa001)
core   0: 3 0x000000008000009c (0xa001)
core   0: 3 0x000000008000009c (0xa001)
core   0: 3 0x000000008000009c (0xa001)
core   0: 3 0x000000008000009c (0xa001)
core   0: 3 0x000000008000009c (0xa001)
core   0: 3 0x000000008000009c (0xa001)
core   0: 3 0x000000008000009c (0xa001)
core   0: 3 0x000000008000009c (0xa001)
core   0: 3 0x000000008000009c (0xa001)
core   0: 3 0x000000008000009c (0xa001)
core   0: 3 0x000000008000009c (0xa001)
core   0: 3 0x000000008000009c (0xa001)
core   0: 3 0x000000008000009c (0xa001)
core   0: 3 0x000000008000009c (0xa001)
core   0: 3 0x000000008000009c (0xa001)
core   0: 3 0x000000008000009c (0xa001)
core   0: 3 0x000000008000009c (0xa001)
core   0: 3 0x000000008000009c (0xa001)
core   0: 3 0x000000008000009c (0xa001)
core   0: 3 0x000000008000009c (0xa001)
core   0: 3 0x000000008000009c (0xa001)
core   0: 3 0x000000008000009c (0xa001)
core   0: 3 0x000000008000009c (0xa001)
core   0: 3 0x000000008000009c (0xa001)
core   0: 3 0x000000008000009c (0xa001)
core   0: 3 0x000000008000009c (0xa001)
core   0: 3 0x000000008000009c (0xa001)
core   0: 3 0x000000008000009c (0xa001)
core   0: 3 0x000000008000009c (0xa001)
core   0: 3 0x000000008000009c (0xa001)
core   0: 3 0x000000008000009c (0xa001)
core   0: 3 0x000000008000009c (0xa001)
core   0: 3 0x000000008000009c (0xa001)
core   0: 3 0x000000008000009c (0xa001)
core   0: 3 0x000000008000009c (0xa001)
core   0: 3 0x000000008000009c (0xa001)
core   0: 3 0x000000008000009c (0xa001)
core   0: 3 0x000000008000009c (0xa001)
core   0: 3 0x000000008000009c (0xa001)
core   0: 3 0x000000008000009c (0xa001)
core   0: 3 0x000000008000009c (0xa001)
core   0: 3 0x000000008000009c (0xa001)
core   0: 3 0x000000008000009c (0xa001)
core   0: 3 0x000000008000009c (0xa001)
core   0: 3 0x000000008000009c (0xa001)
core   0: 3 0x000000008000009c (0xa001)
core   0: 3 0x000000008000009c (0xa001)
core   0: 3 0x000000008000009c (0xa001)
core   0: 3 0x000000008000009c (0xa001)
core   0: 3 0x000000008000009c (0xa001)
core   0: 3 0x000000008000009c (0xa001)
core   0: 3 0x000000008000009c (0xa001)
core   0: 3 0x000000008000009c (0xa001)
core   0: 3 0x000000008000009c (0xa001)
core   0: 3 0x000000008000009c (0xa001)
core   0: 3 0x000000008000009c (0xa001)
core   0: 3 0x000000008000009c (0xa001)
core   0: 3 0x000000008000009c (0xa001)
core   0: 3 0x000000008000009c (0xa001)
core   0: 3 0x000000008000009c (0xa001)
core   0: 3 0x000000008000009c (0xa001)
core   0: 3 0x000000008000009c (0xa001)
core   0: 3 0x000000008000009c (0xa001)
core   0: 3 0x000000008000009c (0xa001)
core   0: 3 0x000000008000009c (0xa001)
core   0: 3 0x000000008000009c (0xa001)
core   0: 3 0x000000008000009c (0xa001)
core   0: 3 0x000000008000009c (0xa001)
core   0: 3 0x000000008000009c (0xa001)
core   0: 3 0x000000008000009c (0xa001)
core   0: 3 0x000000008000009c (0xa001)
core   0: 3 0x000000008000009c (0xa001)
core   0: 3 0x000000008000009c (0xa001)
core   0: 3 0x000000008000009c (0xa001)
core   0: 3 0x000000008000009c (0xa001)
core   0: 3 0x000000008000009c (0xa001)
core   0: 3 0x000000008000009c (0xa001)
core   0: 3 0x000000008000009c (0xa001)
core   0: 3 0x000000008000009c (0xa001)
core   0: 3 0x000000008000009c (0xa001)
core   0: 3 0x000000008000009c (0xa001)
core   0: 3 0x000000008000009c (0xa001)
core   0: 3 0x000000008000009c (0xa001)
core   0: 3 0x000000008000009c (0xa001)
core   0: 3 0x000000008000009c (0xa001)
core   0: 3 0x000000008000009c (0xa001)
core   0: 3 0x000000008000009c (0xa001)
core   0: 3 0x000000008000009c (0xa001)
core   0: 3 0x000000008000009c (0xa001)
core   0: 3 0x000000008000009c (0xa001)
core   0: 3 0x000000008000009c (0xa001)
core   0: 3 0x000000008000009c (0xa001)
core   0: 3 0x000000008000009c (0xa001)
core   0: 3 0x000000008000009c (0xa001)
core   0: 3 0x000000008000009c (0xa001)
core   0: 3 0x000000008000009c (0xa001)
core   0: 3 0x000000008000009c (0xa001)
core   0: 3 0x000000008000009c (0xa001)
core   0: 3 0x000000008000009c (0xa001)
core   0: 3 0x000000008000009c (0xa001)
core   0: 3 0x000000008000009c (0xa001)
core   0: 3 0x000000008000009c (0xa001)
core   0: 3 0x000000008000009c (0xa001)
core   0: 3 0x000000008000009c (0xa001)
core   0: 3 0x000000008000009c (0xa001)
core   0: 3 0x000000008000009c (0xa001)
core   0: 3 0x000000008000009c (0xa001)
core   0: 3 0x000000008000009c (0xa001)
core   0: 3 0x000000008000009c (0xa001)
core   0: 3 0x000000008000009c (0xa001)
core   0: 3 0x000000008000009c (0xa001)
core   0: 3 0x000000008000009c (0xa001)
core   0: 3 0x000000008000009c (0xa001)
core   0: 3 0x000000008000009c (0xa001)
core   0: 3 0x000000008000009c (0xa001)
core   0: 3 0x000000008000009c (0xa001)
core   0: 3 0x000000008000009c (0xa001)
core   0: 3 0x000000008000009c (0xa001)
core   0: 3 0x000000008000009c (0xa001)
core   0: 3 0x000000008000009c (0xa001)
core   0: 3 0x000000008000009c (0xa001)
core   0: 3 0x000000008000009c (0xa001)
core   0: 3 0x000000008000009c (0xa001)
core   0: 3 0x000000008000009c (0xa001)
core   0: 3 0x000000008000009c (0xa001)
core   0: 3 0x000000008000009c (0xa001)
core   0: 3 0x000000008000009c (0xa001)
core   0: 3 0x000000008000009c (0xa001)
core   0: 3 0x000000008000009c (0xa001)
core   0: 3 0x000000008000009c (0xa001)
core   0: 3 0x000000008000009c (0xa001)
core   0: 3 0x000000008000009c (0xa001)
core   0: 3 0x000000008000009c (0xa001)
core   0: 3 0x000000008000009c (0xa001)
core   0: 3 0x000000008000009c (0xa001)
core   0: 3 0x000000008000009c (0xa001)
core   0: 3 0x000000008000009c (0xa001)
core   0: 3 0x000000008000009c (0xa001)
core   0: 3 0x000000008000009c (0xa001)
core   0: 3 0x000000008000009c (0xa001)
core   0: 3 0x000000008000009c (0xa001)
core   0: 3 0x000000008000009c (0xa001)
core   0: 3 0x000000008000009c (0xa001)
core   0: 3 0x000000008000009c (0xa001)
core   0: 3 0x000000008000009c (0xa001)
core   0: 3 0x000000008000009c (0xa001)
core   0: 3 0x000000008000009c (0xa001)
core   0: 3 0x000000008000009c (0xa001)
core   0: 3 0x000000008000009c (0xa001)
core   0: 3 0x000000008000009c (0xa001)
core   0: 3 0x000000008000009c (0xa001)
core   0: 3 0x000000008000009c (0xa001)
core   0: 3 0x000000008000009c (0xa001)
core   0: 3 0x000000008000009c (0xa001)
core   0: 3 0x000000008000009c (0xa001)
core   0: 3 0x000000008000009c (0xa001)
core   0: 3 0x000000008000009c (0xa001)
core   0: 3 0x000000008000009c (0xa001)
core   0: 3 0x000000008000009c (0xa001)
core   0: 3 0x000000008000009c (0xa001)
core   0: 3 0x000000008000009c (0xa001)
core   0: 3 0x000000008000009c (0xa001)
core   0: 3 0x000000008000009c (0xa001)
core   0: 3 0x000000008000009c (0xa001)
core   0: 3 0x000000008000009c (0xa001)
core   0: 3 0x000000008000009c (0xa001)
core   0: 3 0x000000008000009c (0xa001)
core   0: 3 0x000000008000009c (0xa001)
core   0: 3 0x000000008000009c (0xa001)
core   0: 3 0x000000008000009c (0xa001)
core   0: 3 0x000000008000009c (0xa001)
core   0: 3 0x000000008000009c (0xa001)
core   0: 3 0x000000008000009c (0xa001)
core   0: 3 0x000000008000009c (0xa001)
core   0: 3 0x000000008000009c (0xa001)
core   0: 3 0x000000008000009c (0xa001)
core   0: 3 0x000000008000009c (0xa001)
core   0: 3 0x000000008000009c (0xa001)
core   0: 3 0x000000008000009c (0xa001)
core   0: 3 0x000000008000009c (0xa001)
core   0: 3 0x000000008000009c (0xa001)
core   0: 3 0x000000008000009c (0xa001)
core   0: 3 0x000000008000009c (0xa001)
core   0: 3 0x000000008000009c (0xa001)
core   0: 3 0x000000008000009c (0xa001)
core   0: 3 0x000000008000009c (0xa001)
core   0: 3 0x000000008000009c (0xa001)
core   0: 3 0x000000008000009c (0xa001)
core   0: 3 0x000000008000009c (0xa001)
core   0: 3 0x000000008000009c (0xa001)
core   0: 3 0x000000008000009c (0xa001)
core   0: 3 0x000000008000009c (0xa001)
core   0: 3 0x000000008000009c (0xa001)
core   0: 3 0x000000008000009c (0xa001)
core   0: 3 0x000000008000009c (0xa001)
core   0: 3 0x000000008000009c (0xa001)
core   0: 3 0x000000008000009c (0xa001)
core   0: 3 0x000000008000009c (0xa001)
core   0: 3 0x000000008000009c (0xa001)
core   0: 3 0x000000008000009c (0xa001)
core   0: 3 0x000000008000009c (0xa001)
core   0: 3 0x000000008000009c (0xa001)
core   0: 3 0x000000008000009c (0xa001)
core   0: 3 0x000000008000009c (0xa001)
core   0: 3 0x000000008000009c (0xa001)
core   0: 3 0x000000008000009c (0xa001)
core   0: 3 0x000000008000009c (0xa001)
core   0: 3 0x000000008000009c (0xa001)
core   0: 3 0x000000008000009c (0xa001)
core   0: 3 0x000000008000009c (0xa001)
core   0: 3 0x000000008000009c (0xa001)
core   0: 3 0x000000008000009c (0xa001)
core   0: 3 0x000000008000009c (0xa001)
core   0: 3 0x000000008000009c (0xa001)
core   0: 3 0x000000008000009c (0xa001)
core   0: 3 0x000000008000009c (0xa001)
core   0: 3 0x000000008000009c (0xa001)
core   0: 3 0x000000008000009c (0xa001)
core   0: 3 0x000000008000009c (0xa001)
core   0: 3 0x000000008000009c (0xa001)
core   0: 3 0x000000008000009c (0xa001)
core   0: 3 0x000000008000009c (0xa001)
core   0: 3 0x000000008000009c (0xa001)
core   0: 3 0x000000008000009c (0xa001)
core   0: 3 0x000000008000009c (0xa001)
core   0: 3 0x000000008000009c (0xa001)
core   0: 3 0x000000008000009c (0xa001)
core   0: 3 0x000000008000009c (0xa001)
core   0: 3 0x000000008000009c (0xa001)
core   0: 3 0x000000008000009c (0xa001)
core   0: 3 0x000000008000009c (0xa001)
core   0: 3 0x000000008000009c (0xa001)
core   0: 3 0x000000008000009c (0xa001)
core   0: 3 0x000000008000009c (0xa001)
core   0: 3 0x000000008000009c (0xa001)
core   0: 3 0x000000008000009c (0xa001)
core   0: 3 0x000000008000009c (0xa001)
core   0: 3 0x000000008000009c (0xa001)
core   0: 3 0x000000008000009c (0xa001)
core   0: 3 0x000000008000009c (0xa001)
core   0: 3 0x000000008000009c (0xa001)
core   0: 3 0x000000008000009c (0xa001)
core   0: 3 0x000000008000009c (0xa001)
core   0: 3 0x000000008000009c (0xa001)
core   0: 3 0x000000008000009c (0xa001)
core   0: 3 0x000000008000009c (0xa001)
core   0: 3 0x000000008000009c (0xa001)
core   0: 3 0x000000008000009c (0xa001)
core   0: 3 0x000000008000009c (0xa001)
core   0: 3 0x000000008000009c (0xa001)
core   0: 3 0x000000008000009c (0xa001)
core   0: 3 0x000000008000009c (0xa001)
core   0: 3 0x000000008000009c (0xa001)
core   0: 3 0x000000008000009c (0xa001)
core   0: 3 0x000000008000009c (0xa001)
core   0: 3 0x000000008000009c (0xa001)
core   0: 3 0x000000008000009c (0xa001)
core   0: 3 0x000000008000009c (0xa001)
core   0: 3 0x000000008000009c (0xa001)
core   0: 3 0x000000008000009c (0xa001)
core   0: 3 0x000000008000009c (0xa001)
core   0: 3 0x000000008000009c (0xa001)
core   0: 3 0x000000008000009c (0xa001)
core   0: 3 0x000000008000009c (0xa001)
core   0: 3 0x000000008000009c (0xa001)
core   0: 3 0x000000008000009c (0xa001)
core   0: 3 0x000000008000009c (0xa001)
core   0: 3 0x000000008000009c (0xa001)
core   0: 3 0x000000008000009c (0xa001)
core   0: 3 0x000000008000009c (0xa001)
core   0: 3 0x000000008000009c (0xa001)
core   0: 3 0x000000008000009c (0xa001)
core   0: 3 0x000000008000009c (0xa001)
core   0: 3 0x000000008000009c (0xa001)
core   0: 3 0x000000008000009c (0xa001)
core   0: 3 0x000000008000009c (0xa001)
core   0: 3 0x000000008000009c (0xa001)
core   0: 3 0x000000008000009c (0xa001)
core   0: 3 0x000000008000009c (0xa001)
core   0: 3 0x000000008000009c (0xa001)
core   0: 3 0x000000008000009c (0xa001)
core   0: 3 0x000000008000009c (0xa001)
core   0: 3 0x000000008000009c (0xa001)
core   0: 3 0x000000008000009c (0xa001)
core   0: 3 0x000000008000009c (0xa001)
core   0: 3 0x000000008000009c (0xa001)
core   0: 3 0x000000008000009c (0xa001)
core   0: 3 0x000000008000009c (0xa001)
core   0: 3 0x000000008000009c (0xa001)
core   0: 3 0x000000008000009c (0xa001)
core   0: 3 0x000000008000009c (0xa001)
core   0: 3 0x000000008000009c (0xa001)
core   0: 3 0x000000008000009c (0xa001)
core   0: 3 0x000000008000009c (0xa001)
core   0: 3 0x000000008000009c (0xa001)
core   0: 3 0x000000008000009c (0xa001)
core   0: 3 0x000000008000009c (0xa001)
core   0: 3 0x000000008000009c (0xa001)
core   0: 3 0x000000008000009c (0xa001)
core   0: 3 0x000000008000009c (0xa001)
core   0: 3 0x000000008000009c (0xa001)
core   0: 3 0x000000008000009c (0xa001)
core   0: 3 0x000000008000009c (0xa001)
core   0: 3 0x000000008000009c (0xa001)
core   0: 3 0x000000008000009c (0xa001)
core   0: 3 0x000000008000009c (0xa001)
core   0: 3 0x000000008000009c (0xa001)
core   0: 3 0x000000008000009c (0xa001)
core   0: 3 0x000000008000009c (0xa001)
core   0: 3 0x000000008000009c (0xa001)
core   0: 3 0x000000008000009c (0xa001)
core   0: 3 0x000000008000009c (0xa001)
core   0: 3 0x000000008000009c (0xa001)
core   0: 3 0x000000008000009c (0xa001)
core   0: 3 0x000000008000009c (0xa001)
core   0: 3 0x000000008000009c (0xa001)
core   0: 3 0x000000008000009c (0xa001)
core   0: 3 0x000000008000009c (0xa001)
core   0: 3 0x000000008000009c (0xa001)
core   0: 3 0x000000008000009c (0xa001)
core   0: 3 0x000000008000009c (0xa001)
core   0: 3 0x000000008000009c (0xa001)
core   0: 3 0x000000008000009c (0xa001)
core   0: 3 0x000000008000009c (0xa001)
core   0: 3 0x000000008000009c (0xa001)
core   0: 3 0x000000008000009c (0xa001)
core   0: 3 0x000000008000009c (0xa001)
core   0: 3 0x000000008000009c (0xa001)
core   0: 3 0x000000008000009c (0xa001)
core   0: 3 0x000000008000009c (0xa001)
core   0: 3 0x000000008000009c (0xa001)
core   0: 3 0x000000008000009c (0xa001)
core   0: 3 0x000000008000009c (0xa001)
core   0: 3 0x000000008000009c (0xa001)
core   0: 3 0x000000008000009c (0xa001)
core   0: 3 0x000000008000009c (0xa001)
core   0: 3 0x000000008000009c (0xa001)
core   0: 3 0x000000008000009c (0xa001)
core   0: 3 0x000000008000009c (0xa001)
core   0: 3 0x000000008000009c (0xa001)
core   0: 3 0x000000008000009c (0xa001)
core   0: 3 0x000000008000009c (0xa001)
core   0: 3 0x000000008000009c (0xa001)
core   0: 3 0x000000008000009c (0xa001)
core   0: 3 0x000000008000009c (0xa001)
core   0: 3 0x000000008000009c (0xa001)
core   0: 3 0x000000008000009c (0xa001)
core   0: 3 0x000000008000009c (0xa001)
core   0: 3 0x000000008000009c (0xa001)
core   0: 3 0x000000008000009c (0xa001)
core   0: 3 0x000000008000009c (0xa001)
core   0: 3 0x000000008000009c (0xa001)
core   0: 3 0x000000008000009c (0xa001)
core   0: 3 0x000000008000009c (0xa001)
core   0: 3 0x000000008000009c (0xa001)
core   0: 3 0x000000008000009c (0xa001)
core   0: 3 0x000000008000009c (0xa001)
core   0: 3 0x000000008000009c (0xa001)
core   0: 3 0x000000008000009c (0xa001)
core   0: 3 0x000000008000009c (0xa001)
core   0: 3 0x000000008000009c (0xa001)
core   0: 3 0x000000008000009c (0xa001)
core   0: 3 0x000000008000009c (0xa001)
core   0: 3 0x000000008000009c (0xa001)
core   0: 3 0x000000008000009c (0xa001)
core   0: 3 0x000000008000009c (0xa001)
core   0: 3 0x000000008000009c (0xa001)
core   0: 3 0x000000008000009c (0xa001)
core   0: 3 0x000000008000009c (0xa001)
core   0: 3 0x000000008000009c (0xa001)
core   0: 3 0x000000008000009c (0xa001)
core   0: 3 0x000000008000009c (0xa001)
core   0: 3 0x000000008000009c (0xa001)
core   0: 3 0x000000008000009c (0xa001)
core   0: 3 0x000000008000009c (0xa001)
core   0: 3 0x000000008000009c (0xa001)
core   0: 3 0x000000008000009c (0xa001)
core   0: 3 0x000000008000009c (0xa001)
core   0: 3 0x000000008000009c (0xa001)
core   0: 3 0x000000008000009c (0xa001)
core   0: 3 0x000000008000009c (0xa001)
core   0: 3 0x000000008000009c (0xa001)
core   0: 3 0x000000008000009c (0xa001)
core   0: 3 0x000000008000009c (0xa001)
core   0: 3 0x000000008000009c (0xa001)
core   0: 3 0x000000008000009c (0xa001)
core   0: 3 0x000000008000009c (0xa001)
core   0: 3 0x000000008000009c (0xa001)
core   0: 3 0x000000008000009c (0xa001)
core   0: 3 0x000000008000009c (0xa001)
core   0: 3 0x000000008000009c (0xa001)
core   0: 3 0x000000008000009c (0xa001)
core   0: 3 0x000000008000009c (0xa001)
core   0: 3 0x000000008000009c (0xa001)
core   0: 3 0x000000008000009c (0xa001)
core   0: 3 0x000000008000009c (0xa001)
core   0: 3 0x000000008000009c (0xa001)
core   0: 3 0x000000008000009c (0xa001)
core   0: 3 0x000000008000009c (0xa001)
core   0: 3 0x000000008000009c (0xa001)
core   0: 3 0x000000008000009c (0xa001)
core   0: 3 0x000000008000009c (0xa001)
core   0: 3 0x000000008000009c (0xa001)
core   0: 3 0x000000008000009c (0xa001)
core   0: 3 0x000000008000009c (0xa001)
core   0: 3 0x000000008000009c (0xa001)
core   0: 3 0x000000008000009c (0xa001)
core   0: 3 0x000000008000009c (0xa001)
core   0: 3 0x000000008000009c (0xa001)
core   0: 3 0x000000008000009c (0xa001)
core   0: 3 0x000000008000009c (0xa001)
core   0: 3 0x000000008000009c (0xa001)
core   0: 3 0x000000008000009c (0xa001)
core   0: 3 0x000000008000009c (0xa001)
core   0: 3 0x000000008000009c (0xa001)
core   0: 3 0x000000008000009c (0xa001)
core   0: 3 0x000000008000009c (0xa001)
core   0: 3 0x000000008000009c (0xa001)
core   0: 3 0x000000008000009c (0xa001)
core   0: 3 0x000000008000009c (0xa001)
core   0: 3 0x000000008000009c (0xa001)
core   0: 3 0x000000008000009c (0xa001)
core   0: 3 0x000000008000009c (0xa001)
core   0: 3 0x000000008000009c (0xa001)
core   0: 3 0x000000008000009c (0xa001)
core   0: 3 0x000000008000009c (0xa001)
core   0: 3 0x000000008000009c (0xa001)
core   0: 3 0x000000008000009c (0xa001)
core   0: 3 0x000000008000009c (0xa001)
core   0: 3 0x000000008000009c (0xa001)
core   0: 3 0x000000008000009c (0xa001)
core   0: 3 0x000000008000009c (0xa001)
core   0: 3 0x000000008000009c (0xa001)
core   0: 3 0x000000008000009c (0xa001)
core   0: 3 0x000000008000009c (0xa001)
core   0: 3 0x000000008000009c (0xa001)
core   0: 3 0x000000008000009c (0xa001)
core   0: 3 0x000000008000009c (0xa001)
core   0: 3 0x000000008000009c (0xa001)
core   0: 3 0x000000008000009c (0xa001)
core   0: 3 0x000000008000009c (0xa001)
core   0: 3 0x000000008000009c (0xa001)
core   0: 3 0x000000008000009c (0xa001)
core   0: 3 0x000000008000009c (0xa001)
core   0: 3 0x000000008000009c (0xa001)
core   0: 3 0x000000008000009c (0xa001)
core   0: 3 0x000000008000009c (0xa001)
core   0: 3 0x000000008000009c (0xa001)
core   0: 3 0x000000008000009c (0xa001)
core   0: 3 0x000000008000009c (0xa001)
core   0: 3 0x000000008000009c (0xa001)
core   0: 3 0x000000008000009c (0xa001)
core   0: 3 0x000000008000009c (0xa001)
core   0: 3 0x000000008000009c (0xa001)
core   0: 3 0x000000008000009c (0xa001)
core   0: 3 0x000000008000009c (0xa001)
core   0: 3 0x000000008000009c (0xa001)
core   0: 3 0x000000008000009c (0xa001)
core   0: 3 0x000000008000009c (0xa001)
core   0: 3 0x000000008000009c (0xa001)
core   0: 3 0x000000008000009c (0xa001)
core   0: 3 0x000000008000009c (0xa001)
core   0: 3 0x000000008000009c (0xa001)
core   0: 3 0x000000008000009c (0xa001)
core   0: 3 0x000000008000009c (0xa001)
core   0: 3 0x000000008000009c (0xa001)
core   0: 3 0x000000008000009c (0xa001)
core   0: 3 0x000000008000009c (0xa001)
core   0: 3 0x000000008000009c (0xa001)
core   0: 3 0x000000008000009c (0xa001)
core   0: 3 0x000000008000009c (0xa001)
core   0: 3 0x000000008000009c (0xa001)
core   0: 3 0x000000008000009c (0xa001)
core   0: 3 0x000000008000009c (0xa001)
core   0: 3 0x000000008000009c (0xa001)
core   0: 3 0x000000008000009c (0xa001)
core   0: 3 0x000000008000009c (0xa001)
core   0: 3 0x000000008000009c (0xa001)
core   0: 3 0x000000008000009c (0xa001)
core   0: 3 0x000000008000009c (0xa001)
core   0: 3 0x000000008000009c (0xa001)
core   0: 3 0x000000008000009c (0xa001)
core   0: 3 0x000000008000009c (0xa001)
core   0: 3 0x000000008000009c (0xa001)
core   0: 3 0x000000008000009c (0xa001)
core   0: 3 0x000000008000009c (0xa001)
core   0: 3 0x000000008000009c (0xa001)
core   0: 3 0x000000008000009c (0xa001)
core   0: 3 0x000000008000009c (0xa001)
core   0: 3 0x000000008000009c (0xa001)
core   0: 3 0x000000008000009c (0xa001)
core   0: 3 0x000000008000009c (0xa001)
core   0: 3 0x000000008000009c (0xa001)
core   0: 3 0x000000008000009c (0xa001)
core   0: 3 0x000000008000009c (0xa001)
core   0: 3 0x000000008000009c (0xa001)
core   0: 3 0x000000008000009c (0xa001)
core   0: 3 0x000000008000009c (0xa001)
core   0: 3 0x000000008000009c (0xa001)
core   0: 3 0x000000008000009c (0xa001)
core   0: 3 0x000000008000009c (0xa001)
core   0: 3 0x000000008000009c (0xa001)
core   0: 3 0x000000008000009c (0xa001)
core   0: 3 0x000000008000009c (0xa001)
core   0: 3 0x000000008000009c (0xa001)
core   0: 3 0x000000008000009c (0xa001)
core   0: 3 0x000000008000009c (0xa001)
core   0: 3 0x000000008000009c (0xa001)
core   0: 3 0x000000008000009c (0xa001)
core   0: 3 0x000000008000009c (0xa001)
core   0: 3 0x000000008000009c (0xa001)
core   0: 3 0x000000008000009c (0xa001)
core   0: 3 0x000000008000009c (0xa001)
core   0: 3 0x000000008000009c (0xa001)
core   0: 3 0x000000008000009c (0xa001)
core   0: 3 0x000000008000009c (0xa001)
core   0: 3 0x000000008000009c (0xa001)
core   0: 3 0x000000008000009c (0xa001)
core   0: 3 0x000000008000009c (0xa001)
core   0: 3 0x000000008000009c (0xa001)
core   0: 3 0x000000008000009c (0xa001)
core   0: 3 0x000000008000009c (0xa001)
core   0: 3 0x000000008000009c (0xa001)
core   0: 3 0x000000008000009c (0xa001)
core   0: 3 0x000000008000009c (0xa001)
core   0: 3 0x000000008000009c (0xa001)
core   0: 3 0x000000008000009c (0xa001)
core   0: 3 0x000000008000009c (0xa001)
core   0: 3 0x000000008000009c (0xa001)
core   0: 3 0x000000008000009c (0xa001)
core   0: 3 0x000000008000009c (0xa001)
core   0: 3 0x000000008000009c (0xa001)
core   0: 3 0x000000008000009c (0xa001)
core   0: 3 0x000000008000009c (0xa001)
core   0: 3 0x000000008000009c (0xa001)
core   0: 3 0x000000008000009c (0xa001)
core   0: 3 0x000000008000009c (0xa001)
core   0: 3 0x000000008000009c (0xa001)
core   0: 3 0x000000008000009c (0xa001)
core   0: 3 0x000000008000009c (0xa001)
core   0: 3 0x000000008000009c (0xa001)
core   0: 3 0x000000008000009c (0xa001)
core   0: 3 0x000000008000009c (0xa001)
core   0: 3 0x000000008000009c (0xa001)
core   0: 3 0x000000008000009c (0xa001)
core   0: 3 0x000000008000009c (0xa001)
core   0: 3 0x000000008000009c (0xa001)
core   0: 3 0x000000008000009c (0xa001)
core   0: 3 0x000000008000009c (0xa001)
core   0: 3 0x000000008000009c (0xa001)
core   0: 3 0x000000008000009c (0xa001)
core   0: 3 0x000000008000009c (0xa001)
core   0: 3 0x000000008000009c (0xa001)
core   0: 3 0x000000008000009c (0xa001)
core   0: 3 0x000000008000009c (0xa001)
core   0: 3 0x000000008000009c (0xa001)
core   0: 3 0x000000008000009c (0xa001)
core   0: 3 0x000000008000009c (0xa001)
core   0: 3 0x000000008000009c (0xa001)
core   0: 3 0x000000008000009c (0xa001)
core   0: 3 0x000000008000009c (0xa001)
core   0: 3 0x000000008000009c (0xa001)
core   0: 3 0x000000008000009c (0xa001)
core   0: 3 0x000000008000009c (0xa001)
core   0: 3 0x000000008000009c (0xa001)
core   0: 3 0x000000008000009c (0xa001)
core   0: 3 0x000000008000009c (0xa001)
core   0: 3 0x000000008000009c (0xa001)
core   0: 3 0x000000008000009c (0xa001)
core   0: 3 0x000000008000009c (0xa001)
core   0: 3 0x000000008000009c (0xa001)
core   0: 3 0x000000008000009c (0xa001)
core   0: 3 0x000000008000009c (0xa001)
core   0: 3 0x000000008000009c (0xa001)
core   0: 3 0x000000008000009c (0xa001)
core   0: 3 0x000000008000009c (0xa001)
core   0: 3 0x000000008000009c (0xa001)
core   0: 3 0x000000008000009c (0xa001)
core   0: 3 0x000000008000009c (0xa001)
core   0: 3 0x000000008000009c (0xa001)
core   0: 3 0x000000008000009c (0xa001)
core   0: 3 0x000000008000009c (0xa001)
core   0: 3 0x000000008000009c (0xa001)
core   0: 3 0x000000008000009c (0xa001)
core   0: 3 0x000000008000009c (0xa001)
core   0: 3 0x000000008000009c (0xa001)
core   0: 3 0x000000008000009c (0xa001)
core   0: 3 0x000000008000009c (0xa001)
core   0: 3 0x000000008000009c (0xa001)
core   0: 3 0x000000008000009c (0xa001)
core   0: 3 0x000000008000009c (0xa001)
core   0: 3 0x000000008000009c (0xa001)
core   0: 3 0x000000008000009c (0xa001)
core   0: 3 0x000000008000009c (0xa001)
core   0: 3 0x000000008000009c (0xa001)
core   0: 3 0x000000008000009c (0xa001)
core   0: 3 0x000000008000009c (0xa001)
core   0: 3 0x000000008000009c (0xa001)
core   0: 3 0x000000008000009c (0xa001)
core   0: 3 0x000000008000009c (0xa001)
core   0: 3 0x000000008000009c (0xa001)
core   0: 3 0x000000008000009c (0xa001)
core   0: 3 0x000000008000009c (0xa001)
core   0: 3 0x000000008000009c (0xa001)
core   0: 3 0x000000008000009c (0xa001)
core   0: 3 0x000000008000009c (0xa001)
core   0: 3 0x000000008000009c (0xa001)
core   0: 3 0x000000008000009c (0xa001)
core   0: 3 0x000000008000009c (0xa001)
core   0: 3 0x000000008000009c (0xa001)
core   0: 3 0x000000008000009c (0xa001)
core   0: 3 0x000000008000009c (0xa001)
core   0: 3 0x000000008000009c (0xa001)
core   0: 3 0x000000008000009c (0xa001)
core   0: 3 0x000000008000009c (0xa001)
core   0: 3 0x000000008000009c (0xa001)
core   0: 3 0x000000008000009c (0xa001)
core   0: 3 0x000000008000009c (0xa001)
core   0: 3 0x000000008000009c (0xa001)
core   0: 3 0x000000008000009c (0xa001)
core   0: 3 0x000000008000009c (0xa001)
core   0: 3 0x000000008000009c (0xa001)
core   0: 3 0x000000008000009c (0xa001)
core   0: 3 0x000000008000009c (0xa001)
core   0: 3 0x000000008000009c (0xa001)
core   0: 3 0x000000008000009c (0xa001)
core   0: 3 0x000000008000009c (0xa001)
core   0: 3 0x000000008000009c (0xa001)
core   0: 3 0x000000008000009c (0xa001)
core   0: 3 0x000000008000009c (0xa001)
core   0: 3 0x000000008000009c (0xa001)
core   0: 3 0x000000008000009c (0xa001)
core   0: 3 0x000000008000009c (0xa001)
core   0: 3 0x000000008000009c (0xa001)
core   0: 3 0x000000008000009c (0xa001)
core   0: 3 0x000000008000009c (0xa001)
core   0: 3 0x000000008000009c (0xa001)
core   0: 3 0x000000008000009c (0xa001)
core   0: 3 0x000000008000009c (0xa001)
core   0: 3 0x000000008000009c (0xa001)
core   0: 3 0x000000008000009c (0xa001)
core   0: 3 0x000000008000009c (0xa001)
core   0: 3 0x000000008000009c (0xa001)
core   0: 3 0x000000008000009c (0xa001)
core   0: 3 0x000000008000009c (0xa001)
core   0: 3 0x000000008000009c (0xa001)
core   0: 3 0x000000008000009c (0xa001)
core   0: 3 0x000000008000009c (0xa001)
core   0: 3 0x000000008000009c (0xa001)
core   0: 3 0x000000008000009c (0xa001)
core   0: 3 0x000000008000009c (0xa001)
core   0: 3 0x000000008000009c (0xa001)
core   0: 3 0x000000008000009c (0xa001)
core   0: 3 0x000000008000009c (0xa001)
core   0: 3 0x000000008000009c (0xa001)
core   0: 3 0x000000008000009c (0xa001)
core   0: 3 0x000000008000009c (0xa001)
core   0: 3 0x000000008000009c (0xa001)
core   0: 3 0x000000008000009c (0xa001)
core   0: 3 0x000000008000009c (0xa001)
core   0: 3 0x000000008000009c (0xa001)
core   0: 3 0x000000008000009c (0xa001)
core   0: 3 0x000000008000009c (0xa001)
core   0: 3 0x000000008000009c (0xa001)
core   0: 3 0x000000008000009c (0xa001)
core   0: 3 0x000000008000009c (0xa001)
core   0: 3 0x000000008000009c (0xa001)
core   0: 3 0x000000008000009c (0xa001)
core   0: 3 0x000000008000009c (0xa001)
core   0: 3 0x000000008000009c (0xa001)
core   0: 3 0x000000008000009c (0xa001)
core   0: 3 0x000000008000009c (0xa001)
core   0: 3 0x000000008000009c (0xa001)
core   0: 3 0x000000008000009c (0xa001)
core   0: 3 0x000000008000009c (0xa001)
core   0: 3 0x000000008000009c (0xa001)
core   0: 3 0x000000008000009c (0xa001)
core   0: 3 0x000000008000009c (0xa001)
core   0: 3 0x000000008000009c (0xa001)
core   0: 3 0x000000008000009c (0xa001)
core   0: 3 0x000000008000009c (0xa001)
core   0: 3 0x000000008000009c (0xa001)
core   0: 3 0x000000008000009c (0xa001)
core   0: 3 0x000000008000009c (0xa001)
core   0: 3 0x000000008000009c (0xa001)
core   0: 3 0x000000008000009c (0xa001)
core   0: 3 0x000000008000009c (0xa001)
core   0: 3 0x000000008000009c (0xa001)
core   0: 3 0x000000008000009c (0xa001)
core   0: 3 0x000000008000009c (0xa001)
core   0: 3 0x000000008000009c (0xa001)
core   0: 3 0x000000008000009c (0xa001)
core   0: 3 0x000000008000009c (0xa001)
core   0: 3 0x000000008000009c (0xa001)
core   0: 3 0x000000008000009c (0xa001)
core   0: 3 0x000000008000009c (0xa001)
core   0: 3 0x000000008000009c (0xa001)
core   0: 3 0x000000008000009c (0xa001)
core   0: 3 0x000000008000009c (0xa001)
core   0: 3 0x000000008000009c (0xa001)
core   0: 3 0x000000008000009c (0xa001)
core   0: 3 0x000000008000009c (0xa001)
core   0: 3 0x000000008000009c (0xa001)
core   0: 3 0x000000008000009c (0xa001)
core   0: 3 0x000000008000009c (0xa001)
core   0: 3 0x000000008000009c (0xa001)
core   0: 3 0x000000008000009c (0xa001)
core   0: 3 0x000000008000009c (0xa001)
core   0: 3 0x000000008000009c (0xa001)
core   0: 3 0x000000008000009c (0xa001)
core   0: 3 0x000000008000009c (0xa001)
core   0: 3 0x000000008000009c (0xa001)
core   0: 3 0x000000008000009c (0xa001)
core   0: 3 0x000000008000009c (0xa001)
core   0: 3 0x000000008000009c (0xa001)
core   0: 3 0x000000008000009c (0xa001)
core   0: 3 0x000000008000009c (0xa001)
core   0: 3 0x000000008000009c (0xa001)
core   0: 3 0x000000008000009c (0xa001)
core   0: 3 0x000000008000009c (0xa001)
core   0: 3 0x000000008000009c (0xa001)
core   0: 3 0x000000008000009c (0xa001)
core   0: 3 0x000000008000009c (0xa001)
core   0: 3 0x000000008000009c (0xa001)
core   0: 3 0x000000008000009c (0xa001)
core   0: 3 0x000000008000009c (0xa001)
core   0: 3 0x000000008000009c (0xa001)
core   0: 3 0x000000008000009c (0xa001)
core   0: 3 0x000000008000009c (0xa001)
core   0: 3 0x000000008000009c (0xa001)
core   0: 3 0x000000008000009c (0xa001)
core   0: 3 0x000000008000009c (0xa001)
core   0: 3 0x000000008000009c (0xa001)
core   0: 3 0x000000008000009c (0xa001)
core   0: 3 0x000000008000009c (0xa001)
core   0: 3 0x000000008000009c (0xa001)
core   0: 3 0x000000008000009c (0xa001)
core   0: 3 0x000000008000009c (0xa001)
core   0: 3 0x000000008000009c (0xa001)
core   0: 3 0x000000008000009c (0xa001)
core   0: 3 0x000000008000009c (0xa001)
core   0: 3 0x000000008000009c (0xa001)
core   0: 3 0x000000008000009c (0xa001)
core   0: 3 0x000000008000009c (0xa001)
core   0: 3 0x000000008000009c (0xa001)
core   0: 3 0x000000008000009c (0xa001)
core   0: 3 0x000000008000009c (0xa001)
core   0: 3 0x000000008000009c (0xa001)
core   0: 3 0x000000008000009c (0xa001)
core   0: 3 0x000000008000009c (0xa001)
core   0: 3 0x000000008000009c (0xa001)
core   0: 3 0x000000008000009c (0xa001)
core   0: 3 0x000000008000009c (0xa001)
core   0: 3 0x000000008000009c (0xa001)
core   0: 3 0x000000008000009c (0xa001)
core   0: 3 0x000000008000009c (0xa001)
core   0: 3 0x000000008000009c (0xa001)
core   0: 3 0x000000008000009c (0xa001)
core   0: 3 0x000000008000009c (0xa001)
core   0: 3 0x000000008000009c (0xa001)
core   0: 3 0x000000008000009c (0xa001)
core   0: 3 0x000000008000009c (0xa001)
core   0: 3 0x000000008000009c (0xa001)
core   0: 3 0x000000008000009c (0xa001)
core   0: 3 0x000000008000009c (0xa001)
core   0: 3 0x000000008000009c (0xa001)
core   0: 3 0x000000008000009c (0xa001)
core   0: 3 0x000000008000009c (0xa001)
core   0: 3 0x000000008000009c (0xa001)
core   0: 3 0x000000008000009c (0xa001)
core   0: 3 0x000000008000009c (0xa001)
core   0: 3 0x000000008000009c (0xa001)
core   0: 3 0x000000008000009c (0xa001)
core   0: 3 0x000000008000009c (0xa001)
core   0: 3 0x000000008000009c (0xa001)
core   0: 3 0x000000008000009c (0xa001)
core   0: 3 0x000000008000009c (0xa001)
core   0: 3 0x000000008000009c (0xa001)
core   0: 3 0x000000008000009c (0xa001)
core   0: 3 0x000000008000009c (0xa001)
core   0: 3 0x000000008000009c (0xa001)
core   0: 3 0x000000008000009c (0xa001)
core   0: 3 0x000000008000009c (0xa001)
core   0: 3 0x000000008000009c (0xa001)
core   0: 3 0x000000008000009c (0xa001)
core   0: 3 0x000000008000009c (0xa001)
core   0: 3 0x000000008000009c (0xa001)
core   0: 3 0x000000008000009c (0xa001)
core   0: 3 0x000000008000009c (0xa001)
core   0: 3 0x000000008000009c (0xa001)
core   0: 3 0x000000008000009c (0xa001)
core   0: 3 0x000000008000009c (0xa001)
core   0: 3 0x000000008000009c (0xa001)
core   0: 3 0x000000008000009c (0xa001)
core   0: 3 0x000000008000009c (0xa001)
core   0: 3 0x000000008000009c (0xa001)
core   0: 3 0x000000008000009c (0xa001)
core   0: 3 0x000000008000009c (0xa001)
core   0: 3 0x000000008000009c (0xa001)
core   0: 3 0x000000008000009c (0xa001)
core   0: 3 0x000000008000009c (0xa001)
core   0: 3 0x000000008000009c (0xa001)
core   0: 3 0x000000008000009c (0xa001)
core   0: 3 0x000000008000009c (0xa001)
core   0: 3 0x000000008000009c (0xa001)
core   0: 3 0x000000008000009c (0xa001)
core   0: 3 0x000000008000009c (0xa001)
core   0: 3 0x000000008000009c (0xa001)
core   0: 3 0x000000008000009c (0xa001)
core   0: 3 0x000000008000009c (0xa001)
core   0: 3 0x000000008000009c (0xa001)
core   0: 3 0x000000008000009c (0xa001)
core   0: 3 0x000000008000009c (0xa001)
core   0: 3 0x000000008000009c (0xa001)
core   0: 3 0x000000008000009c (0xa001)
core   0: 3 0x000000008000009c (0xa001)
core   0: 3 0x000000008000009c (0xa001)
core   0: 3 0x000000008000009c (0xa001)
core   0: 3 0x000000008000009c (0xa001)
core   0: 3 0x000000008000009c (0xa001)
core   0: 3 0x000000008000009c (0xa001)
core   0: 3 0x000000008000009c (0xa001)
core   0: 3 0x000000008000009c (0xa001)
core   0: 3 0x000000008000009c (0xa001)
core   0: 3 0x000000008000009c (0xa001)
core   0: 3 0x000000008000009c (0xa001)
core   0: 3 0x000000008000009c (0xa001)
core   0: 3 0x000000008000009c (0xa001)
core   0: 3 0x000000008000009c (0xa001)
core   0: 3 0x000000008000009c (0xa001)
core   0: 3 0x000000008000009c (0xa001)
core   0: 3 0x000000008000009c (0xa001)
core   0: 3 0x000000008000009c (0xa001)
core   0: 3 0x000000008000009c (0xa001)
core   0: 3 0x000000008000009c (0xa001)
core   0: 3 0x000000008000009c (0xa001)
core   0: 3 0x000000008000009c (0xa001)
core   0: 3 0x000000008000009c (0xa001)
core   0: 3 0x000000008000009c (0xa001)
core   0: 3 0x000000008000009c (0xa001)
core   0: 3 0x000000008000009c (0xa001)
core   0: 3 0x000000008000009c (0xa001)
core   0: 3 0x000000008000009c (0xa001)
core   0: 3 0x000000008000009c (0xa001)
core   0: 3 0x000000008000009c (0xa001)
core   0: 3 0x000000008000009c (0xa001)
core   0: 3 0x000000008000009c (0xa001)
core   0: 3 0x000000008000009c (0xa001)
core   0: 3 0x000000008000009c (0xa001)
core   0: 3 0x000000008000009c (0xa001)
core   0: 3 0x000000008000009c (0xa001)
core   0: 3 0x000000008000009c (0xa001)
core   0: 3 0x000000008000009c (0xa001)
core   0: 3 0x000000008000009c (0xa001)
core   0: 3 0x000000008000009c (0xa001)
core   0: 3 0x000000008000009c (0xa001)
core   0: 3 0x000000008000009c (0xa001)
core   0: 3 0x000000008000009c (0xa001)
core   0: 3 0x000000008000009c (0xa001)
core   0: 3 0x000000008000009c (0xa001)
core   0: 3 0x000000008000009c (0xa001)
core   0: 3 0x000000008000009c (0xa001)
core   0: 3 0x000000008000009c (0xa001)
core   0: 3 0x000000008000009c (0xa001)
core   0: 3 0x000000008000009c (0xa001)
core   0: 3 0x000000008000009c (0xa001)
core   0: 3 0x000000008000009c (0xa001)
core   0: 3 0x000000008000009c (0xa001)
core   0: 3 0x000000008000009c (0xa001)
core   0: 3 0x000000008000009c (0xa001)
core   0: 3 0x000000008000009c (0xa001)
core   0: 3 0x000000008000009c (0xa001)
core   0: 3 0x000000008000009c (0xa001)
core   0: 3 0x000000008000009c (0xa001)
core   0: 3 0x000000008000009c (0xa001)
core   0: 3 0x000000008000009c (0xa001)
core   0: 3 0x000000008000009c (0xa001)
core   0: 3 0x000000008000009c (0xa001)
core   0: 3 0x000000008000009c (0xa001)
core   0: 3 0x000000008000009c (0xa001)
core   0: 3 0x000000008000009c (0xa001)
core   0: 3 0x000000008000009c (0xa001)
core   0: 3 0x000000008000009c (0xa001)
core   0: 3 0x000000008000009c (0xa001)
core   0: 3 0x000000008000009c (0xa001)
core   0: 3 0x000000008000009c (0xa001)
core   0: 3 0x000000008000009c (0xa001)
core   0: 3 0x000000008000009c (0xa001)
core   0: 3 0x000000008000009c (0xa001)
core   0: 3 0x000000008000009c (0xa001)
core   0: 3 0x000000008000009c (0xa001)
core   0: 3 0x000000008000009c (0xa001)
core   0: 3 0x000000008000009c (0xa001)
core   0: 3 0x000000008000009c (0xa001)
core   0: 3 0x000000008000009c (0xa001)
core   0: 3 0x000000008000009c (0xa001)
core   0: 3 0x000000008000009c (0xa001)
core   0: 3 0x000000008000009c (0xa001)
core   0: 3 0x000000008000009c (0xa001)
core   0: 3 0x000000008000009c (0xa001)
core   0: 3 0x000000008000009c (0xa001)
core   0: 3 0x000000008000009c (0xa001)
core   0: 3 0x000000008000009c (0xa001)
core   0: 3 0x000000008000009c (0xa001)
core   0: 3 0x000000008000009c (0xa001)
core   0: 3 0x000000008000009c (0xa001)
core   0: 3 0x000000008000009c (0xa001)
core   0: 3 0x000000008000009c (0xa001)
core   0: 3 0x000000008000009c (0xa001)
core   0: 3 0x000000008000009c (0xa001)
core   0: 3 0x000000008000009c (0xa001)
core   0: 3 0x000000008000009c (0xa001)
core   0: 3 0x000000008000009c (0xa001)
core   0: 3 0x000000008000009c (0xa001)
core   0: 3 0x000000008000009c (0xa001)
core   0: 3 0x000000008000009c (0xa001)
core   0: 3 0x000000008000009c (0xa001)
core   0: 3 0x000000008000009c (0xa001)
core   0: 3 0x000000008000009c (0xa001)
core   0: 3 0x000000008000009c (0xa001)
core   0: 3 0x000000008000009c (0xa001)
core   0: 3 0x000000008000009c (0xa001)
core   0: 3 0x000000008000009c (0xa001)
core   0: 3 0x000000008000009c (0xa001)
core   0: 3 0x000000008000009c (0xa001)
core   0: 3 0x000000008000009c (0xa001)
core   0: 3 0x000000008000009c (0xa001)
core   0: 3 0x000000008000009c (0xa001)
core   0: 3 0x000000008000009c (0xa001)
core   0: 3 0x000000008000009c (0xa001)
core   0: 3 0x000000008000009c (0xa001)
core   0: 3 0x000000008000009c (0xa001)
core   0: 3 0x000000008000009c (0xa001)
core   0: 3 0x000000008000009c (0xa001)
core   0: 3 0x000000008000009c (0xa001)
core   0: 3 0x000000008000009c (0xa001)
core   0: 3 0x000000008000009c (0xa001)
core   0: 3 0x000000008000009c (0xa001)
core   0: 3 0x000000008000009c (0xa001)
core   0: 3 0x000000008000009c (0xa001)
core   0: 3 0x000000008000009c (0xa001)
core   0: 3 0x000000008000009c (0xa001)
core   0: 3 0x000000008000009c (0xa001)
core   0: 3 0x000000008000009c (0xa001)
core   0: 3 0x000000008000009c (0xa001)
core   0: 3 0x000000008000009c (0xa001)
core   0: 3 0x000000008000009c (0xa001)
core   0: 3 0x000000008000009c (0xa001)
core   0: 3 0x000000008000009c (0xa001)
core   0: 3 0x000000008000009c (0xa001)
core   0: 3 0x000000008000009c (0xa001)
core   0: 3 0x000000008000009c (0xa001)
core   0: 3 0x000000008000009c (0xa001)
core   0: 3 0x000000008000009c (0xa001)
core   0: 3 0x000000008000009c (0xa001)
core   0: 3 0x000000008000009c (0xa001)
core   0: 3 0x000000008000009c (0xa001)
core   0: 3 0x000000008000009c (0xa001)
core   0: 3 0x000000008000009c (0xa001)
core   0: 3 0x000000008000009c (0xa001)
core   0: 3 0x000000008000009c (0xa001)
core   0: 3 0x000000008000009c (0xa001)
core   0: 3 0x000000008000009c (0xa001)
core   0: 3 0x000000008000009c (0xa001)
core   0: 3 0x000000008000009c (0xa001)
core   0: 3 0x000000008000009c (0xa001)
core   0: 3 0x000000008000009c (0xa001)
core   0: 3 0x000000008000009c (0xa001)
core   0: 3 0x000000008000009c (0xa001)
core   0: 3 0x000000008000009c (0xa001)
core   0: 3 0x000000008000009c (0xa001)
core   0: 3 0x000000008000009c (0xa001)
core   0: 3 0x000000008000009c (0xa001)
core   0: 3 0x000000008000009c (0xa001)
core   0: 3 0x000000008000009c (0xa001)
core   0: 3 0x000000008000009c (0xa001)
core   0: 3 0x000000008000009c (0xa001)
core   0: 3 0x000000008000009c (0xa001)
core   0: 3 0x000000008000009c (0xa001)
core   0: 3 0x000000008000009c (0xa001)
core   0: 3 0x000000008000009c (0xa001)
core   0: 3 0x000000008000009c (0xa001)
core   0: 3 0x000000008000009c (0xa001)
core   0: 3 0x000000008000009c (0xa001)
core   0: 3 0x000000008000009c (0xa001)
core   0: 3 0x000000008000009c (0xa001)
core   0: 3 0x000000008000009c (0xa001)
core   0: 3 0x000000008000009c (0xa001)
core   0: 3 0x000000008000009c (0xa001)
core   0: 3 0x000000008000009c (0xa001)
core   0: 3 0x000000008000009c (0xa001)
core   0: 3 0x000000008000009c (0xa001)
core   0: 3 0x000000008000009c (0xa001)
core   0: 3 0x000000008000009c (0xa001)
core   0: 3 0x000000008000009c (0xa001)
core   0: 3 0x000000008000009c (0xa001)
core   0: 3 0x000000008000009c (0xa001)
core   0: 3 0x000000008000009c (0xa001)
core   0: 3 0x000000008000009c (0xa001)
core   0: 3 0x000000008000009c (0xa001)
core   0: 3 0x000000008000009c (0xa001)
core   0: 3 0x000000008000009c (0xa001)
core   0: 3 0x000000008000009c (0xa001)
core   0: 3 0x000000008000009c (0xa001)
core   0: 3 0x000000008000009c (0xa001)
core   0: 3 0x000000008000009c (0xa001)
core   0: 3 0x000000008000009c (0xa001)
core   0: 3 0x000000008000009c (0xa001)
core   0: 3 0x000000008000009c (0xa001)
core   0: 3 0x000000008000009c (0xa001)
core   0: 3 0x000000008000009c (0xa001)
core   0: 3 0x000000008000009c (0xa001)
core   0: 3 0x000000008000009c (0xa001)
core   0: 3 0x000000008000009c (0xa001)
core   0: 3 0x000000008000009c (0xa001)
core   0: 3 0x000000008000009c (0xa001)
core   0: 3 0x000000008000009c (0xa001)
core   0: 3 0x000000008000009c (0xa001)
core   0: 3 0x000000008000009c (0xa001)
core   0: 3 0x000000008000009c (0xa001)
core   0: 3 0x000000008000009c (0xa001)
core   0: 3 0x000000008000009c (0xa001)
core   0: 3 0x000000008000009c (0xa001)
core   0: 3 0x000000008000009c (0xa001)
core   0: 3 0x000000008000009c (0xa001)
core   0: 3 0x000000008000009c (0xa001)
core   0: 3 0x000000008000009c (0xa001)
core   0: 3 0x000000008000009c (0xa001)
core   0: 3 0x000000008000009c (0xa001)
core   0: 3 0x000000008000009c (0xa001)
core   0: 3 0x000000008000009c (0xa001)
core   0: 3 0x000000008000009c (0xa001)
core   0: 3 0x000000008000009c (0xa001)
core   0: 3 0x000000008000009c (0xa001)
core   0: 3 0x000000008000009c (0xa001)
core   0: 3 0x000000008000009c (0xa001)
core   0: 3 0x000000008000009c (0xa001)
core   0: 3 0x000000008000009c (0xa001)
core   0: 3 0x000000008000009c (0xa001)
core   0: 3 0x000000008000009c (0xa001)
core   0: 3 0x000000008000009c (0xa001)
core   0: 3 0x000000008000009c (0xa001)
core   0: 3 0x000000008000009c (0xa001)
core   0: 3 0x000000008000009c (0xa001)
core   0: 3 0x000000008000009c (0xa001)
core   0: 3 0x000000008000009c (0xa001)
core   0: 3 0x000000008000009c (0xa001)
core   0: 3 0x000000008000009c (0xa001)
core   0: 3 0x000000008000009c (0xa001)
core   0: 3 0x000000008000009c (0xa001)
core   0: 3 0x000000008000009c (0xa001)
core   0: 3 0x000000008000009c (0xa001)
core   0: 3 0x000000008000009c (0xa001)
core   0: 3 0x000000008000009c (0xa001)
core   0: 3 0x000000008000009c (0xa001)
core   0: 3 0x000000008000009c (0xa001)
core   0: 3 0x000000008000009c (0xa001)
core   0: 3 0x000000008000009c (0xa001)
core   0: 3 0x000000008000009c (0xa001)
core   0: 3 0x000000008000009c (0xa001)
core   0: 3 0x000000008000009c (0xa001)
core   0: 3 0x000000008000009c (0xa001)
core   0: 3 0x000000008000009c (0xa001)
core   0: 3 0x000000008000009c (0xa001)
core   0: 3 0x000000008000009c (0xa001)
core   0: 3 0x000000008000009c (0xa001)
core   0: 3 0x000000008000009c (0xa001)
core   0: 3 0x000000008000009c (0xa001)
core   0: 3 0x000000008000009c (0xa001)
core   0: 3 0x000000008000009c (0xa001)
core   0: 3 0x000000008000009c (0xa001)
core   0: 3 0x000000008000009c (0xa001)
core   0: 3 0x000000008000009c (0xa001)
core   0: 3 0x000000008000009c (0xa001)
core   0: 3 0x000000008000009c (0xa001)
core   0: 3 0x000000008000009c (0xa001)
core   0: 3 0x000000008000009c (0xa001)
core   0: 3 0x000000008000009c (0xa001)
core   0: 3 0x000000008000009c (0xa001)
core   0: 3 0x000000008000009c (0xa001)
core   0: 3 0x000000008000009c (0xa001)
core   0: 3 0x000000008000009c (0xa001)
core   0: 3 0x000000008000009c (0xa001)
core   0: 3 0x000000008000009c (0xa001)
core   0: 3 0x000000008000009c (0xa001)
core   0: 3 0x000000008000009c (0xa001)
core   0: 3 0x000000008000009c (0xa001)
core   0: 3 0x000000008000009c (0xa001)
core   0: 3 0x000000008000009c (0xa001)
core   0: 3 0x000000008000009c (0xa001)
core   0: 3 0x000000008000009c (0xa001)
core   0: 3 0x000000008000009c (0xa001)
core   0: 3 0x000000008000009c (0xa001)
core   0: 3 0x000000008000009c (0xa001)
core   0: 3 0x000000008000009c (0xa001)
core   0: 3 0x000000008000009c (0xa001)
core   0: 3 0x000000008000009c (0xa001)
core   0: 3 0x000000008000009c (0xa001)
core   0: 3 0x000000008000009c (0xa001)
core   0: 3 0x000000008000009c (0xa001)
core   0: 3 0x000000008000009c (0xa001)
core   0: 3 0x000000008000009c (0xa001)
core   0: 3 0x000000008000009c (0xa001)
core   0: 3 0x000000008000009c (0xa001)
core   0: 3 0x000000008000009c (0xa001)
core   0: 3 0x000000008000009c (0xa001)
core   0: 3 0x000000008000009c (0xa001)
core   0: 3 0x000000008000009c (0xa001)
core   0: 3 0x000000008000009c (0xa001)
core   0: 3 0x000000008000009c (0xa001)
core   0: 3 0x000000008000009c (0xa001)
core   0: 3 0x000000008000009c (0xa001)
core   0: 3 0x000000008000009c (0xa001)
core   0: 3 0x000000008000009c (0xa001)
core   0: 3 0x000000008000009c (0xa001)
core   0: 3 0x000000008000009c (0xa001)
core   0: 3 0x000000008000009c (0xa001)
core   0: 3 0x000000008000009c (0xa001)
core   0: 3 0x000000008000009c (0xa001)
core   0: 3 0x000000008000009c (0xa001)
core   0: 3 0x000000008000009c (0xa001)
core   0: 3 0x000000008000009c (0xa001)
core   0: 3 0x000000008000009c (0xa001)
core   0: 3 0x000000008000009c (0xa001)
core   0: 3 0x000000008000009c (0xa001)
core   0: 3 0x000000008000009c (0xa001)
core   0: 3 0x000000008000009c (0xa001)
core   0: 3 0x000000008000009c (0xa001)
core   0: 3 0x000000008000009c (0xa001)
core   0: 3 0x000000008000009c (0xa001)
core   0: 3 0x000000008000009c (0xa001)
core   0: 3 0x000000008000009c (0xa001)
core   0: 3 0x000000008000009c (0xa001)
core   0: 3 0x000000008000009c (0xa001)
core   0: 3 0x000000008000009c (0xa001)
core   0: 3 0x000000008000009c (0xa001)
core   0: 3 0x000000008000009c (0xa001)
core   0: 3 0x000000008000009c (0xa001)
core   0: 3 0x000000008000009c (0xa001)
core   0: 3 0x000000008000009c (0xa001)
core   0: 3 0x000000008000009c (0xa001)
core   0: 3 0x000000008000009c (0xa001)
core   0: 3 0x000000008000009c (0xa001)
core   0: 3 0x000000008000009c (0xa001)
core   0: 3 0x000000008000009c (0xa001)
core   0: 3 0x000000008000009c (0xa001)
core   0: 3 0x000000008000009c (0xa001)
core   0: 3 0x000000008000009c (0xa001)
core   0: 3 0x000000008000009c (0xa001)
core   0: 3 0x000000008000009c (0xa001)
core   0: 3 0x000000008000009c (0xa001)
core   0: 3 0x000000008000009c (0xa001)
core   0: 3 0x000000008000009c (0xa001)
core   0: 3 0x000000008000009c (0xa001)
core   0: 3 0x000000008000009c (0xa001)
core   0: 3 0x000000008000009c (0xa001)
core   0: 3 0x000000008000009c (0xa001)
core   0: 3 0x000000008000009c (0xa001)
core   0: 3 0x000000008000009c (0xa001)
core   0: 3 0x000000008000009c (0xa001)
core   0: 3 0x000000008000009c (0xa001)
core   0: 3 0x000000008000009c (0xa001)
core   0: 3 0x000000008000009c (0xa001)
core   0: 3 0x000000008000009c (0xa001)
core   0: 3 0x000000008000009c (0xa001)
core   0: 3 0x000000008000009c (0xa001)
core   0: 3 0x000000008000009c (0xa001)
core   0: 3 0x000000008000009c (0xa001)
core   0: 3 0x000000008000009c (0xa001)
core   0: 3 0x000000008000009c (0xa001)
core   0: 3 0x000000008000009c (0xa001)
core   0: 3 0x000000008000009c (0xa001)
core   0: 3 0x000000008000009c (0xa001)
core   0: 3 0x000000008000009c (0xa001)
core   0: 3 0x000000008000009c (0xa001)
core   0: 3 0x000000008000009c (0xa001)
core   0: 3 0x000000008000009c (0xa001)
core   0: 3 0x000000008000009c (0xa001)
core   0: 3 0x000000008000009c (0xa001)
core   0: 3 0x000000008000009c (0xa001)
core   0: 3 0x000000008000009c (0xa001)
core   0: 3 0x000000008000009c (0xa001)
core   0: 3 0x000000008000009c (0xa001)
core   0: 3 0x000000008000009c (0xa001)
core   0: 3 0x000000008000009c (0xa001)
core   0: 3 0x000000008000009c (0xa001)
core   0: 3 0x000000008000009c (0xa001)
core   0: 3 0x000000008000009c (0xa001)
core   0: 3 0x000000008000009c (0xa001)
core   0: 3 0x000000008000009c (0xa001)
core   0: 3 0x000000008000009c (0xa001)
core   0: 3 0x000000008000009c (0xa001)
core   0: 3 0x000000008000009c (0xa001)
core   0: 3 0x000000008000009c (0xa001)
core   0: 3 0x000000008000009c (0xa001)
core   0: 3 0x000000008000009c (0xa001)
core   0: 3 0x000000008000009c (0xa001)
core   0: 3 0x000000008000009c (0xa001)
core   0: 3 0x000000008000009c (0xa001)
core   0: 3 0x000000008000009c (0xa001)
core   0: 3 0x000000008000009c (0xa001)
core   0: 3 0x000000008000009c (0xa001)
core   0: 3 0x000000008000009c (0xa001)
core   0: 3 0x000000008000009c (0xa001)
core   0: 3 0x000000008000009c (0xa001)
core   0: 3 0x000000008000009c (0xa001)
core   0: 3 0x000000008000009c (0xa001)
core   0: 3 0x000000008000009c (0xa001)
core   0: 3 0x000000008000009c (0xa001)
core   0: 3 0x000000008000009c (0xa001)
core   0: 3 0x000000008000009c (0xa001)
core   0: 3 0x000000008000009c (0xa001)
core   0: 3 0x000000008000009c (0xa001)
core   0: 3 0x000000008000009c (0xa001)
core   0: 3 0x000000008000009c (0xa001)
core   0: 3 0x000000008000009c (0xa001)
core   0: 3 0x000000008000009c (0xa001)
core   0: 3 0x000000008000009c (0xa001)
core   0: 3 0x000000008000009c (0xa001)
core   0: 3 0x000000008000009c (0xa001)
core   0: 3 0x000000008000009c (0xa001)
core   0: 3 0x000000008000009c (0xa001)
core   0: 3 0x000000008000009c (0xa001)
core   0: 3 0x000000008000009c (0xa001)
core   0: 3 0x000000008000009c (0xa001)
core   0: 3 0x000000008000009c (0xa001)
core   0: 3 0x000000008000009c (0xa001)
core   0: 3 0x000000008000009c (0xa001)
core   0: 3 0x000000008000009c (0xa001)
core   0: 3 0x000000008000009c (0xa001)
core   0: 3 0x000000008000009c (0xa001)
core   0: 3 0x000000008000009c (0xa001)
core   0: 3 0x000000008000009c (0xa001)
core   0: 3 0x000000008000009c (0xa001)
core   0: 3 0x000000008000009c (0xa001)
core   0: 3 0x000000008000009c (0xa001)
core   0: 3 0x000000008000009c (0xa001)
core   0: 3 0x000000008000009c (0xa001)
core   0: 3 0x000000008000009c (0xa001)
core   0: 3 0x000000008000009c (0xa001)
core   0: 3 0x000000008000009c (0xa001)
core   0: 3 0x000000008000009c (0xa001)
core   0: 3 0x000000008000009c (0xa001)
core   0: 3 0x000000008000009c (0xa001)
core   0: 3 0x000000008000009c (0xa001)
core   0: 3 0x000000008000009c (0xa001)
core   0: 3 0x000000008000009c (0xa001)
core   0: 3 0x000000008000009c (0xa001)
core   0: 3 0x000000008000009c (0xa001)
core   0: 3 0x000000008000009c (0xa001)
core   0: 3 0x000000008000009c (0xa001)
core   0: 3 0x000000008000009c (0xa001)
core   0: 3 0x000000008000009c (0xa001)
core   0: 3 0x000000008000009c (0xa001)
core   0: 3 0x000000008000009c (0xa001)
core   0: 3 0x000000008000009c (0xa001)
core   0: 3 0x000000008000009c (0xa001)
core   0: 3 0x000000008000009c (0xa001)
core   0: 3 0x000000008000009c (0xa001)
core   0: 3 0x000000008000009c (0xa001)
core   0: 3 0x000000008000009c (0xa001)
core   0: 3 0x000000008000009c (0xa001)
core   0: 3 0x000000008000009c (0xa001)
core   0: 3 0x000000008000009c (0xa001)
core   0: 3 0x000000008000009c (0xa001)
core   0: 3 0x000000008000009c (0xa001)
core   0: 3 0x000000008000009c (0xa001)
core   0: 3 0x000000008000009c (0xa001)
core   0: 3 0x000000008000009c (0xa001)
core   0: 3 0x000000008000009c (0xa001)
core   0: 3 0x000000008000009c (0xa001)
core   0: 3 0x000000008000009c (0xa001)
core   0: 3 0x000000008000009c (0xa001)
core   0: 3 0x000000008000009c (0xa001)
core   0: 3 0x000000008000009c (0xa001)
core   0: 3 0x000000008000009c (0xa001)
core   0: 3 0x000000008000009c (0xa001)
core   0: 3 0x000000008000009c (0xa001)
core   0: 3 0x000000008000009c (0xa001)
core   0: 3 0x000000008000009c (0xa001)
core   0: 3 0x000000008000009c (0xa001)
core   0: 3 0x000000008000009c (0xa001)
core   0: 3 0x000000008000009c (0xa001)
core   0: 3 0x000000008000009c (0xa001)
core   0: 3 0x000000008000009c (0xa001)
core   0: 3 0x000000008000009c (0xa001)
core   0: 3 0x000000008000009c (0xa001)
core   0: 3 0x000000008000009c (0xa001)
core   0: 3 0x000000008000009c (0xa001)
core   0: 3 0x000000008000009c (0xa001)
core   0: 3 0x000000008000009c (0xa001)
core   0: 3 0x000000008000009c (0xa001)
core   0: 3 0x000000008000009c (0xa001)
core   0: 3 0x000000008000009c (0xa001)
core   0: 3 0x000000008000009c (0xa001)
core   0: 3 0x000000008000009c (0xa001)
core   0: 3 0x000000008000009c (0xa001)
core   0: 3 0x000000008000009c (0xa001)
core   0: 3 0x000000008000009c (0xa001)
core   0: 3 0x000000008000009c (0xa001)
core   0: 3 0x000000008000009c (0xa001)
core   0: 3 0x000000008000009c (0xa001)
core   0: 3 0x000000008000009c (0xa001)
core   0: 3 0x000000008000009c (0xa001)
core   0: 3 0x000000008000009c (0xa001)
core   0: 3 0x000000008000009c (0xa001)
core   0: 3 0x000000008000009c (0xa001)
core   0: 3 0x000000008000009c (0xa001)
core   0: 3 0x000000008000009c (0xa001)
core   0: 3 0x000000008000009c (0xa001)
core   0: 3 0x000000008000009c (0xa001)
core   0: 3 0x000000008000009c (0xa001)
core   0: 3 0x000000008000009c (0xa001)
core   0: 3 0x000000008000009c (0xa001)
core   0: 3 0x000000008000009c (0xa001)
core   0: 3 0x000000008000009c (0xa001)
core   0: 3 0x000000008000009c (0xa001)
core   0: 3 0x000000008000009c (0xa001)
core   0: 3 0x000000008000009c (0xa001)
core   0: 3 0x000000008000009c (0xa001)
core   0: 3 0x000000008000009c (0xa001)
core   0: 3 0x000000008000009c (0xa001)
core   0: 3 0x000000008000009c (0xa001)
core   0: 3 0x000000008000009c (0xa001)
core   0: 3 0x000000008000009c (0xa001)
core   0: 3 0x000000008000009c (0xa001)
core   0: 3 0x000000008000009c (0xa001)
core   0: 3 0x000000008000009c (0xa001)
core   0: 3 0x000000008000009c (0xa001)
core   0: 3 0x000000008000009c (0xa001)
core   0: 3 0x000000008000009c (0xa001)
core   0: 3 0x000000008000009c (0xa001)
core   0: 3 0x000000008000009c (0xa001)
core   0: 3 0x000000008000009c (0xa001)
core   0: 3 0x000000008000009c (0xa001)
core   0: 3 0x000000008000009c (0xa001)
core   0: 3 0x000000008000009c (0xa001)
core   0: 3 0x000000008000009c (0xa001)
core   0: 3 0x000000008000009c (0xa001)
core   0: 3 0x000000008000009c (0xa001)
core   0: 3 0x000000008000009c (0xa001)
core   0: 3 0x000000008000009c (0xa001)
core   0: 3 0x000000008000009c (0xa001)
core   0: 3 0x000000008000009c (0xa001)
core   0: 3 0x000000008000009c (0xa001)
core   0: 3 0x000000008000009c (0xa001)
core   0: 3 0x000000008000009c (0xa001)
core   0: 3 0x000000008000009c (0xa001)
core   0: 3 0x000000008000009c (0xa001)
core   0: 3 0x000000008000009c (0xa001)
core   0: 3 0x000000008000009c (0xa001)
core   0: 3 0x000000008000009c (0xa001)
core   0: 3 0x000000008000009c (0xa001)
core   0: 3 0x000000008000009c (0xa001)
core   0: 3 0x000000008000009c (0xa001)
core   0: 3 0x000000008000009c (0xa001)
core   0: 3 0x000000008000009c (0xa001)
core   0: 3 0x000000008000009c (0xa001)
core   0: 3 0x000000008000009c (0xa001)
core   0: 3 0x000000008000009c (0xa001)
core   0: 3 0x000000008000009c (0xa001)
core   0: 3 0x000000008000009c (0xa001)
core   0: 3 0x000000008000009c (0xa001)
core   0: 3 0x000000008000009c (0xa001)
core   0: 3 0x000000008000009c (0xa001)
core   0: 3 0x000000008000009c (0xa001)
core   0: 3 0x000000008000009c (0xa001)
core   0: 3 0x000000008000009c (0xa001)
core   0: 3 0x000000008000009c (0xa001)
core   0: 3 0x000000008000009c (0xa001)
core   0: 3 0x000000008000009c (0xa001)
core   0: 3 0x000000008000009c (0xa001)
core   0: 3 0x000000008000009c (0xa001)
core   0: 3 0x000000008000009c (0xa001)
core   0: 3 0x000000008000009c (0xa001)
core   0: 3 0x000000008000009c (0xa001)
core   0: 3 0x000000008000009c (0xa001)
core   0: 3 0x000000008000009c (0xa001)
core   0: 3 0x000000008000009c (0xa001)
core   0: 3 0x000000008000009c (0xa001)
core   0: 3 0x000000008000009c (0xa001)
core   0: 3 0x000000008000009c (0xa001)
core   0: 3 0x000000008000009c (0xa001)
core   0: 3 0x000000008000009c (0xa001)
core   0: 3 0x000000008000009c (0xa001)
core   0: 3 0x000000008000009c (0xa001)
core   0: 3 0x000000008000009c (0xa001)
core   0: 3 0x000000008000009c (0xa001)
core   0: 3 0x000000008000009c (0xa001)
core   0: 3 0x000000008000009c (0xa001)
core   0: 3 0x000000008000009c (0xa001)
core   0: 3 0x000000008000009c (0xa001)
core   0: 3 0x000000008000009c (0xa001)
core   0: 3 0x000000008000009c (0xa001)
core   0: 3 0x000000008000009c (0xa001)
core   0: 3 0x000000008000009c (0xa001)
core   0: 3 0x000000008000009c (0xa001)
core   0: 3 0x000000008000009c (0xa001)
core   0: 3 0x000000008000009c (0xa001)
core   0: 3 0x000000008000009c (0xa001)
core   0: 3 0x000000008000009c (0xa001)
core   0: 3 0x000000008000009c (0xa001)
core   0: 3 0x000000008000009c (0xa001)
core   0: 3 0x000000008000009c (0xa001)
core   0: 3 0x000000008000009c (0xa001)
core   0: 3 0x000000008000009c (0xa001)
core   0: 3 0x000000008000009c (0xa001)
core   0: 3 0x000000008000009c (0xa001)
core   0: 3 0x000000008000009c (0xa001)
core   0: 3 0x000000008000009c (0xa001)
core   0: 3 0x000000008000009c (0xa001)
core   0: 3 0x000000008000009c (0xa001)
core   0: 3 0x000000008000009c (0xa001)
core   0: 3 0x000000008000009c (0xa001)
core   0: 3 0x000000008000009c (0xa001)
core   0: 3 0x000000008000009c (0xa001)
core   0: 3 0x000000008000009c (0xa001)
core   0: 3 0x000000008000009c (0xa001)
core   0: 3 0x000000008000009c (0xa001)
core   0: 3 0x000000008000009c (0xa001)
core   0: 3 0x000000008000009c (0xa001)
core   0: 3 0x000000008000009c (0xa001)
core   0: 3 0x000000008000009c (0xa001)
core   0: 3 0x000000008000009c (0xa001)
core   0: 3 0x000000008000009c (0xa001)
core   0: 3 0x000000008000009c (0xa001)
core   0: 3 0x000000008000009c (0xa001)
core   0: 3 0x000000008000009c (0xa001)
core   0: 3 0x000000008000009c (0xa001)
core   0: 3 0x000000008000009c (0xa001)
core   0: 3 0x000000008000009c (0xa001)
core   0: 3 0x000000008000009c (0xa001)
core   0: 3 0x000000008000009c (0xa001)
core   0: 3 0x000000008000009c (0xa001)
core   0: 3 0x000000008000009c (0xa001)
core   0: 3 0x000000008000009c (0xa001)
core   0: 3 0x000000008000009c (0xa001)
core   0: 3 0x000000008000009c (0xa001)
core   0: 3 0x000000008000009c (0xa001)
core   0: 3 0x000000008000009c (0xa001)
core   0: 3 0x000000008000009c (0xa001)
core   0: 3 0x000000008000009c (0xa001)
core   0: 3 0x000000008000009c (0xa001)
core   0: 3 0x000000008000009c (0xa001)
core   0: 3 0x000000008000009c (0xa001)
core   0: 3 0x000000008000009c (0xa001)
core   0: 3 0x000000008000009c (0xa001)
core   0: 3 0x000000008000009c (0xa001)
core   0: 3 0x000000008000009c (0xa001)
core   0: 3 0x000000008000009c (0xa001)
core   0: 3 0x000000008000009c (0xa001)
core   0: 3 0x000000008000009c (0xa001)
core   0: 3 0x000000008000009c (0xa001)
core   0: 3 0x000000008000009c (0xa001)
core   0: 3 0x000000008000009c (0xa001)
core   0: 3 0x000000008000009c (0xa001)
core   0: 3 0x000000008000009c (0xa001)
core   0: 3 0x000000008000009c (0xa001)
core   0: 3 0x000000008000009c (0xa001)
core   0: 3 0x000000008000009c (0xa001)
core   0: 3 0x000000008000009c (0xa001)
core   0: 3 0x000000008000009c (0xa001)
core   0: 3 0x000000008000009c (0xa001)
core   0: 3 0x000000008000009c (0xa001)
core   0: 3 0x000000008000009c (0xa001)
core   0: 3 0x000000008000009c (0xa001)
core   0: 3 0x000000008000009c (0xa001)
core   0: 3 0x000000008000009c (0xa001)
core   0: 3 0x000000008000009c (0xa001)
core   0: 3 0x000000008000009c (0xa001)
core   0: 3 0x000000008000009c (0xa001)
core   0: 3 0x000000008000009c (0xa001)
core   0: 3 0x000000008000009c (0xa001)
core   0: 3 0x000000008000009c (0xa001)
core   0: 3 0x000000008000009c (0xa001)
core   0: 3 0x000000008000009c (0xa001)
core   0: 3 0x000000008000009c (0xa001)
core   0: 3 0x000000008000009c (0xa001)
core   0: 3 0x000000008000009c (0xa001)
core   0: 3 0x000000008000009c (0xa001)
core   0: 3 0x000000008000009c (0xa001)
core   0: 3 0x000000008000009c (0xa001)
core   0: 3 0x000000008000009c (0xa001)
core   0: 3 0x000000008000009c (0xa001)
core   0: 3 0x000000008000009c (0xa001)
core   0: 3 0x000000008000009c (0xa001)
core   0: 3 0x000000008000009c (0xa001)
core   0: 3 0x000000008000009c (0xa001)
core   0: 3 0x000000008000009c (0xa001)
core   0: 3 0x000000008000009c (0xa001)
core   0: 3 0x000000008000009c (0xa001)
core   0: 3 0x000000008000009c (0xa001)
core   0: 3 0x000000008000009c (0xa001)
core   0: 3 0x000000008000009c (0xa001)
core   0: 3 0x000000008000009c (0xa001)
core   0: 3 0x000000008000009c (0xa001)
core   0: 3 0x000000008000009c (0xa001)
core   0: 3 0x000000008000009c (0xa001)
core   0: 3 0x000000008000009c (0xa001)
core   0: 3 0x000000008000009c (0xa001)
core   0: 3 0x000000008000009c (0xa001)
core   0: 3 0x000000008000009c (0xa001)
core   0: 3 0x000000008000009c (0xa001)
core   0: 3 0x000000008000009c (0xa001)
core   0: 3 0x000000008000009c (0xa001)
core   0: 3 0x000000008000009c (0xa001)
core   0: 3 0x000000008000009c (0xa001)
core   0: 3 0x000000008000009c (0xa001)
core   0: 3 0x000000008000009c (0xa001)
core   0: 3 0x000000008000009c (0xa001)
core   0: 3 0x000000008000009c (0xa001)
core   0: 3 0x000000008000009c (0xa001)
core   0: 3 0x000000008000009c (0xa001)
core   0: 3 0x000000008000009c (0xa001)
core   0: 3 0x000000008000009c (0xa001)
core   0: 3 0x000000008000009c (0xa001)
core   0: 3 0x000000008000009c (0xa001)
core   0: 3 0x000000008000009c (0xa001)
core   0: 3 0x000000008000009c (0xa001)
core   0: 3 0x000000008000009c (0xa001)
core   0: 3 0x000000008000009c (0xa001)
core   0: 3 0x000000008000009c (0xa001)
core   0: 3 0x000000008000009c (0xa001)
core   0: 3 0x000000008000009c (0xa001)
core   0: 3 0x000000008000009c (0xa001)
core   0: 3 0x000000008000009c (0xa001)
core   0: 3 0x000000008000009c (0xa001)
core   0: 3 0x000000008000009c (0xa001)
core   0: 3 0x000000008000009c (0xa001)
core   0: 3 0x000000008000009c (0xa001)
core   0: 3 0x000000008000009c (0xa001)
core   0: 3 0x000000008000009c (0xa001)
core   0: 3 0x000000008000009c (0xa001)
core   0: 3 0x000000008000009c (0xa001)
core   0: 3 0x000000008000009c (0xa001)
core   0: 3 0x000000008000009c (0xa001)
core   0: 3 0x000000008000009c (0xa001)
core   0: 3 0x000000008000009c (0xa001)
core   0: 3 0x000000008000009c (0xa001)
core   0: 3 0x000000008000009c (0xa001)
core   0: 3 0x000000008000009c (0xa001)
core   0: 3 0x000000008000009c (0xa001)
core   0: 3 0x000000008000009c (0xa001)
core   0: 3 0x000000008000009c (0xa001)
core   0: 3 0x000000008000009c (0xa001)
core   0: 3 0x000000008000009c (0xa001)
core   0: 3 0x000000008000009c (0xa001)
core   0: 3 0x000000008000009c (0xa001)
core   0: 3 0x000000008000009c (0xa001)
core   0: 3 0x000000008000009c (0xa001)
core   0: 3 0x000000008000009c (0xa001)
core   0: 3 0x000000008000009c (0xa001)
core   0: 3 0x000000008000009c (0xa001)
core   0: 3 0x000000008000009c (0xa001)
core   0: 3 0x000000008000009c (0xa001)
core   0: 3 0x000000008000009c (0xa001)
core   0: 3 0x000000008000009c (0xa001)
core   0: 3 0x000000008000009c (0xa001)
core   0: 3 0x000000008000009c (0xa001)
core   0: 3 0x000000008000009c (0xa001)
core   0: 3 0x000000008000009c (0xa001)
core   0: 3 0x000000008000009c (0xa001)
core   0: 3 0x000000008000009c (0xa001)
core   0: 3 0x000000008000009c (0xa001)
core   0: 3 0x000000008000009c (0xa001)
core   0: 3 0x000000008000009c (0xa001)
core   0: 3 0x000000008000009c (0xa001)
core   0: 3 0x000000008000009c (0xa001)
core   0: 3 0x000000008000009c (0xa001)
core   0: 3 0x000000008000009c (0xa001)
core   0: 3 0x000000008000009c (0xa001)
core   0: 3 0x000000008000009c (0xa001)
core   0: 3 0x000000008000009c (0xa001)
core   0: 3 0x000000008000009c (0xa001)
core   0: 3 0x000000008000009c (0xa001)
core   0: 3 0x000000008000009c (0xa001)
core   0: 3 0x000000008000009c (0xa001)
core   0: 3 0x000000008000009c (0xa001)
core   0: 3 0x000000008000009c (0xa001)
core   0: 3 0x000000008000009c (0xa001)
core   0: 3 0x000000008000009c (0xa001)
core   0: 3 0x000000008000009c (0xa001)
core   0: 3 0x000000008000009c (0xa001)
core   0: 3 0x000000008000009c (0xa001)
core   0: 3 0x000000008000009c (0xa001)
core   0: 3 0x000000008000009c (0xa001)
core   0: 3 0x000000008000009c (0xa001)
core   0: 3 0x000000008000009c (0xa001)
core   0: 3 0x000000008000009c (0xa001)
core   0: 3 0x000000008000009c (0xa001)
core   0: 3 0x000000008000009c (0xa001)
core   0: 3 0x000000008000009c (0xa001)
core   0: 3 0x000000008000009c (0xa001)
core   0: 3 0x000000008000009c (0xa001)
core   0: 3 0x000000008000009c (0xa001)
core   0: 3 0x000000008000009c (0xa001)
core   0: 3 0x000000008000009c (0xa001)
core   0: 3 0x000000008000009c (0xa001)
core   0: 3 0x000000008000009c (0xa001)
core   0: 3 0x000000008000009c (0xa001)
core   0: 3 0x000000008000009c (0xa001)
core   0: 3 0x000000008000009c (0xa001)
core   0: 3 0x000000008000009c (0xa001)
core   0: 3 0x000000008000009c (0xa001)
core   0: 3 0x000000008000009c (0xa001)
core   0: 3 0x000000008000009c (0xa001)
core   0: 3 0x000000008000009c (0xa001)
core   0: 3 0x000000008000009c (0xa001)
core   0: 3 0x000000008000009c (0xa001)
core   0: 3 0x000000008000009c (0xa001)
core   0: 3 0x000000008000009c (0xa001)
core   0: 3 0x000000008000009c (0xa001)
core   0: 3 0x000000008000009c (0xa001)
core   0: 3 0x000000008000009c (0xa001)
core   0: 3 0x000000008000009c (0xa001)
core   0: 3 0x000000008000009c (0xa001)
core   0: 3 0x000000008000009c (0xa001)
core   0: 3 0x000000008000009c (0xa001)
core   0: 3 0x000000008000009c (0xa001)
core   0: 3 0x000000008000009c (0xa001)
core   0: 3 0x000000008000009c (0xa001)
core   0: 3 0x000000008000009c (0xa001)
core   0: 3 0x000000008000009c (0xa001)
core   0: 3 0x000000008000009c (0xa001)
core   0: 3 0x000000008000009c (0xa001)
core   0: 3 0x000000008000009c (0xa001)
core   0: 3 0x000000008000009c (0xa001)
core   0: 3 0x000000008000009c (0xa001)
core   0: 3 0x000000008000009c (0xa001)
core   0: 3 0x000000008000009c (0xa001)
core   0: 3 0x000000008000009c (0xa001)
core   0: 3 0x000000008000009c (0xa001)
core   0: 3 0x000000008000009c (0xa001)
core   0: 3 0x000000008000009c (0xa001)
core   0: 3 0x000000008000009c (0xa001)
core   0: 3 0x000000008000009c (0xa001)
core   0: 3 0x000000008000009c (0xa001)
core   0: 3 0x000000008000009c (0xa001)
core   0: 3 0x000000008000009c (0xa001)
core   0: 3 0x000000008000009c (0xa001)
core   0: 3 0x000000008000009c (0xa001)
core   0: 3 0x000000008000009c (0xa001)
core   0: 3 0x000000008000009c (0xa001)
core   0: 3 0x000000008000009c (0xa001)
core   0: 3 0x000000008000009c (0xa001)
core   0: 3 0x000000008000009c (0xa001)
core   0: 3 0x000000008000009c (0xa001)
core   0: 3 0x000000008000009c (0xa001)
core   0: 3 0x000000008000009c (0xa001)
core   0: 3 0x000000008000009c (0xa001)
core   0: 3 0x000000008000009c (0xa001)
core   0: 3 0x000000008000009c (0xa001)
core   0: 3 0x000000008000009c (0xa001)
core   0: 3 0x000000008000009c (0xa001)
core   0: 3 0x000000008000009c (0xa001)
core   0: 3 0x000000008000009c (0xa001)
core   0: 3 0x000000008000009c (0xa001)
core   0: 3 0x000000008000009c (0xa001)
core   0: 3 0x000000008000009c (0xa001)
core   0: 3 0x000000008000009c (0xa001)
core   0: 3 0x000000008000009c (0xa001)
core   0: 3 0x000000008000009c (0xa001)
core   0: 3 0x000000008000009c (0xa001)
core   0: 3 0x000000008000009c (0xa001)
core   0: 3 0x000000008000009c (0xa001)
core   0: 3 0x000000008000009c (0xa001)
core   0: 3 0x000000008000009c (0xa001)
core   0: 3 0x000000008000009c (0xa001)
core   0: 3 0x000000008000009c (0xa001)
core   0: 3 0x000000008000009c (0xa001)
core   0: 3 0x000000008000009c (0xa001)
core   0: 3 0x000000008000009c (0xa001)
core   0: 3 0x000000008000009c (0xa001)
core   0: 3 0x000000008000009c (0xa001)
core   0: 3 0x000000008000009c (0xa001)
core   0: 3 0x000000008000009c (0xa001)
core   0: 3 0x000000008000009c (0xa001)
core   0: 3 0x000000008000009c (0xa001)
core   0: 3 0x000000008000009c (0xa001)
core   0: 3 0x000000008000009c (0xa001)
core   0: 3 0x000000008000009c (0xa001)
core   0: 3 0x000000008000009c (0xa001)
core   0: 3 0x000000008000009c (0xa001)
core   0: 3 0x000000008000009c (0xa001)
core   0: 3 0x000000008000009c (0xa001)
core   0: 3 0x000000008000009c (0xa001)
core   0: 3 0x000000008000009c (0xa001)
core   0: 3 0x000000008000009c (0xa001)
core   0: 3 0x000000008000009c (0xa001)
core   0: 3 0x000000008000009c (0xa001)
core   0: 3 0x000000008000009c (0xa001)
core   0: 3 0x000000008000009c (0xa001)
core   0: 3 0x000000008000009c (0xa001)
core   0: 3 0x000000008000009c (0xa001)
core   0: 3 0x000000008000009c (0xa001)
core   0: 3 0x000000008000009c (0xa001)
core   0: 3 0x000000008000009c (0xa001)
core   0: 3 0x000000008000009c (0xa001)
core   0: 3 0x000000008000009c (0xa001)
core   0: 3 0x000000008000009c (0xa001)
core   0: 3 0x000000008000009c (0xa001)
core   0: 3 0x000000008000009c (0xa001)
core   0: 3 0x000000008000009c (0xa001)
core   0: 3 0x000000008000009c (0xa001)
core   0: 3 0x000000008000009c (0xa001)
core   0: 3 0x000000008000009c (0xa001)
core   0: 3 0x000000008000009c (0xa001)
core   0: 3 0x000000008000009c (0xa001)
core   0: 3 0x000000008000009c (0xa001)
core   0: 3 0x000000008000009c (0xa001)
core   0: 3 0x000000008000009c (0xa001)
core   0: 3 0x000000008000009c (0xa001)
core   0: 3 0x000000008000009c (0xa001)
core   0: 3 0x000000008000009c (0xa001)
core   0: 3 0x000000008000009c (0xa001)
core   0: 3 0x000000008000009c (0xa001)
core   0: 3 0x000000008000009c (0xa001)
core   0: 3 0x000000008000009c (0xa001)
core   0: 3 0x000000008000009c (0xa001)
core   0: 3 0x000000008000009c (0xa001)
core   0: 3 0x000000008000009c (0xa001)
core   0: 3 0x000000008000009c (0xa001)
core   0: 3 0x000000008000009c (0xa001)
core   0: 3 0x000000008000009c (0xa001)
core   0: 3 0x000000008000009c (0xa001)
core   0: 3 0x000000008000009c (0xa001)
core   0: 3 0x000000008000009c (0xa001)
core   0: 3 0x000000008000009c (0xa001)
core   0: 3 0x000000008000009c (0xa001)
core   0: 3 0x000000008000009c (0xa001)
core   0: 3 0x000000008000009c (0xa001)
core   0: 3 0x000000008000009c (0xa001)
core   0: 3 0x000000008000009c (0xa001)
core   0: 3 0x000000008000009c (0xa001)
core   0: 3 0x000000008000009c (0xa001)
core   0: 3 0x000000008000009c (0xa001)
core   0: 3 0x000000008000009c (0xa001)
core   0: 3 0x000000008000009c (0xa001)
core   0: 3 0x000000008000009c (0xa001)
core   0: 3 0x000000008000009c (0xa001)
core   0: 3 0x000000008000009c (0xa001)
core   0: 3 0x000000008000009c (0xa001)
core   0: 3 0x000000008000009c (0xa001)
core   0: 3 0x000000008000009c (0xa001)
core   0: 3 0x000000008000009c (0xa001)
core   0: 3 0x000000008000009c (0xa001)
core   0: 3 0x000000008000009c (0xa001)
core   0: 3 0x000000008000009c (0xa001)
core   0: 3 0x000000008000009c (0xa001)
core   0: 3 0x000000008000009c (0xa001)
core   0: 3 0x000000008000009c (0xa001)
core   0: 3 0x000000008000009c (0xa001)
core   0: 3 0x000000008000009c (0xa001)
core   0: 3 0x000000008000009c (0xa001)
core   0: 3 0x000000008000009c (0xa001)
core   0: 3 0x000000008000009c (0xa001)
core   0: 3 0x000000008000009c (0xa001)
core   0: 3 0x000000008000009c (0xa001)
core   0: 3 0x000000008000009c (0xa001)
core   0: 3 0x000000008000009c (0xa001)
core   0: 3 0x000000008000009c (0xa001)
core   0: 3 0x000000008000009c (0xa001)
core   0: 3 0x000000008000009c (0xa001)
core   0: 3 0x000000008000009c (0xa001)
core   0: 3 0x000000008000009c (0xa001)
core   0: 3 0x000000008000009c (0xa001)
core   0: 3 0x000000008000009c (0xa001)
core   0: 3 0x000000008000009c (0xa001)
core   0: 3 0x000000008000009c (0xa001)
core   0: 3 0x000000008000009c (0xa001)
core   0: 3 0x000000008000009c (0xa001)
core   0: 3 0x000000008000009c (0xa001)
core   0: 3 0x000000008000009c (0xa001)
core   0: 3 0x000000008000009c (0xa001)
core   0: 3 0x000000008000009c (0xa001)
core   0: 3 0x000000008000009c (0xa001)
core   0: 3 0x000000008000009c (0xa001)
core   0: 3 0x000000008000009c (0xa001)
core   0: 3 0x000000008000009c (0xa001)
core   0: 3 0x000000008000009c (0xa001)
core   0: 3 0x000000008000009c (0xa001)
core   0: 3 0x000000008000009c (0xa001)
core   0: 3 0x000000008000009c (0xa001)
core   0: 3 0x000000008000009c (0xa001)
core   0: 3 0x000000008000009c (0xa001)
core   0: 3 0x000000008000009c (0xa001)
core   0: 3 0x000000008000009c (0xa001)
core   0: 3 0x000000008000009c (0xa001)
core   0: 3 0x000000008000009c (0xa001)
core   0: 3 0x000000008000009c (0xa001)
core   0: 3 0x000000008000009c (0xa001)
core   0: 3 0x000000008000009c (0xa001)
core   0: 3 0x000000008000009c (0xa001)
core   0: 3 0x000000008000009c (0xa001)
core   0: 3 0x000000008000009c (0xa001)
core   0: 3 0x000000008000009c (0xa001)
core   0: 3 0x000000008000009c (0xa001)
core   0: 3 0x000000008000009c (0xa001)
core   0: 3 0x000000008000009c (0xa001)
core   0: 3 0x000000008000009c (0xa001)
core   0: 3 0x000000008000009c (0xa001)
core   0: 3 0x000000008000009c (0xa001)
core   0: 3 0x000000008000009c (0xa001)
core   0: 3 0x000000008000009c (0xa001)
core   0: 3 0x000000008000009c (0xa001)
core   0: 3 0x000000008000009c (0xa001)
core   0: 3 0x000000008000009c (0xa001)
core   0: 3 0x000000008000009c (0xa001)
core   0: 3 0x000000008000009c (0xa001)
core   0: 3 0x000000008000009c (0xa001)
core   0: 3 0x000000008000009c (0xa001)
core   0: 3 0x000000008000009c (0xa001)
core   0: 3 0x000000008000009c (0xa001)
core   0: 3 0x000000008000009c (0xa001)
core   0: 3 0x000000008000009c (0xa001)
core   0: 3 0x000000008000009c (0xa001)
core   0: 3 0x000000008000009c (0xa001)
core   0: 3 0x000000008000009c (0xa001)
core   0: 3 0x000000008000009c (0xa001)
core   0: 3 0x000000008000009c (0xa001)
core   0: 3 0x000000008000009c (0xa001)
core   0: 3 0x000000008000009c (0xa001)
core   0: 3 0x000000008000009c (0xa001)
core   0: 3 0x000000008000009c (0xa001)
core   0: 3 0x000000008000009c (0xa001)
core   0: 3 0x000000008000009c (0xa001)
core   0: 3 0x000000008000009c (0xa001)
core   0: 3 0x000000008000009c (0xa001)
core   0: 3 0x000000008000009c (0xa001)
core   0: 3 0x000000008000009c (0xa001)
core   0: 3 0x000000008000009c (0xa001)
core   0: 3 0x000000008000009c (0xa001)
core   0: 3 0x000000008000009c (0xa001)
core   0: 3 0x000000008000009c (0xa001)
core   0: 3 0x000000008000009c (0xa001)
core   0: 3 0x000000008000009c (0xa001)
core   0: 3 0x000000008000009c (0xa001)
core   0: 3 0x000000008000009c (0xa001)
core   0: 3 0x000000008000009c (0xa001)
core   0: 3 0x000000008000009c (0xa001)
core   0: 3 0x000000008000009c (0xa001)
core   0: 3 0x000000008000009c (0xa001)
core   0: 3 0x000000008000009c (0xa001)
core   0: 3 0x000000008000009c (0xa001)
core   0: 3 0x000000008000009c (0xa001)
core   0: 3 0x000000008000009c (0xa001)
core   0: 3 0x000000008000009c (0xa001)
core   0: 3 0x000000008000009c (0xa001)
core   0: 3 0x000000008000009c (0xa001)
core   0: 3 0x000000008000009c (0xa001)
core   0: 3 0x000000008000009c (0xa001)
core   0: 3 0x000000008000009c (0xa001)
core   0: 3 0x000000008000009c (0xa001)
core   0: 3 0x000000008000009c (0xa001)
core   0: 3 0x000000008000009c (0xa001)
core   0: 3 0x000000008000009c (0xa001)
core   0: 3 0x000000008000009c (0xa001)
core   0: 3 0x000000008000009c (0xa001)
core   0: 3 0x000000008000009c (0xa001)
core   0: 3 0x000000008000009c (0xa001)
core   0: 3 0x000000008000009c (0xa001)
core   0: 3 0x000000008000009c (0xa001)
core   0: 3 0x000000008000009c (0xa001)
core   0: 3 0x000000008000009c (0xa001)
core   0: 3 0x000000008000009c (0xa001)
core   0: 3 0x000000008000009c (0xa001)
core   0: 3 0x000000008000009c (0xa001)
core   0: 3 0x000000008000009c (0xa001)
core   0: 3 0x000000008000009c (0xa001)
core   0: 3 0x000000008000009c (0xa001)
core   0: 3 0x000000008000009c (0xa001)
core   0: 3 0x000000008000009c (0xa001)
core   0: 3 0x000000008000009c (0xa001)
core   0: 3 0x000000008000009c (0xa001)
core   0: 3 0x000000008000009c (0xa001)
core   0: 3 0x000000008000009c (0xa001)
core   0: 3 0x000000008000009c (0xa001)
core   0: 3 0x000000008000009c (0xa001)
core   0: 3 0x000000008000009c (0xa001)
core   0: 3 0x000000008000009c (0xa001)
core   0: 3 0x000000008000009c (0xa001)
core   0: 3 0x000000008000009c (0xa001)
core   0: 3 0x000000008000009c (0xa001)
core   0: 3 0x000000008000009c (0xa001)
core   0: 3 0x000000008000009c (0xa001)
core   0: 3 0x000000008000009c (0xa001)
core   0: 3 0x000000008000009c (0xa001)
core   0: 3 0x000000008000009c (0xa001)
core   0: 3 0x000000008000009c (0xa001)
core   0: 3 0x000000008000009c (0xa001)
core   0: 3 0x000000008000009c (0xa001)
core   0: 3 0x000000008000009c (0xa001)
core   0: 3 0x000000008000009c (0xa001)
core   0: 3 0x000000008000009c (0xa001)
core   0: 3 0x000000008000009c (0xa001)
core   0: 3 0x000000008000009c (0xa001)
core   0: 3 0x000000008000009c (0xa001)
core   0: 3 0x000000008000009c (0xa001)
core   0: 3 0x000000008000009c (0xa001)
core   0: 3 0x000000008000009c (0xa001)
core   0: 3 0x000000008000009c (0xa001)
core   0: 3 0x000000008000009c (0xa001)
core   0: 3 0x000000008000009c (0xa001)
core   0: 3 0x000000008000009c (0xa001)
core   0: 3 0x000000008000009c (0xa001)
core   0: 3 0x000000008000009c (0xa001)
core   0: 3 0x000000008000009c (0xa001)
core   0: 3 0x000000008000009c (0xa001)
core   0: 3 0x000000008000009c (0xa001)
core   0: 3 0x000000008000009c (0xa001)
core   0: 3 0x000000008000009c (0xa001)
core   0: 3 0x000000008000009c (0xa001)
core   0: 3 0x000000008000009c (0xa001)
core   0: 3 0x000000008000009c (0xa001)
core   0: 3 0x000000008000009c (0xa001)
core   0: 3 0x000000008000009c (0xa001)
core   0: 3 0x000000008000009c (0xa001)
core   0: 3 0x000000008000009c (0xa001)
core   0: 3 0x000000008000009c (0xa001)
core   0: 3 0x000000008000009c (0xa001)
core   0: 3 0x000000008000009c (0xa001)
core   0: 3 0x000000008000009c (0xa001)
core   0: 3 0x000000008000009c (0xa001)
core   0: 3 0x000000008000009c (0xa001)
core   0: 3 0x000000008000009c (0xa001)
core   0: 3 0x000000008000009c (0xa001)
core   0: 3 0x000000008000009c (0xa001)
core   0: 3 0x000000008000009c (0xa001)
core   0: 3 0x000000008000009c (0xa001)
core   0: 3 0x000000008000009c (0xa001)
core   0: 3 0x000000008000009c (0xa001)
core   0: 3 0x000000008000009c (0xa001)
core   0: 3 0x000000008000009c (0xa001)
core   0: 3 0x000000008000009c (0xa001)
core   0: 3 0x000000008000009c (0xa001)
core   0: 3 0x000000008000009c (0xa001)
core   0: 3 0x000000008000009c (0xa001)
core   0: 3 0x000000008000009c (0xa001)
core   0: 3 0x000000008000009c (0xa001)
core   0: 3 0x000000008000009c (0xa001)
core   0: 3 0x000000008000009c (0xa001)
core   0: 3 0x000000008000009c (0xa001)
core   0: 3 0x000000008000009c (0xa001)
core   0: 3 0x000000008000009c (0xa001)
core   0: 3 0x000000008000009c (0xa001)
core   0: 3 0x000000008000009c (0xa001)
core   0: 3 0x000000008000009c (0xa001)
core   0: 3 0x000000008000009c (0xa001)
core   0: 3 0x000000008000009c (0xa001)
core   0: 3 0x000000008000009c (0xa001)
core   0: 3 0x000000008000009c (0xa001)
core   0: 3 0x000000008000009c (0xa001)
core   0: 3 0x000000008000009c (0xa001)
core   0: 3 0x000000008000009c (0xa001)
core   0: 3 0x000000008000009c (0xa001)
core   0: 3 0x000000008000009c (0xa001)
core   0: 3 0x000000008000009c (0xa001)
core   0: 3 0x000000008000009c (0xa001)
core   0: 3 0x000000008000009c (0xa001)
core   0: 3 0x000000008000009c (0xa001)
core   0: 3 0x000000008000009c (0xa001)
core   0: 3 0x000000008000009c (0xa001)
core   0: 3 0x000000008000009c (0xa001)
core   0: 3 0x000000008000009c (0xa001)
core   0: 3 0x000000008000009c (0xa001)
core   0: 3 0x000000008000009c (0xa001)
core   0: 3 0x000000008000009c (0xa001)
core   0: 3 0x000000008000009c (0xa001)
core   0: 3 0x000000008000009c (0xa001)
core   0: 3 0x000000008000009c (0xa001)
core   0: 3 0x000000008000009c (0xa001)
core   0: 3 0x000000008000009c (0xa001)
core   0: 3 0x000000008000009c (0xa001)
core   0: 3 0x000000008000009c (0xa001)
core   0: 3 0x000000008000009c (0xa001)
core   0: 3 0x000000008000009c (0xa001)
core   0: 3 0x000000008000009c (0xa001)
core   0: 3 0x000000008000009c (0xa001)
core   0: 3 0x000000008000009c (0xa001)
core   0: 3 0x000000008000009c (0xa001)
core   0: 3 0x000000008000009c (0xa001)
core   0: 3 0x000000008000009c (0xa001)
core   0: 3 0x000000008000009c (0xa001)
core   0: 3 0x000000008000009c (0xa001)
core   0: 3 0x000000008000009c (0xa001)
core   0: 3 0x000000008000009c (0xa001)
core   0: 3 0x000000008000009c (0xa001)
core   0: 3 0x000000008000009c (0xa001)
core   0: 3 0x000000008000009c (0xa001)
core   0: 3 0x000000008000009c (0xa001)
core   0: 3 0x000000008000009c (0xa001)
core   0: 3 0x000000008000009c (0xa001)
core   0: 3 0x000000008000009c (0xa001)
core   0: 3 0x000000008000009c (0xa001)
core   0: 3 0x000000008000009c (0xa001)
core   0: 3 0x000000008000009c (0xa001)
core   0: 3 0x000000008000009c (0xa001)
core   0: 3 0x000000008000009c (0xa001)
core   0: 3 0x000000008000009c (0xa001)
core   0: 3 0x000000008000009c (0xa001)
core   0: 3 0x000000008000009c (0xa001)
core   0: 3 0x000000008000009c (0xa001)
core   0: 3 0x000000008000009c (0xa001)
core   0: 3 0x000000008000009c (0xa001)
core   0: 3 0x000000008000009c (0xa001)
core   0: 3 0x000000008000009c (0xa001)
core   0: 3 0x000000008000009c (0xa001)
core   0: 3 0x000000008000009c (0xa001)
core   0: 3 0x000000008000009c (0xa001)
core   0: 3 0x000000008000009c (0xa001)
core   0: 3 0x000000008000009c (0xa001)
core   0: 3 0x000000008000009c (0xa001)
core   0: 3 0x000000008000009c (0xa001)
core   0: 3 0x000000008000009c (0xa001)
core   0: 3 0x000000008000009c (0xa001)
core   0: 3 0x000000008000009c (0xa001)
core   0: 3 0x000000008000009c (0xa001)
core   0: 3 0x000000008000009c (0xa001)
core   0: 3 0x000000008000009c (0xa001)
core   0: 3 0x000000008000009c (0xa001)
core   0: 3 0x000000008000009c (0xa001)
core   0: 3 0x000000008000009c (0xa001)
core   0: 3 0x000000008000009c (0xa001)
core   0: 3 0x000000008000009c (0xa001)
core   0: 3 0x000000008000009c (0xa001)
core   0: 3 0x000000008000009c (0xa001)
core   0: 3 0x000000008000009c (0xa001)
core   0: 3 0x000000008000009c (0xa001)
core   0: 3 0x000000008000009c (0xa001)
core   0: 3 0x000000008000009c (0xa001)
core   0: 3 0x000000008000009c (0xa001)
core   0: 3 0x000000008000009c (0xa001)
core   0: 3 0x000000008000009c (0xa001)
core   0: 3 0x000000008000009c (0xa001)
core   0: 3 0x000000008000009c (0xa001)
core   0: 3 0x000000008000009c (0xa001)
core   0: 3 0x000000008000009c (0xa001)
core   0: 3 0x000000008000009c (0xa001)
core   0: 3 0x000000008000009c (0xa001)
core   0: 3 0x000000008000009c (0xa001)
core   0: 3 0x000000008000009c (0xa001)
core   0: 3 0x000000008000009c (0xa001)
core   0: 3 0x000000008000009c (0xa001)
core   0: 3 0x000000008000009c (0xa001)
core   0: 3 0x000000008000009c (0xa001)
core   0: 3 0x000000008000009c (0xa001)
core   0: 3 0x000000008000009c (0xa001)
core   0: 3 0x000000008000009c (0xa001)
core   0: 3 0x000000008000009c (0xa001)
core   0: 3 0x000000008000009c (0xa001)
core   0: 3 0x000000008000009c (0xa001)
core   0: 3 0x000000008000009c (0xa001)
core   0: 3 0x000000008000009c (0xa001)
core   0: 3 0x000000008000009c (0xa001)
core   0: 3 0x000000008000009c (0xa001)
core   0: 3 0x000000008000009c (0xa001)
core   0: 3 0x000000008000009c (0xa001)
core   0: 3 0x000000008000009c (0xa001)
core   0: 3 0x000000008000009c (0xa001)
core   0: 3 0x000000008000009c (0xa001)
core   0: 3 0x000000008000009c (0xa001)
core   0: 3 0x000000008000009c (0xa001)
core   0: 3 0x000000008000009c (0xa001)
core   0: 3 0x000000008000009c (0xa001)
core   0: 3 0x000000008000009c (0xa001)
core   0: 3 0x000000008000009c (0xa001)
core   0: 3 0x000000008000009c (0xa001)
core   0: 3 0x000000008000009c (0xa001)
core   0: 3 0x000000008000009c (0xa001)
core   0: 3 0x000000008000009c (0xa001)
core   0: 3 0x000000008000009c (0xa001)
core   0: 3 0x000000008000009c (0xa001)
core   0: 3 0x000000008000009c (0xa001)
core   0: 3 0x000000008000009c (0xa001)
core   0: 3 0x000000008000009c (0xa001)
core   0: 3 0x000000008000009c (0xa001)
core   0: 3 0x000000008000009c (0xa001)
core   0: 3 0x000000008000009c (0xa001)
core   0: 3 0x000000008000009c (0xa001)
core   0: 3 0x000000008000009c (0xa001)
core   0: 3 0x000000008000009c (0xa001)
core   0: 3 0x000000008000009c (0xa001)
core   0: 3 0x000000008000009c (0xa001)
core   0: 3 0x000000008000009c (0xa001)
core   0: 3 0x000000008000009c (0xa001)
core   0: 3 0x000000008000009c (0xa001)
core   0: 3 0x000000008000009c (0xa001)
core   0: 3 0x000000008000009c (0xa001)
core   0: 3 0x000000008000009c (0xa001)
core   0: 3 0x000000008000009c (0xa001)
core   0: 3 0x000000008000009c (0xa001)
core   0: 3 0x000000008000009c (0xa001)
core   0: 3 0x000000008000009c (0xa001)
core   0: 3 0x000000008000009c (0xa001)
core   0: 3 0x000000008000009c (0xa001)
core   0: 3 0x000000008000009c (0xa001)
core   0: 3 0x000000008000009c (0xa001)
core   0: 3 0x000000008000009c (0xa001)
core   0: 3 0x000000008000009c (0xa001)
core   0: 3 0x000000008000009c (0xa001)
core   0: 3 0x000000008000009c (0xa001)
core   0: 3 0x000000008000009c (0xa001)
core   0: 3 0x000000008000009c (0xa001)
core   0: 3 0x000000008000009c (0xa001)
core   0: 3 0x000000008000009c (0xa001)
core   0: 3 0x000000008000009c (0xa001)
core   0: 3 0x000000008000009c (0xa001)
core   0: 3 0x000000008000009c (0xa001)
core   0: 3 0x000000008000009c (0xa001)
core   0: 3 0x000000008000009c (0xa001)
core   0: 3 0x000000008000009c (0xa001)
core   0: 3 0x000000008000009c (0xa001)
core   0: 3 0x000000008000009c (0xa001)
core   0: 3 0x000000008000009c (0xa001)
core   0: 3 0x000000008000009c (0xa001)
core   0: 3 0x000000008000009c (0xa001)
core   0: 3 0x000000008000009c (0xa001)
core   0: 3 0x000000008000009c (0xa001)
core   0: 3 0x000000008000009c (0xa001)
core   0: 3 0x000000008000009c (0xa001)
core   0: 3 0x000000008000009c (0xa001)
core   0: 3 0x000000008000009c (0xa001)
core   0: 3 0x000000008000009c (0xa001)
core   0: 3 0x000000008000009c (0xa001)
core   0: 3 0x000000008000009c (0xa001)
core   0: 3 0x000000008000009c (0xa001)
core   0: 3 0x000000008000009c (0xa001)
core   0: 3 0x000000008000009c (0xa001)
core   0: 3 0x000000008000009c (0xa001)
core   0: 3 0x000000008000009c (0xa001)
core   0: 3 0x000000008000009c (0xa001)
core   0: 3 0x000000008000009c (0xa001)
core   0: 3 0x000000008000009c (0xa001)
core   0: 3 0x000000008000009c (0xa001)
core   0: 3 0x000000008000009c (0xa001)
core   0: 3 0x000000008000009c (0xa001)
core   0: 3 0x000000008000009c (0xa001)
core   0: 3 0x000000008000009c (0xa001)
core   0: 3 0x000000008000009c (0xa001)
core   0: 3 0x000000008000009c (0xa001)
core   0: 3 0x000000008000009c (0xa001)
core   0: 3 0x000000008000009c (0xa001)
core   0: 3 0x000000008000009c (0xa001)
core   0: 3 0x000000008000009c (0xa001)
core   0: 3 0x000000008000009c (0xa001)
core   0: 3 0x000000008000009c (0xa001)
core   0: 3 0x000000008000009c (0xa001)
core   0: 3 0x000000008000009c (0xa001)
core   0: 3 0x000000008000009c (0xa001)
core   0: 3 0x000000008000009c (0xa001)
core   0: 3 0x000000008000009c (0xa001)
core   0: 3 0x000000008000009c (0xa001)
core   0: 3 0x000000008000009c (0xa001)
core   0: 3 0x000000008000009c (0xa001)
core   0: 3 0x000000008000009c (0xa001)
core   0: 3 0x000000008000009c (0xa001)
core   0: 3 0x000000008000009c (0xa001)
core   0: 3 0x000000008000009c (0xa001)
core   0: 3 0x000000008000009c (0xa001)
core   0: 3 0x000000008000009c (0xa001)
core   0: 3 0x000000008000009c (0xa001)
core   0: 3 0x000000008000009c (0xa001)
core   0: 3 0x000000008000009c (0xa001)
core   0: 3 0x000000008000009c (0xa001)
core   0: 3 0x000000008000009c (0xa001)
core   0: 3 0x000000008000009c (0xa001)
core   0: 3 0x000000008000009c (0xa001)
core   0: 3 0x000000008000009c (0xa001)
core   0: 3 0x000000008000009c (0xa001)
core   0: 3 0x000000008000009c (0xa001)
core   0: 3 0x000000008000009c (0xa001)
core   0: 3 0x000000008000009c (0xa001)
core   0: 3 0x000000008000009c (0xa001)
core   0: 3 0x000000008000009c (0xa001)
core   0: 3 0x000000008000009c (0xa001)
core   0: 3 0x000000008000009c (0xa001)
core   0: 3 0x000000008000009c (0xa001)
core   0: 3 0x000000008000009c (0xa001)
core   0: 3 0x000000008000009c (0xa001)
core   0: 3 0x000000008000009c (0xa001)
core   0: 3 0x000000008000009c (0xa001)
core   0: 3 0x000000008000009c (0xa001)
core   0: 3 0x000000008000009c (0xa001)
core   0: 3 0x000000008000009c (0xa001)
core   0: 3 0x000000008000009c (0xa001)
core   0: 3 0x000000008000009c (0xa001)
core   0: 3 0x000000008000009c (0xa001)
core   0: 3 0x000000008000009c (0xa001)
core   0: 3 0x000000008000009c (0xa001)
core   0: 3 0x000000008000009c (0xa001)
core   0: 3 0x000000008000009c (0xa001)
core   0: 3 0x000000008000009c (0xa001)
core   0: 3 0x000000008000009c (0xa001)
core   0: 3 0x000000008000009c (0xa001)
core   0: 3 0x000000008000009c (0xa001)
core   0: 3 0x000000008000009c (0xa001)
core   0: 3 0x000000008000009c (0xa001)
core   0: 3 0x000000008000009c (0xa001)
core   0: 3 0x000000008000009c (0xa001)
core   0: 3 0x000000008000009c (0xa001)
core   0: 3 0x000000008000009c (0xa001)
core   0: 3 0x000000008000009c (0xa001)
core   0: 3 0x000000008000009c (0xa001)
core   0: 3 0x000000008000009c (0xa001)
core   0: 3 0x000000008000009c (0xa001)
core   0: 3 0x000000008000009c (0xa001)
core   0: 3 0x000000008000009c (0xa001)
core   0: 3 0x000000008000009c (0xa001)
core   0: 3 0x000000008000009c (0xa001)
core   0: 3 0x000000008000009c (0xa001)
core   0: 3 0x000000008000009c (0xa001)
core   0: 3 0x000000008000009c (0xa001)
core   0: 3 0x000000008000009c (0xa001)
core   0: 3 0x000000008000009c (0xa001)
core   0: 3 0x000000008000009c (0xa001)
core   0: 3 0x000000008000009c (0xa001)
core   0: 3 0x000000008000009c (0xa001)
core   0: 3 0x000000008000009c (0xa001)
core   0: 3 0x000000008000009c (0xa001)
core   0: 3 0x000000008000009c (0xa001)
core   0: 3 0x000000008000009c (0xa001)
core   0: 3 0x000000008000009c (0xa001)
core   0: 3 0x000000008000009c (0xa001)
core   0: 3 0x000000008000009c (0xa001)
core   0: 3 0x000000008000009c (0xa001)
core   0: 3 0x000000008000009c (0xa001)
core   0: 3 0x000000008000009c (0xa001)
core   0: 3 0x000000008000009c (0xa001)
core   0: 3 0x000000008000009c (0xa001)
core   0: 3 0x000000008000009c (0xa001)
core   0: 3 0x000000008000009c (0xa001)
core   0: 3 0x000000008000009c (0xa001)
core   0: 3 0x000000008000009c (0xa001)
core   0: 3 0x000000008000009c (0xa001)
core   0: 3 0x000000008000009c (0xa001)
core   0: 3 0x000000008000009c (0xa001)
core   0: 3 0x000000008000009c (0xa001)
core   0: 3 0x000000008000009c (0xa001)
core   0: 3 0x000000008000009c (0xa001)
core   0: 3 0x000000008000009c (0xa001)
core   0: 3 0x000000008000009c (0xa001)
core   0: 3 0x000000008000009c (0xa001)
core   0: 3 0x000000008000009c (0xa001)
core   0: 3 0x000000008000009c (0xa001)
core   0: 3 0x000000008000009c (0xa001)
core   0: 3 0x000000008000009c (0xa001)
core   0: 3 0x000000008000009c (0xa001)
core   0: 3 0x000000008000009c (0xa001)
core   0: 3 0x000000008000009c (0xa001)
core   0: 3 0x000000008000009c (0xa001)
core   0: 3 0x000000008000009c (0xa001)
core   0: 3 0x000000008000009c (0xa001)
core   0: 3 0x000000008000009c (0xa001)
core   0: 3 0x000000008000009c (0xa001)
core   0: 3 0x000000008000009c (0xa001)
core   0: 3 0x000000008000009c (0xa001)
core   0: 3 0x000000008000009c (0xa001)
core   0: 3 0x000000008000009c (0xa001)
core   0: 3 0x000000008000009c (0xa001)
core   0: 3 0x000000008000009c (0xa001)
core   0: 3 0x000000008000009c (0xa001)
core   0: 3 0x000000008000009c (0xa001)
core   0: 3 0x000000008000009c (0xa001)
core   0: 3 0x000000008000009c (0xa001)
core   0: 3 0x000000008000009c (0xa001)
core   0: 3 0x000000008000009c (0xa001)
core   0: 3 0x000000008000009c (0xa001)
core   0: 3 0x000000008000009c (0xa001)
core   0: 3 0x000000008000009c (0xa001)
core   0: 3 0x000000008000009c (0xa001)
core   0: 3 0x000000008000009c (0xa001)
core   0: 3 0x000000008000009c (0xa001)
core   0: 3 0x000000008000009c (0xa001)
core   0: 3 0x000000008000009c (0xa001)
core   0: 3 0x000000008000009c (0xa001)
core   0: 3 0x000000008000009c (0xa001)
core   0: 3 0x000000008000009c (0xa001)
core   0: 3 0x000000008000009c (0xa001)
core   0: 3 0x000000008000009c (0xa001)
core   0: 3 0x000000008000009c (0xa001)
core   0: 3 0x000000008000009c (0xa001)
core   0: 3 0x000000008000009c (0xa001)
core   0: 3 0x000000008000009c (0xa001)
core   0: 3 0x000000008000009c (0xa001)
core   0: 3 0x000000008000009c (0xa001)
core   0: 3 0x000000008000009c (0xa001)
core   0: 3 0x000000008000009c (0xa001)
core   0: 3 0x000000008000009c (0xa001)
core   0: 3 0x000000008000009c (0xa001)
core   0: 3 0x000000008000009c (0xa001)
core   0: 3 0x000000008000009c (0xa001)
core   0: 3 0x000000008000009c (0xa001)
core   0: 3 0x000000008000009c (0xa001)
core   0: 3 0x000000008000009c (0xa001)
core   0: 3 0x000000008000009c (0xa001)
core   0: 3 0x000000008000009c (0xa001)
core   0: 3 0x000000008000009c (0xa001)
core   0: 3 0x000000008000009c (0xa001)
core   0: 3 0x000000008000009c (0xa001)
core   0: 3 0x000000008000009c (0xa001)
core   0: 3 0x000000008000009c (0xa001)
core   0: 3 0x000000008000009c (0xa001)
core   0: 3 0x000000008000009c (0xa001)
core   0: 3 0x000000008000009c (0xa001)
core   0: 3 0x000000008000009c (0xa001)
core   0: 3 0x000000008000009c (0xa001)
core   0: 3 0x000000008000009c (0xa001)
core   0: 3 0x000000008000009c (0xa001)
core   0: 3 0x000000008000009c (0xa001)
core   0: 3 0x000000008000009c (0xa001)
core   0: 3 0x000000008000009c (0xa001)
core   0: 3 0x000000008000009c (0xa001)
core   0: 3 0x000000008000009c (0xa001)
core   0: 3 0x000000008000009c (0xa001)
core   0: 3 0x000000008000009c (0xa001)
core   0: 3 0x000000008000009c (0xa001)
core   0: 3 0x000000008000009c (0xa001)
core   0: 3 0x000000008000009c (0xa001)
core   0: 3 0x000000008000009c (0xa001)
core   0: 3 0x000000008000009c (0xa001)
core   0: 3 0x000000008000009c (0xa001)
core   0: 3 0x000000008000009c (0xa001)
core   0: 3 0x000000008000009c (0xa001)
core   0: 3 0x000000008000009c (0xa001)
core   0: 3 0x000000008000009c (0xa001)
core   0: 3 0x000000008000009c (0xa001)
core   0: 3 0x000000008000009c (0xa001)
core   0: 3 0x000000008000009c (0xa001)
core   0: 3 0x000000008000009c (0xa001)
core   0: 3 0x000000008000009c (0xa001)
core   0: 3 0x000000008000009c (0xa001)
core   0: 3 0x000000008000009c (0xa001)
core   0: 3 0x000000008000009c (0xa001)
core   0: 3 0x000000008000009c (0xa001)
core   0: 3 0x000000008000009c (0xa001)
core   0: 3 0x000000008000009c (0xa001)
core   0: 3 0x000000008000009c (0xa001)
core   0: 3 0x000000008000009c (0xa001)
core   0: 3 0x000000008000009c (0xa001)
core   0: 3 0x000000008000009c (0xa001)
core   0: 3 0x000000008000009c (0xa001)
core   0: 3 0x000000008000009c (0xa001)
core   0: 3 0x000000008000009c (0xa001)
core   0: 3 0x000000008000009c (0xa001)
core   0: 3 0x000000008000009c (0xa001)
core   0: 3 0x000000008000009c (0xa001)
core   0: 3 0x000000008000009c (0xa001)
core   0: 3 0x000000008000009c (0xa001)
core   0: 3 0x000000008000009c (0xa001)
core   0: 3 0x000000008000009c (0xa001)
core   0: 3 0x000000008000009c (0xa001)
core   0: 3 0x000000008000009c (0xa001)
core   0: 3 0x000000008000009c (0xa001)
core   0: 3 0x000000008000009c (0xa001)
core   0: 3 0x000000008000009c (0xa001)
core   0: 3 0x000000008000009c (0xa001)
core   0: 3 0x000000008000009c (0xa001)
core   0: 3 0x000000008000009c (0xa001)
core   0: 3 0x000000008000009c (0xa001)
core   0: 3 0x000000008000009c (0xa001)
core   0: 3 0x000000008000009c (0xa001)
core   0: 3 0x000000008000009c (0xa001)
core   0: 3 0x000000008000009c (0xa001)
core   0: 3 0x000000008000009c (0xa001)
core   0: 3 0x000000008000009c (0xa001)
core   0: 3 0x000000008000009c (0xa001)
core   0: 3 0x000000008000009c (0xa001)
core   0: 3 0x000000008000009c (0xa001)
core   0: 3 0x000000008000009c (0xa001)
core   0: 3 0x000000008000009c (0xa001)
core   0: 3 0x000000008000009c (0xa001)
core   0: 3 0x000000008000009c (0xa001)
core   0: 3 0x000000008000009c (0xa001)
core   0: 3 0x000000008000009c (0xa001)
core   0: 3 0x000000008000009c (0xa001)
core   0: 3 0x000000008000009c (0xa001)
core   0: 3 0x000000008000009c (0xa001)
core   0: 3 0x000000008000009c (0xa001)
core   0: 3 0x000000008000009c (0xa001)
core   0: 3 0x000000008000009c (0xa001)
core   0: 3 0x000000008000009c (0xa001)
core   0: 3 0x000000008000009c (0xa001)
core   0: 3 0x000000008000009c (0xa001)
core   0: 3 0x000000008000009c (0xa001)
core   0: 3 0x000000008000009c (0xa001)
core   0: 3 0x000000008000009c (0xa001)
core   0: 3 0x000000008000009c (0xa001)
core   0: 3 0x000000008000009c (0xa001)
core   0: 3 0x000000008000009c (0xa001)
core   0: 3 0x000000008000009c (0xa001)
core   0: 3 0x000000008000009c (0xa001)
core   0: 3 0x000000008000009c (0xa001)
core   0: 3 0x000000008000009c (0xa001)
core   0: 3 0x000000008000009c (0xa001)
core   0: 3 0x000000008000009c (0xa001)
core   0: 3 0x000000008000009c (0xa001)
core   0: 3 0x000000008000009c (0xa001)
core   0: 3 0x000000008000009c (0xa001)
core   0: 3 0x000000008000009c (0xa001)
core   0: 3 0x000000008000009c (0xa001)
core   0: 3 0x000000008000009c (0xa001)
core   0: 3 0x000000008000009c (0xa001)
core   0: 3 0x000000008000009c (0xa001)
core   0: 3 0x000000008000009c (0xa001)
core   0: 3 0x000000008000009c (0xa001)
core   0: 3 0x000000008000009c (0xa001)
core   0: 3 0x000000008000009c (0xa001)
core   0: 3 0x000000008000009c (0xa001)
core   0: 3 0x000000008000009c (0xa001)
core   0: 3 0x000000008000009c (0xa001)
core   0: 3 0x000000008000009c (0xa001)
core   0: 3 0x000000008000009c (0xa001)
core   0: 3 0x000000008000009c (0xa001)
core   0: 3 0x000000008000009c (0xa001)
core   0: 3 0x000000008000009c (0xa001)
core   0: 3 0x000000008000009c (0xa001)
core   0: 3 0x000000008000009c (0xa001)
core   0: 3 0x000000008000009c (0xa001)
core   0: 3 0x000000008000009c (0xa001)
core   0: 3 0x000000008000009c (0xa001)
core   0: 3 0x000000008000009c (0xa001)
core   0: 3 0x000000008000009c (0xa001)
core   0: 3 0x000000008000009c (0xa001)
core   0: 3 0x000000008000009c (0xa001)
core   0: 3 0x000000008000009c (0xa001)
core   0: 3 0x000000008000009c (0xa001)
core   0: 3 0x000000008000009c (0xa001)
core   0: 3 0x000000008000009c (0xa001)
core   0: 3 0x000000008000009c (0xa001)
core   0: 3 0x000000008000009c (0xa001)
core   0: 3 0x000000008000009c (0xa001)
core   0: 3 0x000000008000009c (0xa001)
core   0: 3 0x000000008000009c (0xa001)
core   0: 3 0x000000008000009c (0xa001)
core   0: 3 0x000000008000009c (0xa001)
core   0: 3 0x000000008000009c (0xa001)
core   0: 3 0x000000008000009c (0xa001)
core   0: 3 0x000000008000009c (0xa001)
core   0: 3 0x000000008000009c (0xa001)
core   0: 3 0x000000008000009c (0xa001)
core   0: 3 0x000000008000009c (0xa001)
core   0: 3 0x000000008000009c (0xa001)
core   0: 3 0x000000008000009c (0xa001)
core   0: 3 0x000000008000009c (0xa001)
core   0: 3 0x000000008000009c (0xa001)
core   0: 3 0x000000008000009c (0xa001)
core   0: 3 0x000000008000009c (0xa001)
core   0: 3 0x000000008000009c (0xa001)
core   0: 3 0x000000008000009c (0xa001)
core   0: 3 0x000000008000009c (0xa001)
core   0: 3 0x000000008000009c (0xa001)
core   0: 3 0x000000008000009c (0xa001)
core   0: 3 0x000000008000009c (0xa001)
core   0: 3 0x000000008000009c (0xa001)
core   0: 3 0x000000008000009c (0xa001)
core   0: 3 0x000000008000009c (0xa001)
core   0: 3 0x000000008000009c (0xa001)
core   0: 3 0x000000008000009c (0xa001)
core   0: 3 0x000000008000009c (0xa001)
core   0: 3 0x000000008000009c (0xa001)
core   0: 3 0x000000008000009c (0xa001)
core   0: 3 0x000000008000009c (0xa001)
core   0: 3 0x000000008000009c (0xa001)
core   0: 3 0x000000008000009c (0xa001)
core   0: 3 0x000000008000009c (0xa001)
core   0: 3 0x000000008000009c (0xa001)
core   0: 3 0x000000008000009c (0xa001)
core   0: 3 0x000000008000009c (0xa001)
core   0: 3 0x000000008000009c (0xa001)
core   0: 3 0x000000008000009c (0xa001)
core   0: 3 0x000000008000009c (0xa001)
core   0: 3 0x000000008000009c (0xa001)
core   0: 3 0x000000008000009c (0xa001)
core   0: 3 0x000000008000009c (0xa001)
core   0: 3 0x000000008000009c (0xa001)
core   0: 3 0x000000008000009c (0xa001)
core   0: 3 0x000000008000009c (0xa001)
core   0: 3 0x000000008000009c (0xa001)
core   0: 3 0x000000008000009c (0xa001)
core   0: 3 0x000000008000009c (0xa001)
core   0: 3 0x000000008000009c (0xa001)
core   0: 3 0x000000008000009c (0xa001)
core   0: 3 0x000000008000009c (0xa001)
core   0: 3 0x000000008000009c (0xa001)
core   0: 3 0x000000008000009c (0xa001)
core   0: 3 0x000000008000009c (0xa001)
core   0: 3 0x000000008000009c (0xa001)
core   0: 3 0x000000008000009c (0xa001)
core   0: 3 0x000000008000009c (0xa001)
core   0: 3 0x000000008000009c (0xa001)
core   0: 3 0x000000008000009c (0xa001)
core   0: 3 0x000000008000009c (0xa001)
core   0: 3 0x000000008000009c (0xa001)
core   0: 3 0x000000008000009c (0xa001)
core   0: 3 0x000000008000009c (0xa001)
core   0: 3 0x000000008000009c (0xa001)
core   0: 3 0x000000008000009c (0xa001)
core   0: 3 0x000000008000009c (0xa001)
core   0: 3 0x000000008000009c (0xa001)
core   0: 3 0x000000008000009c (0xa001)
core   0: 3 0x000000008000009c (0xa001)
core   0: 3 0x000000008000009c (0xa001)
core   0: 3 0x000000008000009c (0xa001)
core   0: 3 0x000000008000009c (0xa001)
core   0: 3 0x000000008000009c (0xa001)
core   0: 3 0x000000008000009c (0xa001)
core   0: 3 0x000000008000009c (0xa001)
core   0: 3 0x000000008000009c (0xa001)
core   0: 3 0x000000008000009c (0xa001)
core   0: 3 0x000000008000009c (0xa001)
core   0: 3 0x000000008000009c (0xa001)
core   0: 3 0x000000008000009c (0xa001)
core   0: 3 0x000000008000009c (0xa001)
core   0: 3 0x000000008000009c (0xa001)
core   0: 3 0x000000008000009c (0xa001)
core   0: 3 0x000000008000009c (0xa001)
core   0: 3 0x000000008000009c (0xa001)
core   0: 3 0x000000008000009c (0xa001)
core   0: 3 0x000000008000009c (0xa001)
core   0: 3 0x000000008000009c (0xa001)
core   0: 3 0x000000008000009c (0xa001)
core   0: 3 0x000000008000009c (0xa001)
core   0: 3 0x000000008000009c (0xa001)
core   0: 3 0x000000008000009c (0xa001)
core   0: 3 0x000000008000009c (0xa001)
core   0: 3 0x000000008000009c (0xa001)
core   0: 3 0x000000008000009c (0xa001)
core   0: 3 0x000000008000009c (0xa001)
core   0: 3 0x000000008000009c (0xa001)
core   0: 3 0x000000008000009c (0xa001)
core   0: 3 0x000000008000009c (0xa001)
core   0: 3 0x000000008000009c (0xa001)
core   0: 3 0x000000008000009c (0xa001)
core   0: 3 0x000000008000009c (0xa001)
core   0: 3 0x000000008000009c (0xa001)
core   0: 3 0x000000008000009c (0xa001)
core   0: 3 0x000000008000009c (0xa001)
core   0: 3 0x000000008000009c (0xa001)
core   0: 3 0x000000008000009c (0xa001)
core   0: 3 0x000000008000009c (0xa001)
core   0: 3 0x000000008000009c (0xa001)
core   0: 3 0x000000008000009c (0xa001)
core   0: 3 0x000000008000009c (0xa001)
core   0: 3 0x000000008000009c (0xa001)
core   0: 3 0x000000008000009c (0xa001)
core   0: 3 0x000000008000009c (0xa001)
core   0: 3 0x000000008000009c (0xa001)
core   0: 3 0x000000008000009c (0xa001)
core   0: 3 0x000000008000009c (0xa001)
core   0: 3 0x000000008000009c (0xa001)
core   0: 3 0x000000008000009c (0xa001)
core   0: 3 0x000000008000009c (0xa001)
core   0: 3 0x000000008000009c (0xa001)
core   0: 3 0x000000008000009c (0xa001)
core   0: 3 0x000000008000009c (0xa001)
core   0: 3 0x000000008000009c (0xa001)
core   0: 3 0x000000008000009c (0xa001)
core   0: 3 0x000000008000009c (0xa001)
core   0: 3 0x000000008000009c (0xa001)
core   0: 3 0x000000008000009c (0xa001)
core   0: 3 0x000000008000009c (0xa001)
core   0: 3 0x000000008000009c (0xa001)
core   0: 3 0x000000008000009c (0xa001)
core   0: 3 0x000000008000009c (0xa001)
core   0: 3 0x000000008000009c (0xa001)
core   0: 3 0x000000008000009c (0xa001)
core   0: 3 0x000000008000009c (0xa001)
core   0: 3 0x000000008000009c (0xa001)
core   0: 3 0x000000008000009c (0xa001)
core   0: 3 0x000000008000009c (0xa001)
core   0: 3 0x000000008000009c (0xa001)
core   0: 3 0x000000008000009c (0xa001)
core   0: 3 0x000000008000009c (0xa001)
core   0: 3 0x000000008000009c (0xa001)
core   0: 3 0x000000008000009c (0xa001)
core   0: 3 0x000000008000009c (0xa001)
core   0: 3 0x000000008000009c (0xa001)
core   0: 3 0x000000008000009c (0xa001)
core   0: 3 0x000000008000009c (0xa001)
core   0: 3 0x000000008000009c (0xa001)
core   0: 3 0x000000008000009c (0xa001)
core   0: 3 0x000000008000009c (0xa001)
core   0: 3 0x000000008000009c (0xa001)
core   0: 3 0x000000008000009c (0xa001)
core   0: 3 0x000000008000009c (0xa001)
core   0: 3 0x000000008000009c (0xa001)
core   0: 3 0x000000008000009c (0xa001)
core   0: 3 0x000000008000009c (0xa001)
core   0: 3 0x000000008000009c (0xa001)
core   0: 3 0x000000008000009c (0xa001)
core   0: 3 0x000000008000009c (0xa001)
core   0: 3 0x000000008000009c (0xa001)
core   0: 3 0x000000008000009c (0xa001)
core   0: 3 0x000000008000009c (0xa001)
core   0: 3 0x000000008000009c (0xa001)
core   0: 3 0x000000008000009c (0xa001)
core   0: 3 0x000000008000009c (0xa001)
core   0: 3 0x000000008000009c (0xa001)
core   0: 3 0x000000008000009c (0xa001)
core   0: 3 0x000000008000009c (0xa001)
core   0: 3 0x000000008000009c (0xa001)
core   0: 3 0x000000008000009c (0xa001)
core   0: 3 0x000000008000009c (0xa001)
core   0: 3 0x000000008000009c (0xa001)
core   0: 3 0x000000008000009c (0xa001)
core   0: 3 0x000000008000009c (0xa001)
core   0: 3 0x000000008000009c (0xa001)
core   0: 3 0x000000008000009c (0xa001)
core   0: 3 0x000000008000009c (0xa001)
core   0: 3 0x000000008000009c (0xa001)
core   0: 3 0x000000008000009c (0xa001)
core   0: 3 0x000000008000009c (0xa001)
core   0: 3 0x000000008000009c (0xa001)
core   0: 3 0x000000008000009c (0xa001)
core   0: 3 0x000000008000009c (0xa001)
core   0: 3 0x000000008000009c (0xa001)
core   0: 3 0x000000008000009c (0xa001)
core   0: 3 0x000000008000009c (0xa001)
core   0: 3 0x000000008000009c (0xa001)
core   0: 3 0x000000008000009c (0xa001)
core   0: 3 0x000000008000009c (0xa001)
core   0: 3 0x000000008000009c (0xa001)
core   0: 3 0x000000008000009c (0xa001)
core   0: 3 0x000000008000009c (0xa001)
core   0: 3 0x000000008000009c (0xa001)
core   0: 3 0x000000008000009c (0xa001)
core   0: 3 0x000000008000009c (0xa001)
core   0: 3 0x000000008000009c (0xa001)
core   0: 3 0x000000008000009c (0xa001)
core   0: 3 0x000000008000009c (0xa001)
core   0: 3 0x000000008000009c (0xa001)
core   0: 3 0x000000008000009c (0xa001)
core   0: 3 0x000000008000009c (0xa001)
core   0: 3 0x000000008000009c (0xa001)
core   0: 3 0x000000008000009c (0xa001)
core   0: 3 0x000000008000009c (0xa001)
core   0: 3 0x000000008000009c (0xa001)
core   0: 3 0x000000008000009c (0xa001)
core   0: 3 0x000000008000009c (0xa001)
core   0: 3 0x000000008000009c (0xa001)
core   0: 3 0x000000008000009c (0xa001)
core   0: 3 0x000000008000009c (0xa001)
core   0: 3 0x000000008000009c (0xa001)
core   0: 3 0x000000008000009c (0xa001)
core   0: 3 0x000000008000009c (0xa001)
core   0: 3 0x000000008000009c (0xa001)
core   0: 3 0x000000008000009c (0xa001)
core   0: 3 0x000000008000009c (0xa001)
core   0: 3 0x000000008000009c (0xa001)
core   0: 3 0x000000008000009c (0xa001)
core   0: 3 0x000000008000009c (0xa001)
core   0: 3 0x000000008000009c (0xa001)
core   0: 3 0x000000008000009c (0xa001)
core   0: 3 0x000000008000009c (0xa001)
core   0: 3 0x000000008000009c (0xa001)
core   0: 3 0x000000008000009c (0xa001)
core   0: 3 0x000000008000009c (0xa001)
core   0: 3 0x000000008000009c (0xa001)
core   0: 3 0x000000008000009c (0xa001)
core   0: 3 0x000000008000009c (0xa001)
core   0: 3 0x000000008000009c (0xa001)
core   0: 3 0x000000008000009c (0xa001)
core   0: 3 0x000000008000009c (0xa001)
core   0: 3 0x000000008000009c (0xa001)
core   0: 3 0x000000008000009c (0xa001)
core   0: 3 0x000000008000009c (0xa001)
core   0: 3 0x000000008000009c (0xa001)
core   0: 3 0x000000008000009c (0xa001)
core   0: 3 0x000000008000009c (0xa001)
core   0: 3 0x000000008000009c (0xa001)
core   0: 3 0x000000008000009c (0xa001)
core   0: 3 0x000000008000009c (0xa001)
core   0: 3 0x000000008000009c (0xa001)
core   0: 3 0x000000008000009c (0xa001)
core   0: 3 0x000000008000009c (0xa001)
core   0: 3 0x000000008000009c (0xa001)
core   0: 3 0x000000008000009c (0xa001)
core   0: 3 0x000000008000009c (0xa001)
core   0: 3 0x000000008000009c (0xa001)
core   0: 3 0x000000008000009c (0xa001)
core   0: 3 0x000000008000009c (0xa001)
core   0: 3 0x000000008000009c (0xa001)
core   0: 3 0x000000008000009c (0xa001)
core   0: 3 0x000000008000009c (0xa001)
core   0: 3 0x000000008000009c (0xa001)
core   0: 3 0x000000008000009c (0xa001)
core   0: 3 0x000000008000009c (0xa001)
core   0: 3 0x000000008000009c (0xa001)
core   0: 3 0x000000008000009c (0xa001)
core   0: 3 0x000000008000009c (0xa001)
core   0: 3 0x000000008000009c (0xa001)
core   0: 3 0x000000008000009c (0xa001)
core   0: 3 0x000000008000009c (0xa001)
core   0: 3 0x000000008000009c (0xa001)
core   0: 3 0x000000008000009c (0xa001)
core   0: 3 0x000000008000009c (0xa001)
core   0: 3 0x000000008000009c (0xa001)
core   0: 3 0x000000008000009c (0xa001)
core   0: 3 0x000000008000009c (0xa001)
core   0: 3 0x000000008000009c (0xa001)
core   0: 3 0x000000008000009c (0xa001)
core   0: 3 0x000000008000009c (0xa001)
core   0: 3 0x000000008000009c (0xa001)
core   0: 3 0x000000008000009c (0xa001)
core   0: 3 0x000000008000009c (0xa001)
core   0: 3 0x000000008000009c (0xa001)
core   0: 3 0x000000008000009c (0xa001)
core   0: 3 0x000000008000009c (0xa001)
core   0: 3 0x000000008000009c (0xa001)
core   0: 3 0x000000008000009c (0xa001)
core   0: 3 0x000000008000009c (0xa001)
core   0: 3 0x000000008000009c (0xa001)
core   0: 3 0x000000008000009c (0xa001)
core   0: 3 0x000000008000009c (0xa001)
core   0: 3 0x000000008000009c (0xa001)
core   0: 3 0x000000008000009c (0xa001)
core   0: 3 0x000000008000009c (0xa001)
core   0: 3 0x000000008000009c (0xa001)
core   0: 3 0x000000008000009c (0xa001)
core   0: 3 0x000000008000009c (0xa001)
core   0: 3 0x000000008000009c (0xa001)
core   0: 3 0x000000008000009c (0xa001)
core   0: 3 0x000000008000009c (0xa001)
core   0: 3 0x000000008000009c (0xa001)
core   0: 3 0x000000008000009c (0xa001)
core   0: 3 0x000000008000009c (0xa001)
core   0: 3 0x000000008000009c (0xa001)
core   0: 3 0x000000008000009c (0xa001)
core   0: 3 0x000000008000009c (0xa001)
core   0: 3 0x000000008000009c (0xa001)
core   0: 3 0x000000008000009c (0xa001)
core   0: 3 0x000000008000009c (0xa001)
core   0: 3 0x000000008000009c (0xa001)
core   0: 3 0x000000008000009c (0xa001)
core   0: 3 0x000000008000009c (0xa001)
core   0: 3 0x000000008000009c (0xa001)
core   0: 3 0x000000008000009c (0xa001)
core   0: 3 0x000000008000009c (0xa001)
core   0: 3 0x000000008000009c (0xa001)
core   0: 3 0x000000008000009c (0xa001)
core   0: 3 0x000000008000009c (0xa001)
core   0: 3 0x000000008000009c (0xa001)
core   0: 3 0x000000008000009c (0xa001)
core   0: 3 0x000000008000009c (0xa001)
core   0: 3 0x000000008000009c (0xa001)
core   0: 3 0x000000008000009c (0xa001)
core   0: 3 0x000000008000009c (0xa001)
core   0: 3 0x000000008000009c (0xa001)
core   0: 3 0x000000008000009c (0xa001)
core   0: 3 0x000000008000009c (0xa001)
core   0: 3 0x000000008000009c (0xa001)
core   0: 3 0x000000008000009c (0xa001)
core   0: 3 0x000000008000009c (0xa001)
core   0: 3 0x000000008000009c (0xa001)
core   0: 3 0x000000008000009c (0xa001)
core   0: 3 0x000000008000009c (0xa001)
core   0: 3 0x000000008000009c (0xa001)
core   0: 3 0x000000008000009c (0xa001)
core   0: 3 0x000000008000009c (0xa001)
core   0: 3 0x000000008000009c (0xa001)
core   0: 3 0x000000008000009c (0xa001)
core   0: 3 0x000000008000009c (0xa001)
core   0: 3 0x000000008000009c (0xa001)
core   0: 3 0x000000008000009c (0xa001)
core   0: 3 0x000000008000009c (0xa001)
core   0: 3 0x000000008000009c (0xa001)
core   0: 3 0x000000008000009c (0xa001)
core   0: 3 0x000000008000009c (0xa001)
core   0: 3 0x000000008000009c (0xa001)
core   0: 3 0x000000008000009c (0xa001)
core   0: 3 0x000000008000009c (0xa001)
core   0: 3 0x000000008000009c (0xa001)
core   0: 3 0x000000008000009c (0xa001)
core   0: 3 0x000000008000009c (0xa001)
core   0: 3 0x000000008000009c (0xa001)
core   0: 3 0x000000008000009c (0xa001)
core   0: 3 0x000000008000009c (0xa001)
core   0: 3 0x000000008000009c (0xa001)
core   0: 3 0x000000008000009c (0xa001)
core   0: 3 0x000000008000009c (0xa001)
core   0: 3 0x000000008000009c (0xa001)
core   0: 3 0x000000008000009c (0xa001)
core   0: 3 0x000000008000009c (0xa001)
core   0: 3 0x000000008000009c (0xa001)
core   0: 3 0x000000008000009c (0xa001)
core   0: 3 0x000000008000009c (0xa001)
core   0: 3 0x000000008000009c (0xa001)
core   0: 3 0x000000008000009c (0xa001)
core   0: 3 0x000000008000009c (0xa001)
core   0: 3 0x000000008000009c (0xa001)
core   0: 3 0x000000008000009c (0xa001)
core   0: 3 0x000000008000009c (0xa001)
core   0: 3 0x000000008000009c (0xa001)
core   0: 3 0x000000008000009c (0xa001)
core   0: 3 0x000000008000009c (0xa001)
core   0: 3 0x000000008000009c (0xa001)
core   0: 3 0x000000008000009c (0xa001)
core   0: 3 0x000000008000009c (0xa001)
core   0: 3 0x000000008000009c (0xa001)
core   0: 3 0x000000008000009c (0xa001)
core   0: 3 0x000000008000009c (0xa001)
core   0: 3 0x000000008000009c (0xa001)
core   0: 3 0x000000008000009c (0xa001)
core   0: 3 0x000000008000009c (0xa001)
core   0: 3 0x000000008000009c (0xa001)
core   0: 3 0x000000008000009c (0xa001)
core   0: 3 0x000000008000009c (0xa001)
core   0: 3 0x000000008000009c (0xa001)
core   0: 3 0x000000008000009c (0xa001)
core   0: 3 0x000000008000009c (0xa001)
core   0: 3 0x000000008000009c (0xa001)
core   0: 3 0x000000008000009c (0xa001)
core   0: 3 0x000000008000009c (0xa001)
core   0: 3 0x000000008000009c (0xa001)
core   0: 3 0x000000008000009c (0xa001)
core   0: 3 0x000000008000009c (0xa001)
core   0: 3 0x000000008000009c (0xa001)
core   0: 3 0x000000008000009c (0xa001)
core   0: 3 0x000000008000009c (0xa001)
core   0: 3 0x000000008000009c (0xa001)
core   0: 3 0x000000008000009c (0xa001)
core   0: 3 0x000000008000009c (0xa001)
core   0: 3 0x000000008000009c (0xa001)
core   0: 3 0x000000008000009c (0xa001)
core   0: 3 0x000000008000009c (0xa001)
core   0: 3 0x000000008000009c (0xa001)
core   0: 3 0x000000008000009c (0xa001)
core   0: 3 0x000000008000009c (0xa001)
core   0: 3 0x000000008000009c (0xa001)
core   0: 3 0x000000008000009c (0xa001)
core   0: 3 0x000000008000009c (0xa001)
core   0: 3 0x000000008000009c (0xa001)
core   0: 3 0x000000008000009c (0xa001)
core   0: 3 0x000000008000009c (0xa001)
core   0: 3 0x000000008000009c (0xa001)
core   0: 3 0x000000008000009c (0xa001)
core   0: 3 0x000000008000009c (0xa001)
core   0: 3 0x000000008000009c (0xa001)
core   0: 3 0x000000008000009c (0xa001)
core   0: 3 0x000000008000009c (0xa001)
core   0: 3 0x000000008000009c (0xa001)
core   0: 3 0x000000008000009c (0xa001)
core   0: 3 0x000000008000009c (0xa001)
core   0: 3 0x000000008000009c (0xa001)
core   0: 3 0x000000008000009c (0xa001)
core   0: 3 0x000000008000009c (0xa001)
core   0: 3 0x000000008000009c (0xa001)
core   0: 3 0x000000008000009c (0xa001)
core   0: 3 0x000000008000009c (0xa001)
core   0: 3 0x000000008000009c (0xa001)
core   0: 3 0x000000008000009c (0xa001)
core   0: 3 0x000000008000009c (0xa001)
core   0: 3 0x000000008000009c (0xa001)
core   0: 3 0x000000008000009c (0xa001)
core   0: 3 0x000000008000009c (0xa001)
core   0: 3 0x000000008000009c (0xa001)
core   0: 3 0x000000008000009c (0xa001)
core   0: 3 0x000000008000009c (0xa001)
core   0: 3 0x000000008000009c (0xa001)
core   0: 3 0x000000008000009c (0xa001)
core   0: 3 0x000000008000009c (0xa001)
core   0: 3 0x000000008000009c (0xa001)
core   0: 3 0x000000008000009c (0xa001)
core   0: 3 0x000000008000009c (0xa001)
core   0: 3 0x000000008000009c (0xa001)
core   0: 3 0x000000008000009c (0xa001)
core   0: 3 0x000000008000009c (0xa001)
core   0: 3 0x000000008000009c (0xa001)
core   0: 3 0x000000008000009c (0xa001)
core   0: 3 0x000000008000009c (0xa001)
core   0: 3 0x000000008000009c (0xa001)
core   0: 3 0x000000008000009c (0xa001)
core   0: 3 0x000000008000009c (0xa001)
core   0: 3 0x000000008000009c (0xa001)
core   0: 3 0x000000008000009c (0xa001)
core   0: 3 0x000000008000009c (0xa001)
core   0: 3 0x000000008000009c (0xa001)
core   0: 3 0x000000008000009c (0xa001)
core   0: 3 0x000000008000009c (0xa001)
core   0: 3 0x000000008000009c (0xa001)
core   0: 3 0x000000008000009c (0xa001)
core   0: 3 0x000000008000009c (0xa001)
core   0: 3 0x000000008000009c (0xa001)
core   0: 3 0x000000008000009c (0xa001)
core   0: 3 0x000000008000009c (0xa001)
core   0: 3 0x000000008000009c (0xa001)
core   0: 3 0x000000008000009c (0xa001)
core   0: 3 0x000000008000009c (0xa001)
core   0: 3 0x000000008000009c (0xa001)
core   0: 3 0x000000008000009c (0xa001)
core   0: 3 0x000000008000009c (0xa001)
core   0: 3 0x000000008000009c (0xa001)
core   0: 3 0x000000008000009c (0xa001)
core   0: 3 0x000000008000009c (0xa001)
core   0: 3 0x000000008000009c (0xa001)
core   0: 3 0x000000008000009c (0xa001)
core   0: 3 0x000000008000009c (0xa001)
core   0: 3 0x000000008000009c (0xa001)
core   0: 3 0x000000008000009c (0xa001)
core   0: 3 0x000000008000009c (0xa001)
core   0: 3 0x000000008000009c (0xa001)
core   0: 3 0x000000008000009c (0xa001)
core   0: 3 0x000000008000009c (0xa001)
core   0: 3 0x000000008000009c (0xa001)
core   0: 3 0x000000008000009c (0xa001)
core   0: 3 0x000000008000009c (0xa001)
core   0: 3 0x000000008000009c (0xa001)
core   0: 3 0x000000008000009c (0xa001)
core   0: 3 0x000000008000009c (0xa001)
core   0: 3 0x000000008000009c (0xa001)
core   0: 3 0x000000008000009c (0xa001)
core   0: 3 0x000000008000009c (0xa001)
core   0: 3 0x000000008000009c (0xa001)
core   0: 3 0x000000008000009c (0xa001)
core   0: 3 0x000000008000009c (0xa001)
core   0: 3 0x000000008000009c (0xa001)
core   0: 3 0x000000008000009c (0xa001)
core   0: 3 0x000000008000009c (0xa001)
core   0: 3 0x000000008000009c (0xa001)
core   0: 3 0x000000008000009c (0xa001)
core   0: 3 0x000000008000009c (0xa001)
core   0: 3 0x000000008000009c (0xa001)
core   0: 3 0x000000008000009c (0xa001)
core   0: 3 0x000000008000009c (0xa001)
core   0: 3 0x000000008000009c (0xa001)
core   0: 3 0x000000008000009c (0xa001)
core   0: 3 0x000000008000009c (0xa001)
core   0: 3 0x000000008000009c (0xa001)
core   0: 3 0x000000008000009c (0xa001)
core   0: 3 0x000000008000009c (0xa001)
core   0: 3 0x000000008000009c (0xa001)
core   0: 3 0x000000008000009c (0xa001)
core   0: 3 0x000000008000009c (0xa001)
core   0: 3 0x000000008000009c (0xa001)
core   0: 3 0x000000008000009c (0xa001)
core   0: 3 0x000000008000009c (0xa001)
core   0: 3 0x000000008000009c (0xa001)
core   0: 3 0x000000008000009c (0xa001)
core   0: 3 0x000000008000009c (0xa001)
core   0: 3 0x000000008000009c (0xa001)
core   0: 3 0x000000008000009c (0xa001)
core   0: 3 0x000000008000009c (0xa001)
core   0: 3 0x000000008000009c (0xa001)
core   0: 3 0x000000008000009c (0xa001)
core   0: 3 0x000000008000009c (0xa001)
core   0: 3 0x000000008000009c (0xa001)
core   0: 3 0x000000008000009c (0xa001)
core   0: 3 0x000000008000009c (0xa001)
core   0: 3 0x000000008000009c (0xa001)
core   0: 3 0x000000008000009c (0xa001)
core   0: 3 0x000000008000009c (0xa001)
core   0: 3 0x000000008000009c (0xa001)
core   0: 3 0x000000008000009c (0xa001)
core   0: 3 0x000000008000009c (0xa001)
core   0: 3 0x000000008000009c (0xa001)
core   0: 3 0x000000008000009c (0xa001)
core   0: 3 0x000000008000009c (0xa001)
core   0: 3 0x000000008000009c (0xa001)
core   0: 3 0x000000008000009c (0xa001)
core   0: 3 0x000000008000009c (0xa001)
core   0: 3 0x000000008000009c (0xa001)
core   0: 3 0x000000008000009c (0xa001)
core   0: 3 0x000000008000009c (0xa001)
core   0: 3 0x000000008000009c (0xa001)
core   0: 3 0x000000008000009c (0xa001)
core   0: 3 0x000000008000009c (0xa001)
core   0: 3 0x000000008000009c (0xa001)
core   0: 3 0x000000008000009c (0xa001)
core   0: 3 0x000000008000009c (0xa001)
core   0: 3 0x000000008000009c (0xa001)
core   0: 3 0x000000008000009c (0xa001)
core   0: 3 0x000000008000009c (0xa001)
core   0: 3 0x000000008000009c (0xa001)
core   0: 3 0x000000008000009c (0xa001)
core   0: 3 0x000000008000009c (0xa001)
core   0: 3 0x000000008000009c (0xa001)
core   0: 3 0x000000008000009c (0xa001)
core   0: 3 0x000000008000009c (0xa001)
core   0: 3 0x000000008000009c (0xa001)
core   0: 3 0x000000008000009c (0xa001)
core   0: 3 0x000000008000009c (0xa001)
core   0: 3 0x000000008000009c (0xa001)
core   0: 3 0x000000008000009c (0xa001)
core   0: 3 0x000000008000009c (0xa001)
core   0: 3 0x000000008000009c (0xa001)
core   0: 3 0x000000008000009c (0xa001)
core   0: 3 0x000000008000009c (0xa001)
core   0: 3 0x000000008000009c (0xa001)
core   0: 3 0x000000008000009c (0xa001)
core   0: 3 0x000000008000009c (0xa001)
core   0: 3 0x000000008000009c (0xa001)
core   0: 3 0x000000008000009c (0xa001)
core   0: 3 0x000000008000009c (0xa001)
core   0: 3 0x000000008000009c (0xa001)
core   0: 3 0x000000008000009c (0xa001)
core   0: 3 0x000000008000009c (0xa001)
core   0: 3 0x000000008000009c (0xa001)
core   0: 3 0x000000008000009c (0xa001)
core   0: 3 0x000000008000009c (0xa001)
core   0: 3 0x000000008000009c (0xa001)
core   0: 3 0x000000008000009c (0xa001)
core   0: 3 0x000000008000009c (0xa001)
core   0: 3 0x000000008000009c (0xa001)
core   0: 3 0x000000008000009c (0xa001)
core   0: 3 0x000000008000009c (0xa001)
core   0: 3 0x000000008000009c (0xa001)
core   0: 3 0x000000008000009c (0xa001)
core   0: 3 0x000000008000009c (0xa001)
core   0: 3 0x000000008000009c (0xa001)
core   0: 3 0x000000008000009c (0xa001)
core   0: 3 0x000000008000009c (0xa001)
core   0: 3 0x000000008000009c (0xa001)
core   0: 3 0x000000008000009c (0xa001)
core   0: 3 0x000000008000009c (0xa001)
core   0: 3 0x000000008000009c (0xa001)
core   0: 3 0x000000008000009c (0xa001)
core   0: 3 0x000000008000009c (0xa001)
core   0: 3 0x000000008000009c (0xa001)
core   0: 3 0x000000008000009c (0xa001)
core   0: 3 0x000000008000009c (0xa001)
core   0: 3 0x000000008000009c (0xa001)
core   0: 3 0x000000008000009c (0xa001)
core   0: 3 0x000000008000009c (0xa001)
core   0: 3 0x000000008000009c (0xa001)
core   0: 3 0x000000008000009c (0xa001)
core   0: 3 0x000000008000009c (0xa001)
core   0: 3 0x000000008000009c (0xa001)
core   0: 3 0x000000008000009c (0xa001)
core   0: 3 0x000000008000009c (0xa001)
core   0: 3 0x000000008000009c (0xa001)
core   0: 3 0x000000008000009c (0xa001)
core   0: 3 0x000000008000009c (0xa001)
core   0: 3 0x000000008000009c (0xa001)
core   0: 3 0x000000008000009c (0xa001)
core   0: 3 0x000000008000009c (0xa001)
core   0: 3 0x000000008000009c (0xa001)
core   0: 3 0x000000008000009c (0xa001)
core   0: 3 0x000000008000009c (0xa001)
core   0: 3 0x000000008000009c (0xa001)
core   0: 3 0x000000008000009c (0xa001)
core   0: 3 0x000000008000009c (0xa001)
core   0: 3 0x000000008000009c (0xa001)
core   0: 3 0x000000008000009c (0xa001)
core   0: 3 0x000000008000009c (0xa001)
core   0: 3 0x000000008000009c (0xa001)
core   0: 3 0x000000008000009c (0xa001)
core   0: 3 0x000000008000009c (0xa001)
core   0: 3 0x000000008000009c (0xa001)
core   0: 3 0x000000008000009c (0xa001)
core   0: 3 0x000000008000009c (0xa001)
core   0: 3 0x000000008000009c (0xa001)
core   0: 3 0x000000008000009c (0xa001)
core   0: 3 0x000000008000009c (0xa001)
core   0: 3 0x000000008000009c (0xa001)
core   0: 3 0x000000008000009c (0xa001)
core   0: 3 0x000000008000009c (0xa001)
core   0: 3 0x000000008000009c (0xa001)
core   0: 3 0x000000008000009c (0xa001)
core   0: 3 0x000000008000009c (0xa001)
core   0: 3 0x000000008000009c (0xa001)
core   0: 3 0x000000008000009c (0xa001)
core   0: 3 0x000000008000009c (0xa001)
core   0: 3 0x000000008000009c (0xa001)
core   0: 3 0x000000008000009c (0xa001)
core   0: 3 0x000000008000009c (0xa001)
core   0: 3 0x000000008000009c (0xa001)
core   0: 3 0x000000008000009c (0xa001)
core   0: 3 0x000000008000009c (0xa001)
core   0: 3 0x000000008000009c (0xa001)
core   0: 3 0x000000008000009c (0xa001)
core   0: 3 0x000000008000009c (0xa001)
core   0: 3 0x000000008000009c (0xa001)
core   0: 3 0x000000008000009c (0xa001)
core   0: 3 0x000000008000009c (0xa001)
core   0: 3 0x000000008000009c (0xa001)
core   0: 3 0x000000008000009c (0xa001)
core   0: 3 0x000000008000009c (0xa001)
core   0: 3 0x000000008000009c (0xa001)
core   0: 3 0x000000008000009c (0xa001)
core   0: 3 0x000000008000009c (0xa001)
core   0: 3 0x000000008000009c (0xa001)
core   0: 3 0x000000008000009c (0xa001)
core   0: 3 0x000000008000009c (0xa001)
core   0: 3 0x000000008000009c (0xa001)
core   0: 3 0x000000008000009c (0xa001)
core   0: 3 0x000000008000009c (0xa001)
core   0: 3 0x000000008000009c (0xa001)
core   0: 3 0x000000008000009c (0xa001)
core   0: 3 0x000000008000009c (0xa001)
core   0: 3 0x000000008000009c (0xa001)
core   0: 3 0x000000008000009c (0xa001)
core   0: 3 0x000000008000009c (0xa001)
core   0: 3 0x000000008000009c (0xa001)
core   0: 3 0x000000008000009c (0xa001)
core   0: 3 0x000000008000009c (0xa001)
core   0: 3 0x000000008000009c (0xa001)
core   0: 3 0x000000008000009c (0xa001)
core   0: 3 0x000000008000009c (0xa001)
core   0: 3 0x000000008000009c (0xa001)
core   0: 3 0x000000008000009c (0xa001)
core   0: 3 0x000000008000009c (0xa001)
core   0: 3 0x000000008000009c (0xa001)
core   0: 3 0x000000008000009c (0xa001)
core   0: 3 0x000000008000009c (0xa001)
core   0: 3 0x000000008000009c (0xa001)
core   0: 3 0x000000008000009c (0xa001)
core   0: 3 0x000000008000009c (0xa001)
core   0: 3 0x000000008000009c (0xa001)
core   0: 3 0x000000008000009c (0xa001)
core   0: 3 0x000000008000009c (0xa001)
core   0: 3 0x000000008000009c (0xa001)
core   0: 3 0x000000008000009c (0xa001)
core   0: 3 0x000000008000009c (0xa001)
core   0: 3 0x000000008000009c (0xa001)
core   0: 3 0x000000008000009c (0xa001)
core   0: 3 0x000000008000009c (0xa001)
core   0: 3 0x000000008000009c (0xa001)
core   0: 3 0x000000008000009c (0xa001)
core   0: 3 0x000000008000009c (0xa001)
core   0: 3 0x000000008000009c (0xa001)
core   0: 3 0x000000008000009c (0xa001)
core   0: 3 0x000000008000009c (0xa001)
core   0: 3 0x000000008000009c (0xa001)
core   0: 3 0x000000008000009c (0xa001)
core   0: 3 0x000000008000009c (0xa001)
core   0: 3 0x000000008000009c (0xa001)
core   0: 3 0x000000008000009c (0xa001)
core   0: 3 0x000000008000009c (0xa001)
core   0: 3 0x000000008000009c (0xa001)
core   0: 3 0x000000008000009c (0xa001)
core   0: 3 0x000000008000009c (0xa001)
core   0: 3 0x000000008000009c (0xa001)
core   0: 3 0x000000008000009c (0xa001)
core   0: 3 0x000000008000009c (0xa001)
core   0: 3 0x000000008000009c (0xa001)
core   0: 3 0x000000008000009c (0xa001)
core   0: 3 0x000000008000009c (0xa001)
core   0: 3 0x000000008000009c (0xa001)
core   0: 3 0x000000008000009c (0xa001)
core   0: 3 0x000000008000009c (0xa001)
core   0: 3 0x000000008000009c (0xa001)
core   0: 3 0x000000008000009c (0xa001)
core   0: 3 0x000000008000009c (0xa001)
core   0: 3 0x000000008000009c (0xa001)
core   0: 3 0x000000008000009c (0xa001)
core   0: 3 0x000000008000009c (0xa001)
core   0: 3 0x000000008000009c (0xa001)
core   0: 3 0x000000008000009c (0xa001)
core   0: 3 0x000000008000009c (0xa001)
core   0: 3 0x000000008000009c (0xa001)
core   0: 3 0x000000008000009c (0xa001)
core   0: 3 0x000000008000009c (0xa001)
core   0: 3 0x000000008000009c (0xa001)
core   0: 3 0x000000008000009c (0xa001)
core   0: 3 0x000000008000009c (0xa001)
core   0: 3 0x000000008000009c (0xa001)
core   0: 3 0x000000008000009c (0xa001)
core   0: 3 0x000000008000009c (0xa001)
core   0: 3 0x000000008000009c (0xa001)
core   0: 3 0x000000008000009c (0xa001)
core   0: 3 0x000000008000009c (0xa001)
core   0: 3 0x000000008000009c (0xa001)
core   0: 3 0x000000008000009c (0xa001)
core   0: 3 0x000000008000009c (0xa001)
core   0: 3 0x000000008000009c (0xa001)
core   0: 3 0x000000008000009c (0xa001)
core   0: 3 0x000000008000009c (0xa001)
core   0: 3 0x000000008000009c (0xa001)
core   0: 3 0x000000008000009c (0xa001)
core   0: 3 0x000000008000009c (0xa001)
core   0: 3 0x000000008000009c (0xa001)
core   0: 3 0x000000008000009c (0xa001)
core   0: 3 0x000000008000009c (0xa001)
core   0: 3 0x000000008000009c (0xa001)
core   0: 3 0x000000008000009c (0xa001)
core   0: 3 0x000000008000009c (0xa001)
core   0: 3 0x000000008000009c (0xa001)
core   0: 3 0x000000008000009c (0xa001)
core   0: 3 0x000000008000009c (0xa001)
core   0: 3 0x000000008000009c (0xa001)
core   0: 3 0x000000008000009c (0xa001)
core   0: 3 0x000000008000009c (0xa001)
core   0: 3 0x000000008000009c (0xa001)
core   0: 3 0x000000008000009c (0xa001)
core   0: 3 0x000000008000009c (0xa001)
core   0: 3 0x000000008000009c (0xa001)
core   0: 3 0x000000008000009c (0xa001)
core   0: 3 0x000000008000009c (0xa001)
core   0: 3 0x000000008000009c (0xa001)
core   0: 3 0x000000008000009c (0xa001)
core   0: 3 0x000000008000009c (0xa001)
core   0: 3 0x000000008000009c (0xa001)
core   0: 3 0x000000008000009c (0xa001)
core   0: 3 0x000000008000009c (0xa001)
core   0: 3 0x000000008000009c (0xa001)
core   0: 3 0x000000008000009c (0xa001)
core   0: 3 0x000000008000009c (0xa001)
core   0: 3 0x000000008000009c (0xa001)
core   0: 3 0x000000008000009c (0xa001)
core   0: 3 0x000000008000009c (0xa001)
core   0: 3 0x000000008000009c (0xa001)
core   0: 3 0x000000008000009c (0xa001)
core   0: 3 0x000000008000009c (0xa001)
core   0: 3 0x000000008000009c (0xa001)
core   0: 3 0x000000008000009c (0xa001)
core   0: 3 0x000000008000009c (0xa001)
core   0: 3 0x000000008000009c (0xa001)
core   0: 3 0x000000008000009c (0xa001)
core   0: 3 0x000000008000009c (0xa001)
core   0: 3 0x000000008000009c (0xa001)
core   0: 3 0x000000008000009c (0xa001)
core   0: 3 0x000000008000009c (0xa001)
core   0: 3 0x000000008000009c (0xa001)
core   0: 3 0x000000008000009c (0xa001)
core   0: 3 0x000000008000009c (0xa001)
core   0: 3 0x000000008000009c (0xa001)
core   0: 3 0x000000008000009c (0xa001)
core   0: 3 0x000000008000009c (0xa001)
core   0: 3 0x000000008000009c (0xa001)
core   0: 3 0x000000008000009c (0xa001)
core   0: 3 0x000000008000009c (0xa001)
core   0: 3 0x000000008000009c (0xa001)
core   0: 3 0x000000008000009c (0xa001)
core   0: 3 0x000000008000009c (0xa001)
core   0: 3 0x000000008000009c (0xa001)
core   0: 3 0x000000008000009c (0xa001)
core   0: 3 0x000000008000009c (0xa001)
core   0: 3 0x000000008000009c (0xa001)
core   0: 3 0x000000008000009c (0xa001)
core   0: 3 0x000000008000009c (0xa001)
core   0: 3 0x000000008000009c (0xa001)
core   0: 3 0x000000008000009c (0xa001)
core   0: 3 0x000000008000009c (0xa001)
core   0: 3 0x000000008000009c (0xa001)
core   0: 3 0x000000008000009c (0xa001)
core   0: 3 0x000000008000009c (0xa001)
core   0: 3 0x000000008000009c (0xa001)
core   0: 3 0x000000008000009c (0xa001)
core   0: 3 0x000000008000009c (0xa001)
core   0: 3 0x000000008000009c (0xa001)
core   0: 3 0x000000008000009c (0xa001)
core   0: 3 0x000000008000009c (0xa001)
core   0: 3 0x000000008000009c (0xa001)
core   0: 3 0x000000008000009c (0xa001)
core   0: 3 0x000000008000009c (0xa001)
core   0: 3 0x000000008000009c (0xa001)
core   0: 3 0x000000008000009c (0xa001)
core   0: 3 0x000000008000009c (0xa001)
core   0: 3 0x000000008000009c (0xa001)
core   0: 3 0x000000008000009c (0xa001)
core   0: 3 0x000000008000009c (0xa001)
core   0: 3 0x000000008000009c (0xa001)
core   0: 3 0x000000008000009c (0xa001)
core   0: 3 0x000000008000009c (0xa001)
core   0: 3 0x000000008000009c (0xa001)
core   0: 3 0x000000008000009c (0xa001)
core   0: 3 0x000000008000009c (0xa001)
core   0: 3 0x000000008000009c (0xa001)
core   0: 3 0x000000008000009c (0xa001)
core   0: 3 0x000000008000009c (0xa001)
core   0: 3 0x000000008000009c (0xa001)
core   0: 3 0x000000008000009c (0xa001)
core   0: 3 0x000000008000009c (0xa001)
core   0: 3 0x000000008000009c (0xa001)
core   0: 3 0x000000008000009c (0xa001)
core   0: 3 0x000000008000009c (0xa001)
core   0: 3 0x000000008000009c (0xa001)
core   0: 3 0x000000008000009c (0xa001)
core   0: 3 0x000000008000009c (0xa001)
core   0: 3 0x000000008000009c (0xa001)
core   0: 3 0x000000008000009c (0xa001)
core   0: 3 0x000000008000009c (0xa001)
core   0: 3 0x000000008000009c (0xa001)
core   0: 3 0x000000008000009c (0xa001)
core   0: 3 0x000000008000009c (0xa001)
core   0: 3 0x000000008000009c (0xa001)
core   0: 3 0x000000008000009c (0xa001)
core   0: 3 0x000000008000009c (0xa001)
core   0: 3 0x000000008000009c (0xa001)
core   0: 3 0x000000008000009c (0xa001)
core   0: 3 0x000000008000009c (0xa001)
core   0: 3 0x000000008000009c (0xa001)
core   0: 3 0x000000008000009c (0xa001)
core   0: 3 0x000000008000009c (0xa001)
core   0: 3 0x000000008000009c (0xa001)
core   0: 3 0x000000008000009c (0xa001)
core   0: 3 0x000000008000009c (0xa001)
core   0: 3 0x000000008000009c (0xa001)
core   0: 3 0x000000008000009c (0xa001)
core   0: 3 0x000000008000009c (0xa001)
core   0: 3 0x000000008000009c (0xa001)
core   0: 3 0x000000008000009c (0xa001)
core   0: 3 0x000000008000009c (0xa001)
core   0: 3 0x000000008000009c (0xa001)
core   0: 3 0x000000008000009c (0xa001)
core   0: 3 0x000000008000009c (0xa001)
core   0: 3 0x000000008000009c (0xa001)
core   0: 3 0x000000008000009c (0xa001)
core   0: 3 0x000000008000009c (0xa001)
core   0: 3 0x000000008000009c (0xa001)
core   0: 3 0x000000008000009c (0xa001)
core   0: 3 0x000000008000009c (0xa001)
core   0: 3 0x000000008000009c (0xa001)
core   0: 3 0x000000008000009c (0xa001)
core   0: 3 0x000000008000009c (0xa001)
core   0: 3 0x000000008000009c (0xa001)
core   0: 3 0x000000008000009c (0xa001)
core   0: 3 0x000000008000009c (0xa001)
core   0: 3 0x000000008000009c (0xa001)
core   0: 3 0x000000008000009c (0xa001)
core   0: 3 0x000000008000009c (0xa001)
core   0: 3 0x000000008000009c (0xa001)
core   0: 3 0x000000008000009c (0xa001)
core   0: 3 0x000000008000009c (0xa001)
core   0: 3 0x000000008000009c (0xa001)
core   0: 3 0x000000008000009c (0xa001)
core   0: 3 0x000000008000009c (0xa001)
core   0: 3 0x000000008000009c (0xa001)
core   0: 3 0x000000008000009c (0xa001)
core   0: 3 0x000000008000009c (0xa001)
core   0: 3 0x000000008000009c (0xa001)
core   0: 3 0x000000008000009c (0xa001)
core   0: 3 0x000000008000009c (0xa001)
core   0: 3 0x000000008000009c (0xa001)
core   0: 3 0x000000008000009c (0xa001)
core   0: 3 0x000000008000009c (0xa001)
core   0: 3 0x000000008000009c (0xa001)
core   0: 3 0x000000008000009c (0xa001)
core   0: 3 0x000000008000009c (0xa001)
core   0: 3 0x000000008000009c (0xa001)
core   0: 3 0x000000008000009c (0xa001)
core   0: 3 0x000000008000009c (0xa001)
core   0: 3 0x000000008000009c (0xa001)
core   0: 3 0x000000008000009c (0xa001)
core   0: 3 0x000000008000009c (0xa001)
core   0: 3 0x000000008000009c (0xa001)
core   0: 3 0x000000008000009c (0xa001)
core   0: 3 0x000000008000009c (0xa001)
core   0: 3 0x000000008000009c (0xa001)
core   0: 3 0x000000008000009c (0xa001)
core   0: 3 0x000000008000009c (0xa001)
core   0: 3 0x000000008000009c (0xa001)
core   0: 3 0x000000008000009c (0xa001)
core   0: 3 0x000000008000009c (0xa001)
core   0: 3 0x000000008000009c (0xa001)
core   0: 3 0x000000008000009c (0xa001)
core   0: 3 0x000000008000009c (0xa001)
core   0: 3 0x000000008000009c (0xa001)
core   0: 3 0x000000008000009c (0xa001)
core   0: 3 0x000000008000009c (0xa001)
core   0: 3 0x000000008000009c (0xa001)
core   0: 3 0x000000008000009c (0xa001)
core   0: 3 0x000000008000009c (0xa001)
core   0: 3 0x000000008000009c (0xa001)
core   0: 3 0x000000008000009c (0xa001)
core   0: 3 0x000000008000009c (0xa001)
core   0: 3 0x000000008000009c (0xa001)
core   0: 3 0x000000008000009c (0xa001)
core   0: 3 0x000000008000009c (0xa001)
core   0: 3 0x000000008000009c (0xa001)
core   0: 3 0x000000008000009c (0xa001)
core   0: 3 0x000000008000009c (0xa001)
core   0: 3 0x000000008000009c (0xa001)
core   0: 3 0x000000008000009c (0xa001)
core   0: 3 0x000000008000009c (0xa001)
core   0: 3 0x000000008000009c (0xa001)
core   0: 3 0x000000008000009c (0xa001)
core   0: 3 0x000000008000009c (0xa001)
core   0: 3 0x000000008000009c (0xa001)
core   0: 3 0x000000008000009c (0xa001)
core   0: 3 0x000000008000009c (0xa001)
core   0: 3 0x000000008000009c (0xa001)
core   0: 3 0x000000008000009c (0xa001)
core   0: 3 0x000000008000009c (0xa001)
core   0: 3 0x000000008000009c (0xa001)
core   0: 3 0x000000008000009c (0xa001)
core   0: 3 0x000000008000009c (0xa001)
core   0: 3 0x000000008000009c (0xa001)
core   0: 3 0x000000008000009c (0xa001)
core   0: 3 0x000000008000009c (0xa001)
core   0: 3 0x000000008000009c (0xa001)
core   0: 3 0x000000008000009c (0xa001)
core   0: 3 0x000000008000009c (0xa001)
core   0: 3 0x000000008000009c (0xa001)
core   0: 3 0x000000008000009c (0xa001)
core   0: 3 0x000000008000009c (0xa001)
core   0: 3 0x000000008000009c (0xa001)
core   0: 3 0x000000008000009c (0xa001)
core   0: 3 0x000000008000009c (0xa001)
core   0: 3 0x000000008000009c (0xa001)
core   0: 3 0x000000008000009c (0xa001)
core   0: 3 0x000000008000009c (0xa001)
core   0: 3 0x000000008000009c (0xa001)
core   0: 3 0x000000008000009c (0xa001)
core   0: 3 0x000000008000009c (0xa001)
core   0: 3 0x000000008000009c (0xa001)
core   0: 3 0x000000008000009c (0xa001)
core   0: 3 0x000000008000009c (0xa001)
core   0: 3 0x000000008000009c (0xa001)
core   0: 3 0x000000008000009c (0xa001)
core   0: 3 0x000000008000009c (0xa001)
core   0: 3 0x000000008000009c (0xa001)
core   0: 3 0x000000008000009c (0xa001)
core   0: 3 0x000000008000009c (0xa001)
core   0: 3 0x000000008000009c (0xa001)
core   0: 3 0x000000008000009c (0xa001)
core   0: 3 0x000000008000009c (0xa001)
core   0: 3 0x000000008000009c (0xa001)
core   0: 3 0x000000008000009c (0xa001)
core   0: 3 0x000000008000009c (0xa001)
core   0: 3 0x000000008000009c (0xa001)
core   0: 3 0x000000008000009c (0xa001)
core   0: 3 0x000000008000009c (0xa001)
core   0: 3 0x000000008000009c (0xa001)
core   0: 3 0x000000008000009c (0xa001)
core   0: 3 0x000000008000009c (0xa001)
core   0: 3 0x000000008000009c (0xa001)
core   0: 3 0x000000008000009c (0xa001)
core   0: 3 0x000000008000009c (0xa001)
core   0: 3 0x000000008000009c (0xa001)
core   0: 3 0x000000008000009c (0xa001)
core   0: 3 0x000000008000009c (0xa001)
core   0: 3 0x000000008000009c (0xa001)
core   0: 3 0x000000008000009c (0xa001)
core   0: 3 0x000000008000009c (0xa001)
core   0: 3 0x000000008000009c (0xa001)
core   0: 3 0x000000008000009c (0xa001)
core   0: 3 0x000000008000009c (0xa001)
core   0: 3 0x000000008000009c (0xa001)
core   0: 3 0x000000008000009c (0xa001)
core   0: 3 0x000000008000009c (0xa001)
core   0: 3 0x000000008000009c (0xa001)
core   0: 3 0x000000008000009c (0xa001)
core   0: 3 0x000000008000009c (0xa001)
core   0: 3 0x000000008000009c (0xa001)
core   0: 3 0x000000008000009c (0xa001)
core   0: 3 0x000000008000009c (0xa001)
core   0: 3 0x000000008000009c (0xa001)
core   0: 3 0x000000008000009c (0xa001)
core   0: 3 0x000000008000009c (0xa001)
core   0: 3 0x000000008000009c (0xa001)
core   0: 3 0x000000008000009c (0xa001)
core   0: 3 0x000000008000009c (0xa001)
core   0: 3 0x000000008000009c (0xa001)
core   0: 3 0x000000008000009c (0xa001)
core   0: 3 0x000000008000009c (0xa001)
core   0: 3 0x000000008000009c (0xa001)
core   0: 3 0x000000008000009c (0xa001)
core   0: 3 0x000000008000009c (0xa001)
core   0: 3 0x000000008000009c (0xa001)
core   0: 3 0x000000008000009c (0xa001)
core   0: 3 0x000000008000009c (0xa001)
core   0: 3 0x000000008000009c (0xa001)
core   0: 3 0x000000008000009c (0xa001)
core   0: 3 0x000000008000009c (0xa001)
core   0: 3 0x000000008000009c (0xa001)
core   0: 3 0x000000008000009c (0xa001)
core   0: 3 0x000000008000009c (0xa001)
core   0: 3 0x000000008000009c (0xa001)
core   0: 3 0x000000008000009c (0xa001)
core   0: 3 0x000000008000009c (0xa001)
core   0: 3 0x000000008000009c (0xa001)
core   0: 3 0x000000008000009c (0xa001)
core   0: 3 0x000000008000009c (0xa001)
core   0: 3 0x000000008000009c (0xa001)
core   0: 3 0x000000008000009c (0xa001)
core   0: 3 0x000000008000009c (0xa001)
core   0: 3 0x000000008000009c (0xa001)
core   0: 3 0x000000008000009c (0xa001)
core   0: 3 0x000000008000009c (0xa001)
core   0: 3 0x000000008000009c (0xa001)
core   0: 3 0x000000008000009c (0xa001)
core   0: 3 0x000000008000009c (0xa001)
core   0: 3 0x000000008000009c (0xa001)
core   0: 3 0x000000008000009c (0xa001)
core   0: 3 0x000000008000009c (0xa001)
core   0: 3 0x000000008000009c (0xa001)
core   0: 3 0x000000008000009c (0xa001)
core   0: 3 0x000000008000009c (0xa001)
core   0: 3 0x000000008000009c (0xa001)
core   0: 3 0x000000008000009c (0xa001)
core   0: 3 0x000000008000009c (0xa001)
core   0: 3 0x000000008000009c (0xa001)
core   0: 3 0x000000008000009c (0xa001)
core   0: 3 0x000000008000009c (0xa001)
core   0: 3 0x000000008000009c (0xa001)
core   0: 3 0x000000008000009c (0xa001)
core   0: 3 0x000000008000009c (0xa001)
core   0: 3 0x000000008000009c (0xa001)
core   0: 3 0x000000008000009c (0xa001)
core   0: 3 0x000000008000009c (0xa001)
core   0: 3 0x000000008000009c (0xa001)
core   0: 3 0x000000008000009c (0xa001)
core   0: 3 0x000000008000009c (0xa001)
core   0: 3 0x000000008000009c (0xa001)
core   0: 3 0x000000008000009c (0xa001)
core   0: 3 0x000000008000009c (0xa001)
core   0: 3 0x000000008000009c (0xa001)
core   0: 3 0x000000008000009c (0xa001)
core   0: 3 0x000000008000009c (0xa001)
core   0: 3 0x000000008000009c (0xa001)
core   0: 3 0x000000008000009c (0xa001)
core   0: 3 0x000000008000009c (0xa001)
core   0: 3 0x000000008000009c (0xa001)
core   0: 3 0x000000008000009c (0xa001)
core   0: 3 0x000000008000009c (0xa001)
core   0: 3 0x000000008000009c (0xa001)
core   0: 3 0x000000008000009c (0xa001)
core   0: 3 0x000000008000009c (0xa001)
core   0: 3 0x000000008000009c (0xa001)
core   0: 3 0x000000008000009c (0xa001)
core   0: 3 0x000000008000009c (0xa001)
core   0: 3 0x000000008000009c (0xa001)
core   0: 3 0x000000008000009c (0xa001)
core   0: 3 0x000000008000009c (0xa001)
core   0: 3 0x000000008000009c (0xa001)
core   0: 3 0x000000008000009c (0xa001)
core   0: 3 0x000000008000009c (0xa001)
core   0: 3 0x000000008000009c (0xa001)
core   0: 3 0x000000008000009c (0xa001)
core   0: 3 0x000000008000009c (0xa001)
core   0: 3 0x000000008000009c (0xa001)
core   0: 3 0x000000008000009c (0xa001)
core   0: 3 0x000000008000009c (0xa001)
core   0: 3 0x000000008000009c (0xa001)
core   0: 3 0x000000008000009c (0xa001)
core   0: 3 0x000000008000009c (0xa001)
core   0: 3 0x000000008000009c (0xa001)
core   0: 3 0x000000008000009c (0xa001)
core   0: 3 0x000000008000009c (0xa001)
core   0: 3 0x000000008000009c (0xa001)
core   0: 3 0x000000008000009c (0xa001)
core   0: 3 0x000000008000009c (0xa001)
core   0: 3 0x000000008000009c (0xa001)
core   0: 3 0x000000008000009c (0xa001)
core   0: 3 0x000000008000009c (0xa001)
core   0: 3 0x000000008000009c (0xa001)
core   0: 3 0x000000008000009c (0xa001)
core   0: 3 0x000000008000009c (0xa001)
core   0: 3 0x000000008000009c (0xa001)
core   0: 3 0x000000008000009c (0xa001)
core   0: 3 0x000000008000009c (0xa001)
core   0: 3 0x000000008000009c (0xa001)
core   0: 3 0x000000008000009c (0xa001)
core   0: 3 0x000000008000009c (0xa001)
core   0: 3 0x000000008000009c (0xa001)
core   0: 3 0x000000008000009c (0xa001)
core   0: 3 0x000000008000009c (0xa001)
core   0: 3 0x000000008000009c (0xa001)
core   0: 3 0x000000008000009c (0xa001)
core   0: 3 0x000000008000009c (0xa001)
core   0: 3 0x000000008000009c (0xa001)
core   0: 3 0x000000008000009c (0xa001)
core   0: 3 0x000000008000009c (0xa001)
core   0: 3 0x000000008000009c (0xa001)
core   0: 3 0x000000008000009c (0xa001)
core   0: 3 0x000000008000009c (0xa001)
core   0: 3 0x000000008000009c (0xa001)
core   0: 3 0x000000008000009c (0xa001)
core   0: 3 0x000000008000009c (0xa001)
core   0: 3 0x000000008000009c (0xa001)
core   0: 3 0x000000008000009c (0xa001)
core   0: 3 0x000000008000009c (0xa001)
core   0: 3 0x000000008000009c (0xa001)
core   0: 3 0x000000008000009c (0xa001)
core   0: 3 0x000000008000009c (0xa001)
core   0: 3 0x000000008000009c (0xa001)
core   0: 3 0x000000008000009c (0xa001)
core   0: 3 0x000000008000009c (0xa001)
core   0: 3 0x000000008000009c (0xa001)
core   0: 3 0x000000008000009c (0xa001)
core   0: 3 0x000000008000009c (0xa001)
core   0: 3 0x000000008000009c (0xa001)
core   0: 3 0x000000008000009c (0xa001)
core   0: 3 0x000000008000009c (0xa001)
core   0: 3 0x000000008000009c (0xa001)
core   0: 3 0x000000008000009c (0xa001)
core   0: 3 0x000000008000009c (0xa001)
core   0: 3 0x000000008000009c (0xa001)
core   0: 3 0x000000008000009c (0xa001)
core   0: 3 0x000000008000009c (0xa001)
core   0: 3 0x000000008000009c (0xa001)
core   0: 3 0x000000008000009c (0xa001)
core   0: 3 0x000000008000009c (0xa001)
core   0: 3 0x000000008000009c (0xa001)
core   0: 3 0x000000008000009c (0xa001)
core   0: 3 0x000000008000009c (0xa001)
core   0: 3 0x000000008000009c (0xa001)
core   0: 3 0x000000008000009c (0xa001)
core   0: 3 0x000000008000009c (0xa001)
core   0: 3 0x000000008000009c (0xa001)
core   0: 3 0x000000008000009c (0xa001)
core   0: 3 0x000000008000009c (0xa001)
core   0: 3 0x000000008000009c (0xa001)
core   0: 3 0x000000008000009c (0xa001)
core   0: 3 0x000000008000009c (0xa001)
core   0: 3 0x000000008000009c (0xa001)
core   0: 3 0x000000008000009c (0xa001)
core   0: 3 0x000000008000009c (0xa001)
core   0: 3 0x000000008000009c (0xa001)
core   0: 3 0x000000008000009c (0xa001)
core   0: 3 0x000000008000009c (0xa001)
core   0: 3 0x000000008000009c (0xa001)
core   0: 3 0x000000008000009c (0xa001)
core   0: 3 0x000000008000009c (0xa001)
core   0: 3 0x000000008000009c (0xa001)
core   0: 3 0x000000008000009c (0xa001)
core   0: 3 0x000000008000009c (0xa001)
core   0: 3 0x000000008000009c (0xa001)
core   0: 3 0x000000008000009c (0xa001)
core   0: 3 0x000000008000009c (0xa001)
core   0: 3 0x000000008000009c (0xa001)
core   0: 3 0x000000008000009c (0xa001)
core   0: 3 0x000000008000009c (0xa001)
core   0: 3 0x000000008000009c (0xa001)
core   0: 3 0x000000008000009c (0xa001)
core   0: 3 0x000000008000009c (0xa001)
core   0: 3 0x000000008000009c (0xa001)
core   0: 3 0x000000008000009c (0xa001)
core   0: 3 0x000000008000009c (0xa001)
core   0: 3 0x000000008000009c (0xa001)
core   0: 3 0x000000008000009c (0xa001)
core   0: 3 0x000000008000009c (0xa001)
core   0: 3 0x000000008000009c (0xa001)
core   0: 3 0x000000008000009c (0xa001)
core   0: 3 0x000000008000009c (0xa001)
core   0: 3 0x000000008000009c (0xa001)
core   0: 3 0x000000008000009c (0xa001)
core   0: 3 0x000000008000009c (0xa001)
core   0: 3 0x000000008000009c (0xa001)
core   0: 3 0x000000008000009c (0xa001)
core   0: 3 0x000000008000009c (0xa001)
core   0: 3 0x000000008000009c (0xa001)
core   0: 3 0x000000008000009c (0xa001)
core   0: 3 0x000000008000009c (0xa001)
core   0: 3 0x000000008000009c (0xa001)
core   0: 3 0x000000008000009c (0xa001)
core   0: 3 0x000000008000009c (0xa001)
core   0: 3 0x000000008000009c (0xa001)
core   0: 3 0x000000008000009c (0xa001)
core   0: 3 0x000000008000009c (0xa001)
core   0: 3 0x000000008000009c (0xa001)
core   0: 3 0x000000008000009c (0xa001)
core   0: 3 0x000000008000009c (0xa001)
core   0: 3 0x000000008000009c (0xa001)
core   0: 3 0x000000008000009c (0xa001)
core   0: 3 0x000000008000009c (0xa001)
core   0: 3 0x000000008000009c (0xa001)
core   0: 3 0x000000008000009c (0xa001)
core   0: 3 0x000000008000009c (0xa001)
core   0: 3 0x000000008000009c (0xa001)
core   0: 3 0x000000008000009c (0xa001)
core   0: 3 0x000000008000009c (0xa001)
core   0: 3 0x000000008000009c (0xa001)
core   0: 3 0x000000008000009c (0xa001)
core   0: 3 0x000000008000009c (0xa001)
core   0: 3 0x000000008000009c (0xa001)
core   0: 3 0x000000008000009c (0xa001)
core   0: 3 0x000000008000009c (0xa001)
core   0: 3 0x000000008000009c (0xa001)
core   0: 3 0x000000008000009c (0xa001)
core   0: 3 0x000000008000009c (0xa001)
core   0: 3 0x000000008000009c (0xa001)
core   0: 3 0x000000008000009c (0xa001)
core   0: 3 0x000000008000009c (0xa001)
core   0: 3 0x000000008000009c (0xa001)
core   0: 3 0x000000008000009c (0xa001)
core   0: 3 0x000000008000009c (0xa001)
core   0: 3 0x000000008000009c (0xa001)
core   0: 3 0x000000008000009c (0xa001)
core   0: 3 0x000000008000009c (0xa001)
core   0: 3 0x000000008000009c (0xa001)
core   0: 3 0x000000008000009c (0xa001)
core   0: 3 0x000000008000009c (0xa001)
core   0: 3 0x000000008000009c (0xa001)
core   0: 3 0x000000008000009c (0xa001)
core   0: 3 0x000000008000009c (0xa001)
core   0: 3 0x000000008000009c (0xa001)
core   0: 3 0x000000008000009c (0xa001)
core   0: 3 0x000000008000009c (0xa001)
core   0: 3 0x000000008000009c (0xa001)
core   0: 3 0x000000008000009c (0xa001)
core   0: 3 0x000000008000009c (0xa001)
core   0: 3 0x000000008000009c (0xa001)
core   0: 3 0x000000008000009c (0xa001)
core   0: 3 0x000000008000009c (0xa001)
core   0: 3 0x000000008000009c (0xa001)
core   0: 3 0x000000008000009c (0xa001)
core   0: 3 0x000000008000009c (0xa001)
core   0: 3 0x000000008000009c (0xa001)
core   0: 3 0x000000008000009c (0xa001)
core   0: 3 0x000000008000009c (0xa001)
core   0: 3 0x000000008000009c (0xa001)
core   0: 3 0x000000008000009c (0xa001)
core   0: 3 0x000000008000009c (0xa001)
core   0: 3 0x000000008000009c (0xa001)
core   0: 3 0x000000008000009c (0xa001)
core   0: 3 0x000000008000009c (0xa001)
core   0: 3 0x000000008000009c (0xa001)
core   0: 3 0x000000008000009c (0xa001)
core   0: 3 0x000000008000009c (0xa001)
core   0: 3 0x000000008000009c (0xa001)
core   0: 3 0x000000008000009c (0xa001)
core   0: 3 0x000000008000009c (0xa001)
core   0: 3 0x000000008000009c (0xa001)
core   0: 3 0x000000008000009c (0xa001)
core   0: 3 0x000000008000009c (0xa001)
core   0: 3 0x000000008000009c (0xa001)
core   0: 3 0x000000008000009c (0xa001)
core   0: 3 0x000000008000009c (0xa001)
core   0: 3 0x000000008000009c (0xa001)
core   0: 3 0x000000008000009c (0xa001)
core   0: 3 0x000000008000009c (0xa001)
core   0: 3 0x000000008000009c (0xa001)
core   0: 3 0x000000008000009c (0xa001)
core   0: 3 0x000000008000009c (0xa001)
core   0: 3 0x000000008000009c (0xa001)
core   0: 3 0x000000008000009c (0xa001)
core   0: 3 0x000000008000009c (0xa001)
core   0: 3 0x000000008000009c (0xa001)
core   0: 3 0x000000008000009c (0xa001)
core   0: 3 0x000000008000009c (0xa001)
core   0: 3 0x000000008000009c (0xa001)
core   0: 3 0x000000008000009c (0xa001)
core   0: 3 0x000000008000009c (0xa001)
core   0: 3 0x000000008000009c (0xa001)
core   0: 3 0x000000008000009c (0xa001)
core   0: 3 0x000000008000009c (0xa001)
core   0: 3 0x000000008000009c (0xa001)
core   0: 3 0x000000008000009c (0xa001)
core   0: 3 0x000000008000009c (0xa001)
core   0: 3 0x000000008000009c (0xa001)
core   0: 3 0x000000008000009c (0xa001)
core   0: 3 0x000000008000009c (0xa001)
core   0: 3 0x000000008000009c (0xa001)
core   0: 3 0x000000008000009c (0xa001)
core   0: 3 0x000000008000009c (0xa001)
core   0: 3 0x000000008000009c (0xa001)
core   0: 3 0x000000008000009c (0xa001)
core   0: 3 0x000000008000009c (0xa001)
core   0: 3 0x000000008000009c (0xa001)
core   0: 3 0x000000008000009c (0xa001)
core   0: 3 0x000000008000009c (0xa001)
core   0: 3 0x000000008000009c (0xa001)
core   0: 3 0x000000008000009c (0xa001)
core   0: 3 0x000000008000009c (0xa001)
core   0: 3 0x000000008000009c (0xa001)
core   0: 3 0x000000008000009c (0xa001)
core   0: 3 0x000000008000009c (0xa001)
core   0: 3 0x000000008000009c (0xa001)
core   0: 3 0x000000008000009c (0xa001)
core   0: 3 0x000000008000009c (0xa001)
core   0: 3 0x000000008000009c (0xa001)
core   0: 3 0x000000008000009c (0xa001)
core   0: 3 0x000000008000009c (0xa001)
core   0: 3 0x000000008000009c (0xa001)
core   0: 3 0x000000008000009c (0xa001)
core   0: 3 0x000000008000009c (0xa001)
core   0: 3 0x000000008000009c (0xa001)
core   0: 3 0x000000008000009c (0xa001)
core   0: 3 0x000000008000009c (0xa001)
core   0: 3 0x000000008000009c (0xa001)
core   0: 3 0x000000008000009c (0xa001)
core   0: 3 0x000000008000009c (0xa001)
core   0: 3 0x000000008000009c (0xa001)
core   0: 3 0x000000008000009c (0xa001)
core   0: 3 0x000000008000009c (0xa001)
core   0: 3 0x000000008000009c (0xa001)
core   0: 3 0x000000008000009c (0xa001)
core   0: 3 0x000000008000009c (0xa001)
core   0: 3 0x000000008000009c (0xa001)
core   0: 3 0x000000008000009c (0xa001)
core   0: 3 0x000000008000009c (0xa001)
core   0: 3 0x000000008000009c (0xa001)
core   0: 3 0x000000008000009c (0xa001)
core   0: 3 0x000000008000009c (0xa001)
core   0: 3 0x000000008000009c (0xa001)
core   0: 3 0x000000008000009c (0xa001)
core   0: 3 0x000000008000009c (0xa001)
core   0: 3 0x000000008000009c (0xa001)
core   0: 3 0x000000008000009c (0xa001)
core   0: 3 0x000000008000009c (0xa001)
core   0: 3 0x000000008000009c (0xa001)
core   0: 3 0x000000008000009c (0xa001)
core   0: 3 0x000000008000009c (0xa001)
core   0: 3 0x000000008000009c (0xa001)
core   0: 3 0x000000008000009c (0xa001)
core   0: 3 0x000000008000009c (0xa001)
core   0: 3 0x000000008000009c (0xa001)
core   0: 3 0x000000008000009c (0xa001)
core   0: 3 0x000000008000009c (0xa001)
core   0: 3 0x000000008000009c (0xa001)
core   0: 3 0x000000008000009c (0xa001)
core   0: 3 0x000000008000009c (0xa001)
core   0: 3 0x000000008000009c (0xa001)
core   0: 3 0x000000008000009c (0xa001)
core   0: 3 0x000000008000009c (0xa001)
core   0: 3 0x000000008000009c (0xa001)
core   0: 3 0x000000008000009c (0xa001)
core   0: 3 0x000000008000009c (0xa001)
core   0: 3 0x000000008000009c (0xa001)
core   0: 3 0x000000008000009c (0xa001)
core   0: 3 0x000000008000009c (0xa001)
core   0: 3 0x000000008000009c (0xa001)
core   0: 3 0x000000008000009c (0xa001)
core   0: 3 0x000000008000009c (0xa001)
core   0: 3 0x000000008000009c (0xa001)
core   0: 3 0x000000008000009c (0xa001)
core   0: 3 0x000000008000009c (0xa001)
core   0: 3 0x000000008000009c (0xa001)
core   0: 3 0x000000008000009c (0xa001)
core   0: 3 0x000000008000009c (0xa001)
core   0: 3 0x000000008000009c (0xa001)
core   0: 3 0x000000008000009c (0xa001)
core   0: 3 0x000000008000009c (0xa001)
core   0: 3 0x000000008000009c (0xa001)
core   0: 3 0x000000008000009c (0xa001)
core   0: 3 0x000000008000009c (0xa001)
core   0: 3 0x000000008000009c (0xa001)
core   0: 3 0x000000008000009c (0xa001)
core   0: 3 0x000000008000009c (0xa001)
core   0: 3 0x000000008000009c (0xa001)
core   0: 3 0x000000008000009c (0xa001)
core   0: 3 0x000000008000009c (0xa001)
core   0: 3 0x000000008000009c (0xa001)
core   0: 3 0x000000008000009c (0xa001)
core   0: 3 0x000000008000009c (0xa001)
core   0: 3 0x000000008000009c (0xa001)
core   0: 3 0x000000008000009c (0xa001)
core   0: 3 0x000000008000009c (0xa001)
core   0: 3 0x000000008000009c (0xa001)
core   0: 3 0x000000008000009c (0xa001)
core   0: 3 0x000000008000009c (0xa001)
core   0: 3 0x000000008000009c (0xa001)
core   0: 3 0x000000008000009c (0xa001)
core   0: 3 0x000000008000009c (0xa001)
core   0: 3 0x000000008000009c (0xa001)
core   0: 3 0x000000008000009c (0xa001)
core   0: 3 0x000000008000009c (0xa001)
core   0: 3 0x000000008000009c (0xa001)
core   0: 3 0x000000008000009c (0xa001)
core   0: 3 0x000000008000009c (0xa001)
core   0: 3 0x000000008000009c (0xa001)
core   0: 3 0x000000008000009c (0xa001)
core   0: 3 0x000000008000009c (0xa001)
core   0: 3 0x000000008000009c (0xa001)
core   0: 3 0x000000008000009c (0xa001)
core   0: 3 0x000000008000009c (0xa001)
core   0: 3 0x000000008000009c (0xa001)
core   0: 3 0x000000008000009c (0xa001)
core   0: 3 0x000000008000009c (0xa001)
core   0: 3 0x000000008000009c (0xa001)
core   0: 3 0x000000008000009c (0xa001)
core   0: 3 0x000000008000009c (0xa001)
core   0: 3 0x000000008000009c (0xa001)
core   0: 3 0x000000008000009c (0xa001)
core   0: 3 0x000000008000009c (0xa001)
core   0: 3 0x000000008000009c (0xa001)
core   0: 3 0x000000008000009c (0xa001)
core   0: 3 0x000000008000009c (0xa001)
core   0: 3 0x000000008000009c (0xa001)
core   0: 3 0x000000008000009c (0xa001)
core   0: 3 0x000000008000009c (0xa001)
core   0: 3 0x000000008000009c (0xa001)
core   0: 3 0x000000008000009c (0xa001)
core   0: 3 0x000000008000009c (0xa001)
core   0: 3 0x000000008000009c (0xa001)
core   0: 3 0x000000008000009c (0xa001)
core   0: 3 0x000000008000009c (0xa001)
core   0: 3 0x000000008000009c (0xa001)
core   0: 3 0x000000008000009c (0xa001)
core   0: 3 0x000000008000009c (0xa001)
core   0: 3 0x000000008000009c (0xa001)
core   0: 3 0x000000008000009c (0xa001)
core   0: 3 0x000000008000009c (0xa001)
core   0: 3 0x000000008000009c (0xa001)
core   0: 3 0x000000008000009c (0xa001)
core   0: 3 0x000000008000009c (0xa001)
core   0: 3 0x000000008000009c (0xa001)
core   0: 3 0x000000008000009c (0xa001)
core   0: 3 0x000000008000009c (0xa001)
core   0: 3 0x000000008000009c (0xa001)
core   0: 3 0x000000008000009c (0xa001)
core   0: 3 0x000000008000009c (0xa001)
core   0: 3 0x000000008000009c (0xa001)
core   0: 3 0x000000008000009c (0xa001)
core   0: 3 0x000000008000009c (0xa001)
core   0: 3 0x000000008000009c (0xa001)
core   0: 3 0x000000008000009c (0xa001)
core   0: 3 0x000000008000009c (0xa001)
core   0: 3 0x000000008000009c (0xa001)
core   0: 3 0x000000008000009c (0xa001)
core   0: 3 0x000000008000009c (0xa001)
core   0: 3 0x000000008000009c (0xa001)
core   0: 3 0x000000008000009c (0xa001)
core   0: 3 0x000000008000009c (0xa001)
core   0: 3 0x000000008000009c (0xa001)
core   0: 3 0x000000008000009c (0xa001)
core   0: 3 0x000000008000009c (0xa001)
core   0: 3 0x000000008000009c (0xa001)
core   0: 3 0x000000008000009c (0xa001)
core   0: 3 0x000000008000009c (0xa001)
core   0: 3 0x000000008000009c (0xa001)
core   0: 3 0x000000008000009c (0xa001)
core   0: 3 0x000000008000009c (0xa001)
core   0: 3 0x000000008000009c (0xa001)
core   0: 3 0x000000008000009c (0xa001)
core   0: 3 0x000000008000009c (0xa001)
core   0: 3 0x000000008000009c (0xa001)
core   0: 3 0x000000008000009c (0xa001)
core   0: 3 0x000000008000009c (0xa001)
core   0: 3 0x000000008000009c (0xa001)
core   0: 3 0x000000008000009c (0xa001)
core   0: 3 0x000000008000009c (0xa001)
core   0: 3 0x000000008000009c (0xa001)
core   0: 3 0x000000008000009c (0xa001)
core   0: 3 0x000000008000009c (0xa001)
core   0: 3 0x000000008000009c (0xa001)
core   0: 3 0x000000008000009c (0xa001)
core   0: 3 0x000000008000009c (0xa001)
core   0: 3 0x000000008000009c (0xa001)
core   0: 3 0x000000008000009c (0xa001)
core   0: 3 0x000000008000009c (0xa001)
core   0: 3 0x000000008000009c (0xa001)
core   0: 3 0x000000008000009c (0xa001)
core   0: 3 0x000000008000009c (0xa001)
core   0: 3 0x000000008000009c (0xa001)
core   0: 3 0x000000008000009c (0xa001)
core   0: 3 0x000000008000009c (0xa001)
core   0: 3 0x000000008000009c (0xa001)
core   0: 3 0x000000008000009c (0xa001)
core   0: 3 0x000000008000009c (0xa001)
core   0: 3 0x000000008000009c (0xa001)
core   0: 3 0x000000008000009c (0xa001)
core   0: 3 0x000000008000009c (0xa001)
core   0: 3 0x000000008000009c (0xa001)
core   0: 3 0x000000008000009c (0xa001)
core   0: 3 0x000000008000009c (0xa001)
core   0: 3 0x000000008000009c (0xa001)
core   0: 3 0x000000008000009c (0xa001)
core   0: 3 0x000000008000009c (0xa001)
core   0: 3 0x000000008000009c (0xa001)
core   0: 3 0x000000008000009c (0xa001)
core   0: 3 0x000000008000009c (0xa001)
core   0: 3 0x000000008000009c (0xa001)
core   0: 3 0x000000008000009c (0xa001)
core   0: 3 0x000000008000009c (0xa001)
core   0: 3 0x000000008000009c (0xa001)
core   0: 3 0x000000008000009c (0xa001)
core   0: 3 0x000000008000009c (0xa001)
core   0: 3 0x000000008000009c (0xa001)
core   0: 3 0x000000008000009c (0xa001)
core   0: 3 0x000000008000009c (0xa001)
core   0: 3 0x000000008000009c (0xa001)
core   0: 3 0x000000008000009c (0xa001)
core   0: 3 0x000000008000009c (0xa001)
core   0: 3 0x000000008000009c (0xa001)
core   0: 3 0x000000008000009c (0xa001)
core   0: 3 0x000000008000009c (0xa001)
core   0: 3 0x000000008000009c (0xa001)
core   0: 3 0x000000008000009c (0xa001)
core   0: 3 0x000000008000009c (0xa001)
core   0: 3 0x000000008000009c (0xa001)
core   0: 3 0x000000008000009c (0xa001)
core   0: 3 0x000000008000009c (0xa001)
core   0: 3 0x000000008000009c (0xa001)
core   0: 3 0x000000008000009c (0xa001)
core   0: 3 0x000000008000009c (0xa001)
core   0: 3 0x000000008000009c (0xa001)
core   0: 3 0x000000008000009c (0xa001)
core   0: 3 0x000000008000009c (0xa001)
core   0: 3 0x000000008000009c (0xa001)
core   0: 3 0x000000008000009c (0xa001)
core   0: 3 0x000000008000009c (0xa001)
core   0: 3 0x000000008000009c (0xa001)
core   0: 3 0x000000008000009c (0xa001)
core   0: 3 0x000000008000009c (0xa001)
core   0: 3 0x000000008000009c (0xa001)
core   0: 3 0x000000008000009c (0xa001)
core   0: 3 0x000000008000009c (0xa001)
core   0: 3 0x000000008000009c (0xa001)
core   0: 3 0x000000008000009c (0xa001)
core   0: 3 0x000000008000009c (0xa001)
core   0: 3 0x000000008000009c (0xa001)
core   0: 3 0x000000008000009c (0xa001)
core   0: 3 0x000000008000009c (0xa001)
core   0: 3 0x000000008000009c (0xa001)
core   0: 3 0x000000008000009c (0xa001)
core   0: 3 0x000000008000009c (0xa001)
core   0: 3 0x000000008000009c (0xa001)
core   0: 3 0x000000008000009c (0xa001)
core   0: 3 0x000000008000009c (0xa001)
core   0: 3 0x000000008000009c (0xa001)
core   0: 3 0x000000008000009c (0xa001)
core   0: 3 0x000000008000009c (0xa001)
core   0: 3 0x000000008000009c (0xa001)
core   0: 3 0x000000008000009c (0xa001)
core   0: 3 0x000000008000009c (0xa001)
core   0: 3 0x000000008000009c (0xa001)
core   0: 3 0x000000008000009c (0xa001)
core   0: 3 0x000000008000009c (0xa001)
core   0: 3 0x000000008000009c (0xa001)
core   0: 3 0x000000008000009c (0xa001)
core   0: 3 0x000000008000009c (0xa001)
core   0: 3 0x000000008000009c (0xa001)
core   0: 3 0x000000008000009c (0xa001)
core   0: 3 0x000000008000009c (0xa001)
core   0: 3 0x000000008000009c (0xa001)
core   0: 3 0x000000008000009c (0xa001)
core   0: 3 0x000000008000009c (0xa001)
core   0: 3 0x000000008000009c (0xa001)
core   0: 3 0x000000008000009c (0xa001)
core   0: 3 0x000000008000009c (0xa001)
core   0: 3 0x000000008000009c (0xa001)
core   0: 3 0x000000008000009c (0xa001)
core   0: 3 0x000000008000009c (0xa001)
core   0: 3 0x000000008000009c (0xa001)
core   0: 3 0x000000008000009c (0xa001)
core   0: 3 0x000000008000009c (0xa001)
core   0: 3 0x000000008000009c (0xa001)
core   0: 3 0x000000008000009c (0xa001)
core   0: 3 0x000000008000009c (0xa001)
core   0: 3 0x000000008000009c (0xa001)
core   0: 3 0x000000008000009c (0xa001)
core   0: 3 0x000000008000009c (0xa001)
core   0: 3 0x000000008000009c (0xa001)
core   0: 3 0x000000008000009c (0xa001)
core   0: 3 0x000000008000009c (0xa001)
core   0: 3 0x000000008000009c (0xa001)
core   0: 3 0x000000008000009c (0xa001)
core   0: 3 0x000000008000009c (0xa001)
core   0: 3 0x000000008000009c (0xa001)
core   0: 3 0x000000008000009c (0xa001)
core   0: 3 0x000000008000009c (0xa001)
core   0: 3 0x000000008000009c (0xa001)
core   0: 3 0x000000008000009c (0xa001)
core   0: 3 0x000000008000009c (0xa001)
core   0: 3 0x000000008000009c (0xa001)
core   0: 3 0x000000008000009c (0xa001)
core   0: 3 0x000000008000009c (0xa001)
core   0: 3 0x000000008000009c (0xa001)
core   0: 3 0x000000008000009c (0xa001)
core   0: 3 0x000000008000009c (0xa001)
core   0: 3 0x000000008000009c (0xa001)
core   0: 3 0x000000008000009c (0xa001)
core   0: 3 0x000000008000009c (0xa001)
core   0: 3 0x000000008000009c (0xa001)
core   0: 3 0x000000008000009c (0xa001)
core   0: 3 0x000000008000009c (0xa001)
core   0: 3 0x000000008000009c (0xa001)
core   0: 3 0x000000008000009c (0xa001)
core   0: 3 0x000000008000009c (0xa001)
core   0: 3 0x000000008000009c (0xa001)
core   0: 3 0x000000008000009c (0xa001)
core   0: 3 0x000000008000009c (0xa001)
core   0: 3 0x000000008000009c (0xa001)
core   0: 3 0x000000008000009c (0xa001)
core   0: 3 0x000000008000009c (0xa001)
core   0: 3 0x000000008000009c (0xa001)
core   0: 3 0x000000008000009c (0xa001)
core   0: 3 0x000000008000009c (0xa001)
core   0: 3 0x000000008000009c (0xa001)
core   0: 3 0x000000008000009c (0xa001)
core   0: 3 0x000000008000009c (0xa001)
core   0: 3 0x000000008000009c (0xa001)
core   0: 3 0x000000008000009c (0xa001)
core   0: 3 0x000000008000009c (0xa001)
core   0: 3 0x000000008000009c (0xa001)
core   0: 3 0x000000008000009c (0xa001)
core   0: 3 0x000000008000009c (0xa001)
core   0: 3 0x000000008000009c (0xa001)
core   0: 3 0x000000008000009c (0xa001)
core   0: 3 0x000000008000009c (0xa001)
core   0: 3 0x000000008000009c (0xa001)
core   0: 3 0x000000008000009c (0xa001)
core   0: 3 0x000000008000009c (0xa001)
core   0: 3 0x000000008000009c (0xa001)
core   0: 3 0x000000008000009c (0xa001)
core   0: 3 0x000000008000009c (0xa001)
core   0: 3 0x000000008000009c (0xa001)
core   0: 3 0x000000008000009c (0xa001)
core   0: 3 0x000000008000009c (0xa001)
core   0: 3 0x000000008000009c (0xa001)
core   0: 3 0x000000008000009c (0xa001)
core   0: 3 0x000000008000009c (0xa001)
core   0: 3 0x000000008000009c (0xa001)
core   0: 3 0x000000008000009c (0xa001)
core   0: 3 0x000000008000009c (0xa001)
core   0: 3 0x000000008000009c (0xa001)
core   0: 3 0x000000008000009c (0xa001)
core   0: 3 0x000000008000009c (0xa001)
core   0: 3 0x000000008000009c (0xa001)
core   0: 3 0x000000008000009c (0xa001)
core   0: 3 0x000000008000009c (0xa001)
core   0: 3 0x000000008000009c (0xa001)
core   0: 3 0x000000008000009c (0xa001)
core   0: 3 0x000000008000009c (0xa001)
core   0: 3 0x000000008000009c (0xa001)
core   0: 3 0x000000008000009c (0xa001)
core   0: 3 0x000000008000009c (0xa001)
core   0: 3 0x000000008000009c (0xa001)
core   0: 3 0x000000008000009c (0xa001)
core   0: 3 0x000000008000009c (0xa001)
core   0: 3 0x000000008000009c (0xa001)
core   0: 3 0x000000008000009c (0xa001)
core   0: 3 0x000000008000009c (0xa001)
core   0: 3 0x000000008000009c (0xa001)
core   0: 3 0x000000008000009c (0xa001)
core   0: 3 0x000000008000009c (0xa001)
core   0: 3 0x000000008000009c (0xa001)
core   0: 3 0x000000008000009c (0xa001)
core   0: 3 0x000000008000009c (0xa001)
core   0: 3 0x000000008000009c (0xa001)
core   0: 3 0x000000008000009c (0xa001)
core   0: 3 0x000000008000009c (0xa001)
core   0: 3 0x000000008000009c (0xa001)
core   0: 3 0x000000008000009c (0xa001)
core   0: 3 0x000000008000009c (0xa001)
core   0: 3 0x000000008000009c (0xa001)
core   0: 3 0x000000008000009c (0xa001)
core   0: 3 0x000000008000009c (0xa001)
core   0: 3 0x000000008000009c (0xa001)
core   0: 3 0x000000008000009c (0xa001)
core   0: 3 0x000000008000009c (0xa001)
core   0: 3 0x000000008000009c (0xa001)
core   0: 3 0x000000008000009c (0xa001)
core   0: 3 0x000000008000009c (0xa001)
core   0: 3 0x000000008000009c (0xa001)
core   0: 3 0x000000008000009c (0xa001)
core   0: 3 0x000000008000009c (0xa001)
core   0: 3 0x000000008000009c (0xa001)
core   0: 3 0x000000008000009c (0xa001)
core   0: 3 0x000000008000009c (0xa001)
core   0: 3 0x000000008000009c (0xa001)
core   0: 3 0x000000008000009c (0xa001)
core   0: 3 0x000000008000009c (0xa001)
core   0: 3 0x000000008000009c (0xa001)
core   0: 3 0x000000008000009c (0xa001)
core   0: 3 0x000000008000009c (0xa001)
core   0: 3 0x000000008000009c (0xa001)
core   0: 3 0x000000008000009c (0xa001)
core   0: 3 0x000000008000009c (0xa001)
core   0: 3 0x000000008000009c (0xa001)
core   0: 3 0x000000008000009c (0xa001)
core   0: 3 0x000000008000009c (0xa001)
core   0: 3 0x000000008000009c (0xa001)
core   0: 3 0x000000008000009c (0xa001)
core   0: 3 0x000000008000009c (0xa001)
core   0: 3 0x000000008000009c (0xa001)
core   0: 3 0x000000008000009c (0xa001)
core   0: 3 0x000000008000009c (0xa001)
core   0: 3 0x000000008000009c (0xa001)
core   0: 3 0x000000008000009c (0xa001)
core   0: 3 0x000000008000009c (0xa001)
core   0: 3 0x000000008000009c (0xa001)
core   0: 3 0x000000008000009c (0xa001)
core   0: 3 0x000000008000009c (0xa001)
core   0: 3 0x000000008000009c (0xa001)
core   0: 3 0x000000008000009c (0xa001)
core   0: 3 0x000000008000009c (0xa001)
core   0: 3 0x000000008000009c (0xa001)
core   0: 3 0x000000008000009c (0xa001)
core   0: 3 0x000000008000009c (0xa001)
core   0: 3 0x000000008000009c (0xa001)
core   0: 3 0x000000008000009c (0xa001)
core   0: 3 0x000000008000009c (0xa001)
core   0: 3 0x000000008000009c (0xa001)
core   0: 3 0x000000008000009c (0xa001)
core   0: 3 0x000000008000009c (0xa001)
core   0: 3 0x000000008000009c (0xa001)
core   0: 3 0x000000008000009c (0xa001)
core   0: 3 0x000000008000009c (0xa001)
core   0: 3 0x000000008000009c (0xa001)
core   0: 3 0x000000008000009c (0xa001)
core   0: 3 0x000000008000009c (0xa001)
core   0: 3 0x000000008000009c (0xa001)
core   0: 3 0x000000008000009c (0xa001)
core   0: 3 0x000000008000009c (0xa001)
core   0: 3 0x000000008000009c (0xa001)
core   0: 3 0x000000008000009c (0xa001)
core   0: 3 0x000000008000009c (0xa001)
core   0: 3 0x000000008000009c (0xa001)
core   0: 3 0x000000008000009c (0xa001)
core   0: 3 0x000000008000009c (0xa001)
core   0: 3 0x000000008000009c (0xa001)
core   0: 3 0x000000008000009c (0xa001)
core   0: 3 0x000000008000009c (0xa001)
core   0: 3 0x000000008000009c (0xa001)
core   0: 3 0x000000008000009c (0xa001)
core   0: 3 0x000000008000009c (0xa001)
core   0: 3 0x000000008000009c (0xa001)
core   0: 3 0x000000008000009c (0xa001)
core   0: 3 0x000000008000009c (0xa001)
core   0: 3 0x000000008000009c (0xa001)
core   0: 3 0x000000008000009c (0xa001)
core   0: 3 0x000000008000009c (0xa001)
core   0: 3 0x000000008000009c (0xa001)
core   0: 3 0x000000008000009c (0xa001)
core   0: 3 0x000000008000009c (0xa001)
core   0: 3 0x000000008000009c (0xa001)
core   0: 3 0x000000008000009c (0xa001)
core   0: 3 0x000000008000009c (0xa001)
core   0: 3 0x000000008000009c (0xa001)
core   0: 3 0x000000008000009c (0xa001)
core   0: 3 0x000000008000009c (0xa001)
core   0: 3 0x000000008000009c (0xa001)
core   0: 3 0x000000008000009c (0xa001)
core   0: 3 0x000000008000009c (0xa001)
core   0: 3 0x000000008000009c (0xa001)
core   0: 3 0x000000008000009c (0xa001)
core   0: 3 0x000000008000009c (0xa001)
core   0: 3 0x000000008000009c (0xa001)
core   0: 3 0x000000008000009c (0xa001)
core   0: 3 0x000000008000009c (0xa001)
core   0: 3 0x000000008000009c (0xa001)
core   0: 3 0x000000008000009c (0xa001)
core   0: 3 0x000000008000009c (0xa001)
core   0: 3 0x000000008000009c (0xa001)
core   0: 3 0x000000008000009c (0xa001)
core   0: 3 0x000000008000009c (0xa001)
core   0: 3 0x000000008000009c (0xa001)
core   0: 3 0x000000008000009c (0xa001)
core   0: 3 0x000000008000009c (0xa001)
core   0: 3 0x000000008000009c (0xa001)
core   0: 3 0x000000008000009c (0xa001)
core   0: 3 0x000000008000009c (0xa001)
core   0: 3 0x000000008000009c (0xa001)
core   0: 3 0x000000008000009c (0xa001)
core   0: 3 0x000000008000009c (0xa001)
core   0: 3 0x000000008000009c (0xa001)
core   0: 3 0x000000008000009c (0xa001)
core   0: 3 0x000000008000009c (0xa001)
core   0: 3 0x000000008000009c (0xa001)
core   0: 3 0x000000008000009c (0xa001)
core   0: 3 0x000000008000009c (0xa001)
core   0: 3 0x000000008000009c (0xa001)
core   0: 3 0x000000008000009c (0xa001)
core   0: 3 0x000000008000009c (0xa001)
core   0: 3 0x000000008000009c (0xa001)
core   0: 3 0x000000008000009c (0xa001)
core   0: 3 0x000000008000009c (0xa001)
core   0: 3 0x000000008000009c (0xa001)
core   0: 3 0x000000008000009c (0xa001)
core   0: 3 0x000000008000009c (0xa001)
core   0: 3 0x000000008000009c (0xa001)
core   0: 3 0x000000008000009c (0xa001)
core   0: 3 0x000000008000009c (0xa001)
core   0: 3 0x000000008000009c (0xa001)
core   0: 3 0x000000008000009c (0xa001)
core   0: 3 0x000000008000009c (0xa001)
core   0: 3 0x000000008000009c (0xa001)
core   0: 3 0x000000008000009c (0xa001)
core   0: 3 0x000000008000009c (0xa001)
core   0: 3 0x000000008000009c (0xa001)
core   0: 3 0x000000008000009c (0xa001)
core   0: 3 0x000000008000009c (0xa001)
core   0: 3 0x000000008000009c (0xa001)
core   0: 3 0x000000008000009c (0xa001)
core   0: 3 0x000000008000009c (0xa001)
core   0: 3 0x000000008000009c (0xa001)
core   0: 3 0x000000008000009c (0xa001)
core   0: 3 0x000000008000009c (0xa001)
core   0: 3 0x000000008000009c (0xa001)
core   0: 3 0x000000008000009c (0xa001)
core   0: 3 0x000000008000009c (0xa001)
core   0: 3 0x000000008000009c (0xa001)
core   0: 3 0x000000008000009c (0xa001)
core   0: 3 0x000000008000009c (0xa001)
core   0: 3 0x000000008000009c (0xa001)
core   0: 3 0x000000008000009c (0xa001)
core   0: 3 0x000000008000009c (0xa001)
core   0: 3 0x000000008000009c (0xa001)
core   0: 3 0x000000008000009c (0xa001)
core   0: 3 0x000000008000009c (0xa001)
core   0: 3 0x000000008000009c (0xa001)
core   0: 3 0x000000008000009c (0xa001)
core   0: 3 0x000000008000009c (0xa001)
core   0: 3 0x000000008000009c (0xa001)
core   0: 3 0x000000008000009c (0xa001)
core   0: 3 0x000000008000009c (0xa001)
core   0: 3 0x000000008000009c (0xa001)
core   0: 3 0x000000008000009c (0xa001)
core   0: 3 0x000000008000009c (0xa001)
core   0: 3 0x000000008000009c (0xa001)
core   0: 3 0x000000008000009c (0xa001)
core   0: 3 0x000000008000009c (0xa001)
core   0: 3 0x000000008000009c (0xa001)
core   0: 3 0x000000008000009c (0xa001)
core   0: 3 0x000000008000009c (0xa001)
core   0: 3 0x000000008000009c (0xa001)
core   0: 3 0x000000008000009c (0xa001)
core   0: 3 0x000000008000009c (0xa001)
core   0: 3 0x000000008000009c (0xa001)
core   0: 3 0x000000008000009c (0xa001)
core   0: 3 0x000000008000009c (0xa001)
core   0: 3 0x000000008000009c (0xa001)
core   0: 3 0x000000008000009c (0xa001)
core   0: 3 0x000000008000009c (0xa001)
core   0: 3 0x000000008000009c (0xa001)
core   0: 3 0x000000008000009c (0xa001)
core   0: 3 0x000000008000009c (0xa001)
core   0: 3 0x000000008000009c (0xa001)
core   0: 3 0x000000008000009c (0xa001)
core   0: 3 0x000000008000009c (0xa001)
core   0: 3 0x000000008000009c (0xa001)
core   0: 3 0x000000008000009c (0xa001)
core   0: 3 0x000000008000009c (0xa001)
core   0: 3 0x000000008000009c (0xa001)
core   0: 3 0x000000008000009c (0xa001)
core   0: 3 0x000000008000009c (0xa001)
core   0: 3 0x000000008000009c (0xa001)
core   0: 3 0x000000008000009c (0xa001)
core   0: 3 0x000000008000009c (0xa001)
core   0: 3 0x000000008000009c (0xa001)
core   0: 3 0x000000008000009c (0xa001)
core   0: 3 0x000000008000009c (0xa001)
core   0: 3 0x000000008000009c (0xa001)
core   0: 3 0x000000008000009c (0xa001)
core   0: 3 0x000000008000009c (0xa001)
core   0: 3 0x000000008000009c (0xa001)
core   0: 3 0x000000008000009c (0xa001)
core   0: 3 0x000000008000009c (0xa001)
core   0: 3 0x000000008000009c (0xa001)
core   0: 3 0x000000008000009c (0xa001)
core   0: 3 0x000000008000009c (0xa001)
core   0: 3 0x000000008000009c (0xa001)
core   0: 3 0x000000008000009c (0xa001)
core   0: 3 0x000000008000009c (0xa001)
core   0: 3 0x000000008000009c (0xa001)
core   0: 3 0x000000008000009c (0xa001)
core   0: 3 0x000000008000009c (0xa001)
core   0: 3 0x000000008000009c (0xa001)
core   0: 3 0x000000008000009c (0xa001)
core   0: 3 0x000000008000009c (0xa001)
core   0: 3 0x000000008000009c (0xa001)
core   0: 3 0x000000008000009c (0xa001)
core   0: 3 0x000000008000009c (0xa001)
core   0: 3 0x000000008000009c (0xa001)
core   0: 3 0x000000008000009c (0xa001)
core   0: 3 0x000000008000009c (0xa001)
core   0: 3 0x000000008000009c (0xa001)
core   0: 3 0x000000008000009c (0xa001)
core   0: 3 0x000000008000009c (0xa001)
core   0: 3 0x000000008000009c (0xa001)
core   0: 3 0x000000008000009c (0xa001)
core   0: 3 0x000000008000009c (0xa001)
core   0: 3 0x000000008000009c (0xa001)
core   0: 3 0x000000008000009c (0xa001)
core   0: 3 0x000000008000009c (0xa001)
core   0: 3 0x000000008000009c (0xa001)
core   0: 3 0x000000008000009c (0xa001)
core   0: 3 0x000000008000009c (0xa001)
core   0: 3 0x000000008000009c (0xa001)
core   0: 3 0x000000008000009c (0xa001)
core   0: 3 0x000000008000009c (0xa001)
core   0: 3 0x000000008000009c (0xa001)
core   0: 3 0x000000008000009c (0xa001)
core   0: 3 0x000000008000009c (0xa001)
core   0: 3 0x000000008000009c (0xa001)
core   0: 3 0x000000008000009c (0xa001)
core   0: 3 0x000000008000009c (0xa001)
core   0: 3 0x000000008000009c (0xa001)
core   0: 3 0x000000008000009c (0xa001)
core   0: 3 0x000000008000009c (0xa001)
core   0: 3 0x000000008000009c (0xa001)
core   0: 3 0x000000008000009c (0xa001)
core   0: 3 0x000000008000009c (0xa001)
core   0: 3 0x000000008000009c (0xa001)
core   0: 3 0x000000008000009c (0xa001)
core   0: 3 0x000000008000009c (0xa001)
core   0: 3 0x000000008000009c (0xa001)
core   0: 3 0x000000008000009c (0xa001)
core   0: 3 0x000000008000009c (0xa001)
core   0: 3 0x000000008000009c (0xa001)
core   0: 3 0x000000008000009c (0xa001)
core   0: 3 0x000000008000009c (0xa001)
core   0: 3 0x000000008000009c (0xa001)
core   0: 3 0x000000008000009c (0xa001)
core   0: 3 0x000000008000009c (0xa001)
core   0: 3 0x000000008000009c (0xa001)
core   0: 3 0x000000008000009c (0xa001)
core   0: 3 0x000000008000009c (0xa001)
core   0: 3 0x000000008000009c (0xa001)
core   0: 3 0x000000008000009c (0xa001)
core   0: 3 0x000000008000009c (0xa001)
core   0: 3 0x000000008000009c (0xa001)
core   0: 3 0x000000008000009c (0xa001)
core   0: 3 0x000000008000009c (0xa001)
core   0: 3 0x000000008000009c (0xa001)
core   0: 3 0x000000008000009c (0xa001)
core   0: 3 0x000000008000009c (0xa001)
core   0: 3 0x000000008000009c (0xa001)
core   0: 3 0x000000008000009c (0xa001)
core   0: 3 0x000000008000009c (0xa001)
core   0: 3 0x000000008000009c (0xa001)
core   0: 3 0x000000008000009c (0xa001)
core   0: 3 0x000000008000009c (0xa001)
core   0: 3 0x000000008000009c (0xa001)
core   0: 3 0x000000008000009c (0xa001)
core   0: 3 0x000000008000009c (0xa001)
core   0: 3 0x000000008000009c (0xa001)
core   0: 3 0x000000008000009c (0xa001)
core   0: 3 0x000000008000009c (0xa001)
core   0: 3 0x000000008000009c (0xa001)
core   0: 3 0x000000008000009c (0xa001)
core   0: 3 0x000000008000009c (0xa001)
core   0: 3 0x000000008000009c (0xa001)
core   0: 3 0x000000008000009c (0xa001)
core   0: 3 0x000000008000009c (0xa001)
core   0: 3 0x000000008000009c (0xa001)
core   0: 3 0x000000008000009c (0xa001)
core   0: 3 0x000000008000009c (0xa001)
core   0: 3 0x000000008000009c (0xa001)
core   0: 3 0x000000008000009c (0xa001)
core   0: 3 0x000000008000009c (0xa001)
core   0: 3 0x000000008000009c (0xa001)
core   0: 3 0x000000008000009c (0xa001)
core   0: 3 0x000000008000009c (0xa001)
core   0: 3 0x000000008000009c (0xa001)
core   0: 3 0x000000008000009c (0xa001)
core   0: 3 0x000000008000009c (0xa001)
core   0: 3 0x000000008000009c (0xa001)
core   0: 3 0x000000008000009c (0xa001)
core   0: 3 0x000000008000009c (0xa001)
core   0: 3 0x000000008000009c (0xa001)
core   0: 3 0x000000008000009c (0xa001)
core   0: 3 0x000000008000009c (0xa001)
core   0: 3 0x000000008000009c (0xa001)
core   0: 3 0x000000008000009c (0xa001)
core   0: 3 0x000000008000009c (0xa001)
core   0: 3 0x000000008000009c (0xa001)
core   0: 3 0x000000008000009c (0xa001)
core   0: 3 0x000000008000009c (0xa001)
core   0: 3 0x000000008000009c (0xa001)
core   0: 3 0x000000008000009c (0xa001)
core   0: 3 0x000000008000009c (0xa001)
core   0: 3 0x000000008000009c (0xa001)
core   0: 3 0x000000008000009c (0xa001)
core   0: 3 0x000000008000009c (0xa001)
core   0: 3 0x000000008000009c (0xa001)
core   0: 3 0x000000008000009c (0xa001)
core   0: 3 0x000000008000009c (0xa001)
core   0: 3 0x000000008000009c (0xa001)
core   0: 3 0x000000008000009c (0xa001)
core   0: 3 0x000000008000009c (0xa001)
core   0: 3 0x000000008000009c (0xa001)
core   0: 3 0x000000008000009c (0xa001)
core   0: 3 0x000000008000009c (0xa001)
core   0: 3 0x000000008000009c (0xa001)
core   0: 3 0x000000008000009c (0xa001)
core   0: 3 0x000000008000009c (0xa001)
core   0: 3 0x000000008000009c (0xa001)
core   0: 3 0x000000008000009c (0xa001)
core   0: 3 0x000000008000009c (0xa001)
core   0: 3 0x000000008000009c (0xa001)
core   0: 3 0x000000008000009c (0xa001)
core   0: 3 0x000000008000009c (0xa001)
core   0: 3 0x000000008000009c (0xa001)
core   0: 3 0x000000008000009c (0xa001)
core   0: 3 0x000000008000009c (0xa001)
core   0: 3 0x000000008000009c (0xa001)
core   0: 3 0x000000008000009c (0xa001)
core   0: 3 0x000000008000009c (0xa001)
core   0: 3 0x000000008000009c (0xa001)
core   0: 3 0x000000008000009c (0xa001)
core   0: 3 0x000000008000009c (0xa001)
core   0: 3 0x000000008000009c (0xa001)
core   0: 3 0x000000008000009c (0xa001)
core   0: 3 0x000000008000009c (0xa001)
core   0: 3 0x000000008000009c (0xa001)
core   0: 3 0x000000008000009c (0xa001)
core   0: 3 0x000000008000009c (0xa001)
core   0: 3 0x000000008000009c (0xa001)
core   0: 3 0x000000008000009c (0xa001)
core   0: 3 0x000000008000009c (0xa001)
core   0: 3 0x000000008000009c (0xa001)
core   0: 3 0x000000008000009c (0xa001)
core   0: 3 0x000000008000009c (0xa001)
core   0: 3 0x000000008000009c (0xa001)
core   0: 3 0x000000008000009c (0xa001)
core   0: 3 0x000000008000009c (0xa001)
core   0: 3 0x000000008000009c (0xa001)
core   0: 3 0x000000008000009c (0xa001)
core   0: 3 0x000000008000009c (0xa001)
core   0: 3 0x000000008000009c (0xa001)
core   0: 3 0x000000008000009c (0xa001)
core   0: 3 0x000000008000009c (0xa001)
core   0: 3 0x000000008000009c (0xa001)
core   0: 3 0x000000008000009c (0xa001)
core   0: 3 0x000000008000009c (0xa001)
core   0: 3 0x000000008000009c (0xa001)
core   0: 3 0x000000008000009c (0xa001)
core   0: 3 0x000000008000009c (0xa001)
core   0: 3 0x000000008000009c (0xa001)
core   0: 3 0x000000008000009c (0xa001)
core   0: 3 0x000000008000009c (0xa001)
core   0: 3 0x000000008000009c (0xa001)
core   0: 3 0x000000008000009c (0xa001)
core   0: 3 0x000000008000009c (0xa001)
core   0: 3 0x000000008000009c (0xa001)
core   0: 3 0x000000008000009c (0xa001)
core   0: 3 0x000000008000009c (0xa001)
core   0: 3 0x000000008000009c (0xa001)
core   0: 3 0x000000008000009c (0xa001)
core   0: 3 0x000000008000009c (0xa001)
core   0: 3 0x000000008000009c (0xa001)
core   0: 3 0x000000008000009c (0xa001)
core   0: 3 0x000000008000009c (0xa001)
core   0: 3 0x000000008000009c (0xa001)
core   0: 3 0x000000008000009c (0xa001)
core   0: 3 0x000000008000009c (0xa001)
core   0: 3 0x000000008000009c (0xa001)
core   0: 3 0x000000008000009c (0xa001)
core   0: 3 0x000000008000009c (0xa001)
core   0: 3 0x000000008000009c (0xa001)
core   0: 3 0x000000008000009c (0xa001)
core   0: 3 0x000000008000009c (0xa001)
core   0: 3 0x000000008000009c (0xa001)
core   0: 3 0x000000008000009c (0xa001)
core   0: 3 0x000000008000009c (0xa001)
core   0: 3 0x000000008000009c (0xa001)
core   0: 3 0x000000008000009c (0xa001)
core   0: 3 0x000000008000009c (0xa001)
core   0: 3 0x000000008000009c (0xa001)
core   0: 3 0x000000008000009c (0xa001)
core   0: 3 0x000000008000009c (0xa001)
core   0: 3 0x000000008000009c (0xa001)
core   0: 3 0x000000008000009c (0xa001)
core   0: 3 0x000000008000009c (0xa001)
core   0: 3 0x000000008000009c (0xa001)
core   0: 3 0x000000008000009c (0xa001)
core   0: 3 0x000000008000009c (0xa001)
core   0: 3 0x000000008000009c (0xa001)
core   0: 3 0x000000008000009c (0xa001)
core   0: 3 0x000000008000009c (0xa001)
core   0: 3 0x000000008000009c (0xa001)
core   0: 3 0x000000008000009c (0xa001)
core   0: 3 0x000000008000009c (0xa001)
core   0: 3 0x000000008000009c (0xa001)
core   0: 3 0x000000008000009c (0xa001)
core   0: 3 0x000000008000009c (0xa001)
core   0: 3 0x000000008000009c (0xa001)
core   0: 3 0x000000008000009c (0xa001)
core   0: 3 0x000000008000009c (0xa001)
core   0: 3 0x000000008000009c (0xa001)
core   0: 3 0x000000008000009c (0xa001)
core   0: 3 0x000000008000009c (0xa001)
core   0: 3 0x000000008000009c (0xa001)
core   0: 3 0x000000008000009c (0xa001)
core   0: 3 0x000000008000009c (0xa001)
core   0: 3 0x000000008000009c (0xa001)
core   0: 3 0x000000008000009c (0xa001)
core   0: 3 0x000000008000009c (0xa001)
core   0: 3 0x000000008000009c (0xa001)
core   0: 3 0x000000008000009c (0xa001)
core   0: 3 0x000000008000009c (0xa001)
core   0: 3 0x000000008000009c (0xa001)
core   0: 3 0x000000008000009c (0xa001)
core   0: 3 0x000000008000009c (0xa001)
core   0: 3 0x000000008000009c (0xa001)
core   0: 3 0x000000008000009c (0xa001)
core   0: 3 0x000000008000009c (0xa001)
core   0: 3 0x000000008000009c (0xa001)
core   0: 3 0x000000008000009c (0xa001)
core   0: 3 0x000000008000009c (0xa001)
core   0: 3 0x000000008000009c (0xa001)
core   0: 3 0x000000008000009c (0xa001)
core   0: 3 0x000000008000009c (0xa001)
core   0: 3 0x000000008000009c (0xa001)
core   0: 3 0x000000008000009c (0xa001)
core   0: 3 0x000000008000009c (0xa001)
core   0: 3 0x000000008000009c (0xa001)
core   0: 3 0x000000008000009c (0xa001)
core   0: 3 0x000000008000009c (0xa001)
core   0: 3 0x000000008000009c (0xa001)
core   0: 3 0x000000008000009c (0xa001)
core   0: 3 0x000000008000009c (0xa001)
core   0: 3 0x000000008000009c (0xa001)
core   0: 3 0x000000008000009c (0xa001)
core   0: 3 0x000000008000009c (0xa001)
core   0: 3 0x000000008000009c (0xa001)
core   0: 3 0x000000008000009c (0xa001)
core   0: 3 0x000000008000009c (0xa001)
core   0: 3 0x000000008000009c (0xa001)
core   0: 3 0x000000008000009c (0xa001)
core   0: 3 0x000000008000009c (0xa001)
core   0: 3 0x000000008000009c (0xa001)
core   0: 3 0x000000008000009c (0xa001)
core   0: 3 0x000000008000009c (0xa001)
core   0: 3 0x000000008000009c (0xa001)
core   0: 3 0x000000008000009c (0xa001)
core   0: 3 0x000000008000009c (0xa001)
core   0: 3 0x000000008000009c (0xa001)
core   0: 3 0x000000008000009c (0xa001)
core   0: 3 0x000000008000009c (0xa001)
core   0: 3 0x000000008000009c (0xa001)
core   0: 3 0x000000008000009c (0xa001)
core   0: 3 0x000000008000009c (0xa001)
core   0: 3 0x000000008000009c (0xa001)
core   0: 3 0x000000008000009c (0xa001)
core   0: 3 0x000000008000009c (0xa001)
core   0: 3 0x000000008000009c (0xa001)
core   0: 3 0x000000008000009c (0xa001)
core   0: 3 0x000000008000009c (0xa001)
core   0: 3 0x000000008000009c (0xa001)
core   0: 3 0x000000008000009c (0xa001)
core   0: 3 0x000000008000009c (0xa001)
core   0: 3 0x000000008000009c (0xa001)
core   0: 3 0x000000008000009c (0xa001)
core   0: 3 0x000000008000009c (0xa001)
core   0: 3 0x000000008000009c (0xa001)
core   0: 3 0x000000008000009c (0xa001)
core   0: 3 0x000000008000009c (0xa001)
core   0: 3 0x000000008000009c (0xa001)
core   0: 3 0x000000008000009c (0xa001)
core   0: 3 0x000000008000009c (0xa001)
core   0: 3 0x000000008000009c (0xa001)
core   0: 3 0x000000008000009c (0xa001)
core   0: 3 0x000000008000009c (0xa001)
core   0: 3 0x000000008000009c (0xa001)
core   0: 3 0x000000008000009c (0xa001)
core   0: 3 0x000000008000009c (0xa001)
core   0: 3 0x000000008000009c (0xa001)
core   0: 3 0x000000008000009c (0xa001)
core   0: 3 0x000000008000009c (0xa001)
core   0: 3 0x000000008000009c (0xa001)
core   0: 3 0x000000008000009c (0xa001)
core   0: 3 0x000000008000009c (0xa001)
core   0: 3 0x000000008000009c (0xa001)
core   0: 3 0x000000008000009c (0xa001)
core   0: 3 0x000000008000009c (0xa001)
core   0: 3 0x000000008000009c (0xa001)
core   0: 3 0x000000008000009c (0xa001)
core   0: 3 0x000000008000009c (0xa001)
core   0: 3 0x000000008000009c (0xa001)
core   0: 3 0x000000008000009c (0xa001)
core   0: 3 0x000000008000009c (0xa001)
core   0: 3 0x000000008000009c (0xa001)
core   0: 3 0x000000008000009c (0xa001)
core   0: 3 0x000000008000009c (0xa001)
core   0: 3 0x000000008000009c (0xa001)
core   0: 3 0x000000008000009c (0xa001)
core   0: 3 0x000000008000009c (0xa001)
core   0: 3 0x000000008000009c (0xa001)
core   0: 3 0x000000008000009c (0xa001)
core   0: 3 0x000000008000009c (0xa001)
core   0: 3 0x000000008000009c (0xa001)
core   0: 3 0x000000008000009c (0xa001)
core   0: 3 0x000000008000009c (0xa001)
core   0: 3 0x000000008000009c (0xa001)
core   0: 3 0x000000008000009c (0xa001)
core   0: 3 0x000000008000009c (0xa001)
core   0: 3 0x000000008000009c (0xa001)
core   0: 3 0x000000008000009c (0xa001)
core   0: 3 0x000000008000009c (0xa001)
core   0: 3 0x000000008000009c (0xa001)
core   0: 3 0x000000008000009c (0xa001)
core   0: 3 0x000000008000009c (0xa001)
core   0: 3 0x000000008000009c (0xa001)
core   0: 3 0x000000008000009c (0xa001)
core   0: 3 0x000000008000009c (0xa001)
core   0: 3 0x000000008000009c (0xa001)
core   0: 3 0x000000008000009c (0xa001)
core   0: 3 0x000000008000009c (0xa001)
core   0: 3 0x000000008000009c (0xa001)
core   0: 3 0x000000008000009c (0xa001)
core   0: 3 0x000000008000009c (0xa001)
core   0: 3 0x000000008000009c (0xa001)
core   0: 3 0x000000008000009c (0xa001)
core   0: 3 0x000000008000009c (0xa001)
core   0: 3 0x000000008000009c (0xa001)
core   0: 3 0x000000008000009c (0xa001)
core   0: 3 0x000000008000009c (0xa001)
core   0: 3 0x000000008000009c (0xa001)
core   0: 3 0x000000008000009c (0xa001)
core   0: 3 0x000000008000009c (0xa001)
core   0: 3 0x000000008000009c (0xa001)
core   0: 3 0x000000008000009c (0xa001)
core   0: 3 0x000000008000009c (0xa001)
core   0: 3 0x000000008000009c (0xa001)
core   0: 3 0x000000008000009c (0xa001)
core   0: 3 0x000000008000009c (0xa001)
core   0: 3 0x000000008000009c (0xa001)
core   0: 3 0x000000008000009c (0xa001)
core   0: 3 0x000000008000009c (0xa001)
core   0: 3 0x000000008000009c (0xa001)
core   0: 3 0x000000008000009c (0xa001)
core   0: 3 0x000000008000009c (0xa001)
core   0: 3 0x000000008000009c (0xa001)
core   0: 3 0x000000008000009c (0xa001)
core   0: 3 0x000000008000009c (0xa001)
core   0: 3 0x000000008000009c (0xa001)
core   0: 3 0x000000008000009c (0xa001)
core   0: 3 0x000000008000009c (0xa001)
core   0: 3 0x000000008000009c (0xa001)
core   0: 3 0x000000008000009c (0xa001)
core   0: 3 0x000000008000009c (0xa001)
core   0: 3 0x000000008000009c (0xa001)
core   0: 3 0x000000008000009c (0xa001)
core   0: 3 0x000000008000009c (0xa001)
core   0: 3 0x000000008000009c (0xa001)
core   0: 3 0x000000008000009c (0xa001)
core   0: 3 0x000000008000009c (0xa001)
core   0: 3 0x000000008000009c (0xa001)
core   0: 3 0x000000008000009c (0xa001)
core   0: 3 0x000000008000009c (0xa001)
core   0: 3 0x000000008000009c (0xa001)
core   0: 3 0x000000008000009c (0xa001)
core   0: 3 0x000000008000009c (0xa001)
core   0: 3 0x000000008000009c (0xa001)
core   0: 3 0x000000008000009c (0xa001)
core   0: 3 0x000000008000009c (0xa001)
core   0: 3 0x000000008000009c (0xa001)
core   0: 3 0x000000008000009c (0xa001)
core   0: 3 0x000000008000009c (0xa001)
core   0: 3 0x000000008000009c (0xa001)
core   0: 3 0x000000008000009c (0xa001)
core   0: 3 0x000000008000009c (0xa001)
core   0: 3 0x000000008000009c (0xa001)
core   0: 3 0x000000008000009c (0xa001)
core   0: 3 0x000000008000009c (0xa001)
core   0: 3 0x000000008000009c (0xa001)
core   0: 3 0x000000008000009c (0xa001)
core   0: 3 0x000000008000009c (0xa001)
core   0: 3 0x000000008000009c (0xa001)
core   0: 3 0x000000008000009c (0xa001)
core   0: 3 0x000000008000009c (0xa001)
core   0: 3 0x000000008000009c (0xa001)
core   0: 3 0x000000008000009c (0xa001)
core   0: 3 0x000000008000009c (0xa001)
core   0: 3 0x000000008000009c (0xa001)
core   0: 3 0x000000008000009c (0xa001)
core   0: 3 0x000000008000009c (0xa001)
core   0: 3 0x000000008000009c (0xa001)
core   0: 3 0x000000008000009c (0xa001)
core   0: 3 0x000000008000009c (0xa001)
core   0: 3 0x000000008000009c (0xa001)
core   0: 3 0x000000008000009c (0xa001)
core   0: 3 0x000000008000009c (0xa001)
core   0: 3 0x000000008000009c (0xa001)
core   0: 3 0x000000008000009c (0xa001)
core   0: 3 0x000000008000009c (0xa001)
core   0: 3 0x000000008000009c (0xa001)
core   0: 3 0x000000008000009c (0xa001)
core   0: 3 0x000000008000009c (0xa001)
core   0: 3 0x000000008000009c (0xa001)
core   0: 3 0x000000008000009c (0xa001)
core   0: 3 0x000000008000009c (0xa001)
core   0: 3 0x000000008000009c (0xa001)
core   0: 3 0x000000008000009c (0xa001)
core   0: 3 0x000000008000009c (0xa001)
core   0: 3 0x000000008000009c (0xa001)
core   0: 3 0x000000008000009c (0xa001)
core   0: 3 0x000000008000009c (0xa001)
core   0: 3 0x000000008000009c (0xa001)
core   0: 3 0x000000008000009c (0xa001)
core   0: 3 0x000000008000009c (0xa001)
core   0: 3 0x000000008000009c (0xa001)
core   0: 3 0x000000008000009c (0xa001)
core   0: 3 0x000000008000009c (0xa001)
core   0: 3 0x000000008000009c (0xa001)
core   0: 3 0x000000008000009c (0xa001)
core   0: 3 0x000000008000009c (0xa001)
core   0: 3 0x000000008000009c (0xa001)
core   0: 3 0x000000008000009c (0xa001)
core   0: 3 0x000000008000009c (0xa001)
core   0: 3 0x000000008000009c (0xa001)
core   0: 3 0x000000008000009c (0xa001)
core   0: 3 0x000000008000009c (0xa001)
core   0: 3 0x000000008000009c (0xa001)
core   0: 3 0x000000008000009c (0xa001)
core   0: 3 0x000000008000009c (0xa001)
core   0: 3 0x000000008000009c (0xa001)
core   0: 3 0x000000008000009c (0xa001)
core   0: 3 0x000000008000009c (0xa001)
core   0: 3 0x000000008000009c (0xa001)
core   0: 3 0x000000008000009c (0xa001)
core   0: 3 0x000000008000009c (0xa001)
core   0: 3 0x000000008000009c (0xa001)
core   0: 3 0x000000008000009c (0xa001)
core   0: 3 0x000000008000009c (0xa001)
core   0: 3 0x000000008000009c (0xa001)
core   0: 3 0x000000008000009c (0xa001)
core   0: 3 0x000000008000009c (0xa001)
core   0: 3 0x000000008000009c (0xa001)
core   0: 3 0x000000008000009c (0xa001)
core   0: 3 0x000000008000009c (0xa001)
core   0: 3 0x000000008000009c (0xa001)
core   0: 3 0x000000008000009c (0xa001)
core   0: 3 0x000000008000009c (0xa001)
core   0: 3 0x000000008000009c (0xa001)
core   0: 3 0x000000008000009c (0xa001)
core   0: 3 0x000000008000009c (0xa001)
core   0: 3 0x000000008000009c (0xa001)
core   0: 3 0x000000008000009c (0xa001)
core   0: 3 0x000000008000009c (0xa001)
core   0: 3 0x000000008000009c (0xa001)
core   0: 3 0x000000008000009c (0xa001)
core   0: 3 0x000000008000009c (0xa001)
core   0: 3 0x000000008000009c (0xa001)
core   0: 3 0x000000008000009c (0xa001)
core   0: 3 0x000000008000009c (0xa001)
core   0: 3 0x000000008000009c (0xa001)
core   0: 3 0x000000008000009c (0xa001)
core   0: 3 0x000000008000009c (0xa001)
core   0: 3 0x000000008000009c (0xa001)
core   0: 3 0x000000008000009c (0xa001)
core   0: 3 0x000000008000009c (0xa001)
core   0: 3 0x000000008000009c (0xa001)
core   0: 3 0x000000008000009c (0xa001)
core   0: 3 0x000000008000009c (0xa001)
core   0: 3 0x000000008000009c (0xa001)
core   0: 3 0x000000008000009c (0xa001)
core   0: 3 0x000000008000009c (0xa001)
core   0: 3 0x000000008000009c (0xa001)
core   0: 3 0x000000008000009c (0xa001)
core   0: 3 0x000000008000009c (0xa001)
core   0: 3 0x000000008000009c (0xa001)
core   0: 3 0x000000008000009c (0xa001)
core   0: 3 0x000000008000009c (0xa001)
core   0: 3 0x000000008000009c (0xa001)
core   0: 3 0x000000008000009c (0xa001)
core   0: 3 0x000000008000009c (0xa001)
core   0: 3 0x000000008000009c (0xa001)
core   0: 3 0x000000008000009c (0xa001)
core   0: 3 0x000000008000009c (0xa001)
core   0: 3 0x000000008000009c (0xa001)
core   0: 3 0x000000008000009c (0xa001)
core   0: 3 0x000000008000009c (0xa001)
core   0: 3 0x000000008000009c (0xa001)
core   0: 3 0x000000008000009c (0xa001)
core   0: 3 0x000000008000009c (0xa001)
