core   0: 0x0000000000001000 (0x00000297) auipc   t0, 0x0
core   0: 3 0x0000000000001000 (0x00000297) x5  0x0000000000001000
core   0: 0x0000000000001004 (0x02028593) addi    a1, t0, 32
core   0: 3 0x0000000000001004 (0x02028593) x11 0x0000000000001020
core   0: 0x0000000000001008 (0xf1402573) csrr    a0, mhartid
core   0: 3 0x0000000000001008 (0xf1402573) x10 0x0000000000000000
core   0: 0x000000000000100c (0x0182b283) ld      t0, 24(t0)
core   0: 3 0x000000000000100c (0x0182b283) x5  0x0000000080000000 mem 0x0000000000001018
core   0: 0x0000000000001010 (0x00028067) jr      t0
core   0: 3 0x0000000000001010 (0x00028067)
core   0: >>>>  $xrv64i2p1_m2p0_a2p1_f2p2_d2p2_c2p0_zicsr2p0_zifencei2p0_zmmul1p0_zaamo1p0_zalrsc1p0_zca1p0_zcd1p0
core   0: 0x0000000080000000 (0x00002417) auipc   s0, 0x2
core   0: 3 0x0000000080000000 (0x00002417) x8  0x0000000080002000
core   0: 0x0000000080000004 (0x00040413) mv      s0, s0
core   0: 3 0x0000000080000004 (0x00040413) x8  0x0000000080002000
core   0: 0x0000000080000008 (0x00004295) c.li    t0, 5
core   0: 3 0x0000000080000008 (0x4295) x5  0x0000000000000005
core   0: 0x000000008000000a (0x00004301) c.li    t1, 0
core   0: 3 0x000000008000000a (0x4301) x6  0x0000000000000000
core   0: >>>>  sum_loop
core   0: 0x000000008000000c (0x00009316) c.add   t1, t0
core   0: 3 0x000000008000000c (0x9316) x6  0x0000000000000005
core   0: 0x000000008000000e (0x000012fd) c.addi  t0, -1
core   0: 3 0x000000008000000e (0x12fd) x5  0x0000000000000004
core   0: 0x0000000080000010 (0xfe029ee3) bnez    t0, pc - 4
core   0: 3 0x0000000080000010 (0xfe029ee3)
core   0: >>>>  sum_loop
core   0: 0x000000008000000c (0x00009316) c.add   t1, t0
core   0: 3 0x000000008000000c (0x9316) x6  0x0000000000000009
core   0: 0x000000008000000e (0x000012fd) c.addi  t0, -1
core   0: 3 0x000000008000000e (0x12fd) x5  0x0000000000000003
core   0: 0x0000000080000010 (0xfe029ee3) bnez    t0, pc - 4
core   0: 3 0x0000000080000010 (0xfe029ee3)
core   0: >>>>  sum_loop
core   0: 0x000000008000000c (0x00009316) c.add   t1, t0
core   0: 3 0x000000008000000c (0x9316) x6  0x000000000000000c
core   0: 0x000000008000000e (0x000012fd) c.addi  t0, -1
core   0: 3 0x000000008000000e (0x12fd) x5  0x0000000000000002
core   0: 0x0000000080000010 (0xfe029ee3) bnez    t0, pc - 4
core   0: 3 0x0000000080000010 (0xfe029ee3)
core   0: >>>>  sum_loop
core   0: 0x000000008000000c (0x00009316) c.add   t1, t0
core   0: 3 0x000000008000000c (0x9316) x6  0x000000000000000e
core   0: 0x000000008000000e (0x000012fd) c.addi  t0, -1
core   0: 3 0x000000008000000e (0x12fd) x5  0x0000000000000001
core   0: 0x0000000080000010 (0xfe029ee3) bnez    t0, pc - 4
core   0: 3 0x0000000080000010 (0xfe029ee3)
core   0: >>>>  sum_loop
core   0: 0x000000008000000c (0x00009316) c.add   t1, t0
core   0: 3 0x000000008000000c (0x9316) x6  0x000000000000000f
core   0: 0x000000008000000e (0x000012fd) c.addi  t0, -1
core   0: 3 0x000000008000000e (0x12fd) x5  0x0000000000000000
core   0: 0x0000000080000010 (0xfe029ee3) bnez    t0, pc - 4
core   0: 3 0x0000000080000010 (0xfe029ee3)
core   0: 0x0000000080000014 (0x00643023) sd      t1, 0(s0)
core   0: 3 0x0000000080000014 (0x00643023) mem 0x0000000080002000 0x000000000000000f
core   0: 0x0000000080000018 (0x02a00393) li      t2, 42
core   0: 3 0x0000000080000018 (0x02a00393) x7  0x000000000000002a
core   0: 0x000000008000001c (0x00028463) beqz    t0, pc + 8
core   0: 3 0x000000008000001c (0x00028463)
core   0: >>>>  taken
core   0: 0x0000000080000024 (0x00743423) sd      t2, 8(s0)
core   0: 3 0x0000000080000024 (0x00743423) mem 0x0000000080002008 0x000000000000002a
core   0: 0x0000000080000028 (0x000052fd) c.li    t0, -1
core   0: 3 0x0000000080000028 (0x52fd) x5  0xffffffffffffffff
core   0: 0x000000008000002a (0x00004305) c.li    t1, 1
core   0: 3 0x000000008000002a (0x4305) x6  0x0000000000000001
core   0: 0x000000008000002c (0x00004381) c.li    t2, 0
core   0: 3 0x000000008000002c (0x4381) x7  0x0000000000000000
core   0: 0x000000008000002e (0x0062c363) blt     t0, t1, pc + 6
core   0: 3 0x000000008000002e (0x0062c363)
core   0: >>>>  signed_less
core   0: 0x0000000080000034 (0x00004385) c.li    t2, 1
core   0: 3 0x0000000080000034 (0x4385) x7  0x0000000000000001
core   0: >>>>  signed_done
core   0: 0x0000000080000036 (0x00743823) sd      t2, 16(s0)
core   0: 3 0x0000000080000036 (0x00743823) mem 0x0000000080002010 0x0000000000000001
core   0: 0x000000008000003a (0x00004381) c.li    t2, 0
core   0: 3 0x000000008000003a (0x4381) x7  0x0000000000000000
core   0: 0x000000008000003c (0x0062e363) bltu    t0, t1, pc + 6
core   0: 3 0x000000008000003c (0x0062e363)
core   0: 0x0000000080000040 (0x00004385) c.li    t2, 1
core   0: 3 0x0000000080000040 (0x4385) x7  0x0000000000000001
core   0: >>>>  unsigned_done
core   0: 0x0000000080000042 (0x00743c23) sd      t2, 24(s0)
core   0: 3 0x0000000080000042 (0x00743c23) mem 0x0000000080002018 0x0000000000000001
core   0: 0x0000000080000046 (0x022000ef) jal     pc + 0x22
core   0: 3 0x0000000080000046 (0x022000ef) x1  0x000000008000004a
core   0: >>>>  subroutine
core   0: 0x0000000080000068 (0x04d00e13) li      t3, 77
core   0: 3 0x0000000080000068 (0x04d00e13) x28 0x000000000000004d
core   0: 0x000000008000006c (0x00008082) ret
core   0: 3 0x000000008000006c (0x8082)
core   0: 0x000000008000004a (0x03c43023) sd      t3, 32(s0)
core   0: 3 0x000000008000004a (0x03c43023) mem 0x0000000080002020 0x000000000000004d
core   0: 0x000000008000004e (0x00004ea5) c.li    t4, 9
core   0: 3 0x000000008000004e (0x4ea5) x29 0x0000000000000009
core   0: 0x0000000080000050 (0x001e8013) addi    zero, t4, 1
core   0: 3 0x0000000080000050 (0x001e8013)
core   0: 0x0000000080000054 (0x000083f6) c.mv    t2, t4
core   0: 3 0x0000000080000054 (0x83f6) x7  0x0000000000000009
core   0: 0x0000000080000056 (0x02743423) sd      t2, 40(s0)
core   0: 3 0x0000000080000056 (0x02743423) mem 0x0000000080002028 0x0000000000000009
core   0: 0x000000008000005a (0x02043823) sd      zero, 48(s0)
core   0: 3 0x000000008000005a (0x02043823) mem 0x0000000080002030 0x0000000000000000
core   0: 0x000000008000005e (0x07b00393) li      t2, 123
core   0: 3 0x000000008000005e (0x07b00393) x7  0x000000000000007b
core   0: 0x0000000080000062 (0x02743c23) sd      t2, 56(s0)
core   0: 3 0x0000000080000062 (0x02743c23) mem 0x0000000080002038 0x000000000000007b
core   0: 0x0000000080000066 (0x0000a021) c.j     pc + 8
core   0: 3 0x0000000080000066 (0xa021)
core   0: >>>>  finished
core   0: 0x000000008000006e (0x0ff0000f) fence   iorw,iorw
core   0: 3 0x000000008000006e (0x0ff0000f)
core   0: 0x0000000080000072 (0x00004505) c.li    a0, 1
core   0: 3 0x0000000080000072 (0x4505) x10 0x0000000000000001
core   0: 0x0000000080000074 (0x00001597) auipc   a1, 0x1
core   0: 3 0x0000000080000074 (0x00001597) x11 0x0000000080001074
core   0: 0x0000000080000078 (0xf8c58593) addi    a1, a1, -116
core   0: 3 0x0000000080000078 (0xf8c58593) x11 0x0000000080001000
core   0: 0x000000008000007c (0x0000c188) c.sw    a0, 0(a1)
core   0: 3 0x000000008000007c (0xc188) mem 0x0000000080001000 0x00000001
core   0: 0x000000008000007e (0x0000a001) c.j     pc + 0
core   0: 3 0x000000008000007e (0xa001)
core   0: 3 0x000000008000007e (0xa001)
core   0: 3 0x000000008000007e (0xa001)
core   0: 3 0x000000008000007e (0xa001)
core   0: 3 0x000000008000007e (0xa001)
core   0: 3 0x000000008000007e (0xa001)
core   0: 3 0x000000008000007e (0xa001)
core   0: 3 0x000000008000007e (0xa001)
core   0: 3 0x000000008000007e (0xa001)
core   0: 3 0x000000008000007e (0xa001)
core   0: 3 0x000000008000007e (0xa001)
core   0: 3 0x000000008000007e (0xa001)
core   0: 3 0x000000008000007e (0xa001)
core   0: 3 0x000000008000007e (0xa001)
core   0: 3 0x000000008000007e (0xa001)
core   0: 3 0x000000008000007e (0xa001)
core   0: 3 0x000000008000007e (0xa001)
core   0: 3 0x000000008000007e (0xa001)
core   0: 3 0x000000008000007e (0xa001)
core   0: 3 0x000000008000007e (0xa001)
core   0: 3 0x000000008000007e (0xa001)
core   0: 3 0x000000008000007e (0xa001)
core   0: 3 0x000000008000007e (0xa001)
core   0: 3 0x000000008000007e (0xa001)
core   0: 3 0x000000008000007e (0xa001)
core   0: 3 0x000000008000007e (0xa001)
core   0: 3 0x000000008000007e (0xa001)
core   0: 3 0x000000008000007e (0xa001)
core   0: 3 0x000000008000007e (0xa001)
core   0: 3 0x000000008000007e (0xa001)
core   0: 3 0x000000008000007e (0xa001)
core   0: 3 0x000000008000007e (0xa001)
core   0: 3 0x000000008000007e (0xa001)
core   0: 3 0x000000008000007e (0xa001)
core   0: 3 0x000000008000007e (0xa001)
core   0: 3 0x000000008000007e (0xa001)
core   0: 3 0x000000008000007e (0xa001)
core   0: 3 0x000000008000007e (0xa001)
core   0: 3 0x000000008000007e (0xa001)
core   0: 3 0x000000008000007e (0xa001)
core   0: 3 0x000000008000007e (0xa001)
core   0: 3 0x000000008000007e (0xa001)
core   0: 3 0x000000008000007e (0xa001)
core   0: 3 0x000000008000007e (0xa001)
core   0: 3 0x000000008000007e (0xa001)
core   0: 3 0x000000008000007e (0xa001)
core   0: 3 0x000000008000007e (0xa001)
core   0: 3 0x000000008000007e (0xa001)
core   0: 3 0x000000008000007e (0xa001)
core   0: 3 0x000000008000007e (0xa001)
core   0: 3 0x000000008000007e (0xa001)
core   0: 3 0x000000008000007e (0xa001)
core   0: 3 0x000000008000007e (0xa001)
core   0: 3 0x000000008000007e (0xa001)
core   0: 3 0x000000008000007e (0xa001)
core   0: 3 0x000000008000007e (0xa001)
core   0: 3 0x000000008000007e (0xa001)
core   0: 3 0x000000008000007e (0xa001)
core   0: 3 0x000000008000007e (0xa001)
core   0: 3 0x000000008000007e (0xa001)
core   0: 3 0x000000008000007e (0xa001)
core   0: 3 0x000000008000007e (0xa001)
core   0: 3 0x000000008000007e (0xa001)
core   0: 3 0x000000008000007e (0xa001)
core   0: 3 0x000000008000007e (0xa001)
core   0: 3 0x000000008000007e (0xa001)
core   0: 3 0x000000008000007e (0xa001)
core   0: 3 0x000000008000007e (0xa001)
core   0: 3 0x000000008000007e (0xa001)
core   0: 3 0x000000008000007e (0xa001)
core   0: 3 0x000000008000007e (0xa001)
core   0: 3 0x000000008000007e (0xa001)
core   0: 3 0x000000008000007e (0xa001)
core   0: 3 0x000000008000007e (0xa001)
core   0: 3 0x000000008000007e (0xa001)
core   0: 3 0x000000008000007e (0xa001)
core   0: 3 0x000000008000007e (0xa001)
core   0: 3 0x000000008000007e (0xa001)
core   0: 3 0x000000008000007e (0xa001)
core   0: 3 0x000000008000007e (0xa001)
core   0: 3 0x000000008000007e (0xa001)
core   0: 3 0x000000008000007e (0xa001)
core   0: 3 0x000000008000007e (0xa001)
core   0: 3 0x000000008000007e (0xa001)
core   0: 3 0x000000008000007e (0xa001)
core   0: 3 0x000000008000007e (0xa001)
core   0: 3 0x000000008000007e (0xa001)
core   0: 3 0x000000008000007e (0xa001)
core   0: 3 0x000000008000007e (0xa001)
core   0: 3 0x000000008000007e (0xa001)
core   0: 3 0x000000008000007e (0xa001)
core   0: 3 0x000000008000007e (0xa001)
core   0: 3 0x000000008000007e (0xa001)
core   0: 3 0x000000008000007e (0xa001)
core   0: 3 0x000000008000007e (0xa001)
core   0: 3 0x000000008000007e (0xa001)
core   0: 3 0x000000008000007e (0xa001)
core   0: 3 0x000000008000007e (0xa001)
core   0: 3 0x000000008000007e (0xa001)
core   0: 3 0x000000008000007e (0xa001)
core   0: 3 0x000000008000007e (0xa001)
core   0: 3 0x000000008000007e (0xa001)
core   0: 3 0x000000008000007e (0xa001)
core   0: 3 0x000000008000007e (0xa001)
core   0: 3 0x000000008000007e (0xa001)
core   0: 3 0x000000008000007e (0xa001)
core   0: 3 0x000000008000007e (0xa001)
core   0: 3 0x000000008000007e (0xa001)
core   0: 3 0x000000008000007e (0xa001)
core   0: 3 0x000000008000007e (0xa001)
core   0: 3 0x000000008000007e (0xa001)
core   0: 3 0x000000008000007e (0xa001)
core   0: 3 0x000000008000007e (0xa001)
core   0: 3 0x000000008000007e (0xa001)
core   0: 3 0x000000008000007e (0xa001)
core   0: 3 0x000000008000007e (0xa001)
core   0: 3 0x000000008000007e (0xa001)
core   0: 3 0x000000008000007e (0xa001)
core   0: 3 0x000000008000007e (0xa001)
core   0: 3 0x000000008000007e (0xa001)
core   0: 3 0x000000008000007e (0xa001)
core   0: 3 0x000000008000007e (0xa001)
core   0: 3 0x000000008000007e (0xa001)
core   0: 3 0x000000008000007e (0xa001)
core   0: 3 0x000000008000007e (0xa001)
core   0: 3 0x000000008000007e (0xa001)
core   0: 3 0x000000008000007e (0xa001)
core   0: 3 0x000000008000007e (0xa001)
core   0: 3 0x000000008000007e (0xa001)
core   0: 3 0x000000008000007e (0xa001)
core   0: 3 0x000000008000007e (0xa001)
core   0: 3 0x000000008000007e (0xa001)
core   0: 3 0x000000008000007e (0xa001)
core   0: 3 0x000000008000007e (0xa001)
core   0: 3 0x000000008000007e (0xa001)
core   0: 3 0x000000008000007e (0xa001)
core   0: 3 0x000000008000007e (0xa001)
core   0: 3 0x000000008000007e (0xa001)
core   0: 3 0x000000008000007e (0xa001)
core   0: 3 0x000000008000007e (0xa001)
core   0: 3 0x000000008000007e (0xa001)
core   0: 3 0x000000008000007e (0xa001)
core   0: 3 0x000000008000007e (0xa001)
core   0: 3 0x000000008000007e (0xa001)
core   0: 3 0x000000008000007e (0xa001)
core   0: 3 0x000000008000007e (0xa001)
core   0: 3 0x000000008000007e (0xa001)
core   0: 3 0x000000008000007e (0xa001)
core   0: 3 0x000000008000007e (0xa001)
core   0: 3 0x000000008000007e (0xa001)
core   0: 3 0x000000008000007e (0xa001)
core   0: 3 0x000000008000007e (0xa001)
core   0: 3 0x000000008000007e (0xa001)
core   0: 3 0x000000008000007e (0xa001)
core   0: 3 0x000000008000007e (0xa001)
core   0: 3 0x000000008000007e (0xa001)
core   0: 3 0x000000008000007e (0xa001)
core   0: 3 0x000000008000007e (0xa001)
core   0: 3 0x000000008000007e (0xa001)
core   0: 3 0x000000008000007e (0xa001)
core   0: 3 0x000000008000007e (0xa001)
core   0: 3 0x000000008000007e (0xa001)
core   0: 3 0x000000008000007e (0xa001)
core   0: 3 0x000000008000007e (0xa001)
core   0: 3 0x000000008000007e (0xa001)
core   0: 3 0x000000008000007e (0xa001)
core   0: 3 0x000000008000007e (0xa001)
core   0: 3 0x000000008000007e (0xa001)
core   0: 3 0x000000008000007e (0xa001)
core   0: 3 0x000000008000007e (0xa001)
core   0: 3 0x000000008000007e (0xa001)
core   0: 3 0x000000008000007e (0xa001)
core   0: 3 0x000000008000007e (0xa001)
core   0: 3 0x000000008000007e (0xa001)
core   0: 3 0x000000008000007e (0xa001)
core   0: 3 0x000000008000007e (0xa001)
core   0: 3 0x000000008000007e (0xa001)
core   0: 3 0x000000008000007e (0xa001)
core   0: 3 0x000000008000007e (0xa001)
core   0: 3 0x000000008000007e (0xa001)
core   0: 3 0x000000008000007e (0xa001)
core   0: 3 0x000000008000007e (0xa001)
core   0: 3 0x000000008000007e (0xa001)
core   0: 3 0x000000008000007e (0xa001)
core   0: 3 0x000000008000007e (0xa001)
core   0: 3 0x000000008000007e (0xa001)
core   0: 3 0x000000008000007e (0xa001)
core   0: 3 0x000000008000007e (0xa001)
core   0: 3 0x000000008000007e (0xa001)
core   0: 3 0x000000008000007e (0xa001)
core   0: 3 0x000000008000007e (0xa001)
core   0: 3 0x000000008000007e (0xa001)
core   0: 3 0x000000008000007e (0xa001)
core   0: 3 0x000000008000007e (0xa001)
core   0: 3 0x000000008000007e (0xa001)
core   0: 3 0x000000008000007e (0xa001)
core   0: 3 0x000000008000007e (0xa001)
core   0: 3 0x000000008000007e (0xa001)
core   0: 3 0x000000008000007e (0xa001)
core   0: 3 0x000000008000007e (0xa001)
core   0: 3 0x000000008000007e (0xa001)
core   0: 3 0x000000008000007e (0xa001)
core   0: 3 0x000000008000007e (0xa001)
core   0: 3 0x000000008000007e (0xa001)
core   0: 3 0x000000008000007e (0xa001)
core   0: 3 0x000000008000007e (0xa001)
core   0: 3 0x000000008000007e (0xa001)
core   0: 3 0x000000008000007e (0xa001)
core   0: 3 0x000000008000007e (0xa001)
core   0: 3 0x000000008000007e (0xa001)
core   0: 3 0x000000008000007e (0xa001)
core   0: 3 0x000000008000007e (0xa001)
core   0: 3 0x000000008000007e (0xa001)
core   0: 3 0x000000008000007e (0xa001)
core   0: 3 0x000000008000007e (0xa001)
core   0: 3 0x000000008000007e (0xa001)
core   0: 3 0x000000008000007e (0xa001)
core   0: 3 0x000000008000007e (0xa001)
core   0: 3 0x000000008000007e (0xa001)
core   0: 3 0x000000008000007e (0xa001)
core   0: 3 0x000000008000007e (0xa001)
core   0: 3 0x000000008000007e (0xa001)
core   0: 3 0x000000008000007e (0xa001)
core   0: 3 0x000000008000007e (0xa001)
core   0: 3 0x000000008000007e (0xa001)
core   0: 3 0x000000008000007e (0xa001)
core   0: 3 0x000000008000007e (0xa001)
core   0: 3 0x000000008000007e (0xa001)
core   0: 3 0x000000008000007e (0xa001)
core   0: 3 0x000000008000007e (0xa001)
core   0: 3 0x000000008000007e (0xa001)
core   0: 3 0x000000008000007e (0xa001)
core   0: 3 0x000000008000007e (0xa001)
core   0: 3 0x000000008000007e (0xa001)
core   0: 3 0x000000008000007e (0xa001)
core   0: 3 0x000000008000007e (0xa001)
core   0: 3 0x000000008000007e (0xa001)
core   0: 3 0x000000008000007e (0xa001)
core   0: 3 0x000000008000007e (0xa001)
core   0: 3 0x000000008000007e (0xa001)
core   0: 3 0x000000008000007e (0xa001)
core   0: 3 0x000000008000007e (0xa001)
core   0: 3 0x000000008000007e (0xa001)
core   0: 3 0x000000008000007e (0xa001)
core   0: 3 0x000000008000007e (0xa001)
core   0: 3 0x000000008000007e (0xa001)
core   0: 3 0x000000008000007e (0xa001)
core   0: 3 0x000000008000007e (0xa001)
core   0: 3 0x000000008000007e (0xa001)
core   0: 3 0x000000008000007e (0xa001)
core   0: 3 0x000000008000007e (0xa001)
core   0: 3 0x000000008000007e (0xa001)
core   0: 3 0x000000008000007e (0xa001)
core   0: 3 0x000000008000007e (0xa001)
core   0: 3 0x000000008000007e (0xa001)
core   0: 3 0x000000008000007e (0xa001)
core   0: 3 0x000000008000007e (0xa001)
core   0: 3 0x000000008000007e (0xa001)
core   0: 3 0x000000008000007e (0xa001)
core   0: 3 0x000000008000007e (0xa001)
core   0: 3 0x000000008000007e (0xa001)
core   0: 3 0x000000008000007e (0xa001)
core   0: 3 0x000000008000007e (0xa001)
core   0: 3 0x000000008000007e (0xa001)
core   0: 3 0x000000008000007e (0xa001)
core   0: 3 0x000000008000007e (0xa001)
core   0: 3 0x000000008000007e (0xa001)
core   0: 3 0x000000008000007e (0xa001)
core   0: 3 0x000000008000007e (0xa001)
core   0: 3 0x000000008000007e (0xa001)
core   0: 3 0x000000008000007e (0xa001)
core   0: 3 0x000000008000007e (0xa001)
core   0: 3 0x000000008000007e (0xa001)
core   0: 3 0x000000008000007e (0xa001)
core   0: 3 0x000000008000007e (0xa001)
core   0: 3 0x000000008000007e (0xa001)
core   0: 3 0x000000008000007e (0xa001)
core   0: 3 0x000000008000007e (0xa001)
core   0: 3 0x000000008000007e (0xa001)
core   0: 3 0x000000008000007e (0xa001)
core   0: 3 0x000000008000007e (0xa001)
core   0: 3 0x000000008000007e (0xa001)
core   0: 3 0x000000008000007e (0xa001)
core   0: 3 0x000000008000007e (0xa001)
core   0: 3 0x000000008000007e (0xa001)
core   0: 3 0x000000008000007e (0xa001)
core   0: 3 0x000000008000007e (0xa001)
core   0: 3 0x000000008000007e (0xa001)
core   0: 3 0x000000008000007e (0xa001)
core   0: 3 0x000000008000007e (0xa001)
core   0: 3 0x000000008000007e (0xa001)
core   0: 3 0x000000008000007e (0xa001)
core   0: 3 0x000000008000007e (0xa001)
core   0: 3 0x000000008000007e (0xa001)
core   0: 3 0x000000008000007e (0xa001)
core   0: 3 0x000000008000007e (0xa001)
core   0: 3 0x000000008000007e (0xa001)
core   0: 3 0x000000008000007e (0xa001)
core   0: 3 0x000000008000007e (0xa001)
core   0: 3 0x000000008000007e (0xa001)
core   0: 3 0x000000008000007e (0xa001)
core   0: 3 0x000000008000007e (0xa001)
core   0: 3 0x000000008000007e (0xa001)
core   0: 3 0x000000008000007e (0xa001)
core   0: 3 0x000000008000007e (0xa001)
core   0: 3 0x000000008000007e (0xa001)
core   0: 3 0x000000008000007e (0xa001)
core   0: 3 0x000000008000007e (0xa001)
core   0: 3 0x000000008000007e (0xa001)
core   0: 3 0x000000008000007e (0xa001)
core   0: 3 0x000000008000007e (0xa001)
core   0: 3 0x000000008000007e (0xa001)
core   0: 3 0x000000008000007e (0xa001)
core   0: 3 0x000000008000007e (0xa001)
core   0: 3 0x000000008000007e (0xa001)
core   0: 3 0x000000008000007e (0xa001)
core   0: 3 0x000000008000007e (0xa001)
core   0: 3 0x000000008000007e (0xa001)
core   0: 3 0x000000008000007e (0xa001)
core   0: 3 0x000000008000007e (0xa001)
core   0: 3 0x000000008000007e (0xa001)
core   0: 3 0x000000008000007e (0xa001)
core   0: 3 0x000000008000007e (0xa001)
core   0: 3 0x000000008000007e (0xa001)
core   0: 3 0x000000008000007e (0xa001)
core   0: 3 0x000000008000007e (0xa001)
core   0: 3 0x000000008000007e (0xa001)
core   0: 3 0x000000008000007e (0xa001)
core   0: 3 0x000000008000007e (0xa001)
core   0: 3 0x000000008000007e (0xa001)
core   0: 3 0x000000008000007e (0xa001)
core   0: 3 0x000000008000007e (0xa001)
core   0: 3 0x000000008000007e (0xa001)
core   0: 3 0x000000008000007e (0xa001)
core   0: 3 0x000000008000007e (0xa001)
core   0: 3 0x000000008000007e (0xa001)
core   0: 3 0x000000008000007e (0xa001)
core   0: 3 0x000000008000007e (0xa001)
core   0: 3 0x000000008000007e (0xa001)
core   0: 3 0x000000008000007e (0xa001)
core   0: 3 0x000000008000007e (0xa001)
core   0: 3 0x000000008000007e (0xa001)
core   0: 3 0x000000008000007e (0xa001)
core   0: 3 0x000000008000007e (0xa001)
core   0: 3 0x000000008000007e (0xa001)
core   0: 3 0x000000008000007e (0xa001)
core   0: 3 0x000000008000007e (0xa001)
core   0: 3 0x000000008000007e (0xa001)
core   0: 3 0x000000008000007e (0xa001)
core   0: 3 0x000000008000007e (0xa001)
core   0: 3 0x000000008000007e (0xa001)
core   0: 3 0x000000008000007e (0xa001)
core   0: 3 0x000000008000007e (0xa001)
core   0: 3 0x000000008000007e (0xa001)
core   0: 3 0x000000008000007e (0xa001)
core   0: 3 0x000000008000007e (0xa001)
core   0: 3 0x000000008000007e (0xa001)
core   0: 3 0x000000008000007e (0xa001)
core   0: 3 0x000000008000007e (0xa001)
core   0: 3 0x000000008000007e (0xa001)
core   0: 3 0x000000008000007e (0xa001)
core   0: 3 0x000000008000007e (0xa001)
core   0: 3 0x000000008000007e (0xa001)
core   0: 3 0x000000008000007e (0xa001)
core   0: 3 0x000000008000007e (0xa001)
core   0: 3 0x000000008000007e (0xa001)
core   0: 3 0x000000008000007e (0xa001)
core   0: 3 0x000000008000007e (0xa001)
core   0: 3 0x000000008000007e (0xa001)
core   0: 3 0x000000008000007e (0xa001)
core   0: 3 0x000000008000007e (0xa001)
core   0: 3 0x000000008000007e (0xa001)
core   0: 3 0x000000008000007e (0xa001)
core   0: 3 0x000000008000007e (0xa001)
core   0: 3 0x000000008000007e (0xa001)
core   0: 3 0x000000008000007e (0xa001)
core   0: 3 0x000000008000007e (0xa001)
core   0: 3 0x000000008000007e (0xa001)
core   0: 3 0x000000008000007e (0xa001)
core   0: 3 0x000000008000007e (0xa001)
core   0: 3 0x000000008000007e (0xa001)
core   0: 3 0x000000008000007e (0xa001)
core   0: 3 0x000000008000007e (0xa001)
core   0: 3 0x000000008000007e (0xa001)
core   0: 3 0x000000008000007e (0xa001)
core   0: 3 0x000000008000007e (0xa001)
core   0: 3 0x000000008000007e (0xa001)
core   0: 3 0x000000008000007e (0xa001)
core   0: 3 0x000000008000007e (0xa001)
core   0: 3 0x000000008000007e (0xa001)
core   0: 3 0x000000008000007e (0xa001)
core   0: 3 0x000000008000007e (0xa001)
core   0: 3 0x000000008000007e (0xa001)
core   0: 3 0x000000008000007e (0xa001)
core   0: 3 0x000000008000007e (0xa001)
core   0: 3 0x000000008000007e (0xa001)
core   0: 3 0x000000008000007e (0xa001)
core   0: 3 0x000000008000007e (0xa001)
core   0: 3 0x000000008000007e (0xa001)
core   0: 3 0x000000008000007e (0xa001)
core   0: 3 0x000000008000007e (0xa001)
core   0: 3 0x000000008000007e (0xa001)
core   0: 3 0x000000008000007e (0xa001)
core   0: 3 0x000000008000007e (0xa001)
core   0: 3 0x000000008000007e (0xa001)
core   0: 3 0x000000008000007e (0xa001)
core   0: 3 0x000000008000007e (0xa001)
core   0: 3 0x000000008000007e (0xa001)
core   0: 3 0x000000008000007e (0xa001)
core   0: 3 0x000000008000007e (0xa001)
core   0: 3 0x000000008000007e (0xa001)
core   0: 3 0x000000008000007e (0xa001)
core   0: 3 0x000000008000007e (0xa001)
core   0: 3 0x000000008000007e (0xa001)
core   0: 3 0x000000008000007e (0xa001)
core   0: 3 0x000000008000007e (0xa001)
core   0: 3 0x000000008000007e (0xa001)
core   0: 3 0x000000008000007e (0xa001)
core   0: 3 0x000000008000007e (0xa001)
core   0: 3 0x000000008000007e (0xa001)
core   0: 3 0x000000008000007e (0xa001)
core   0: 3 0x000000008000007e (0xa001)
core   0: 3 0x000000008000007e (0xa001)
core   0: 3 0x000000008000007e (0xa001)
core   0: 3 0x000000008000007e (0xa001)
core   0: 3 0x000000008000007e (0xa001)
core   0: 3 0x000000008000007e (0xa001)
core   0: 3 0x000000008000007e (0xa001)
core   0: 3 0x000000008000007e (0xa001)
core   0: 3 0x000000008000007e (0xa001)
core   0: 3 0x000000008000007e (0xa001)
core   0: 3 0x000000008000007e (0xa001)
core   0: 3 0x000000008000007e (0xa001)
core   0: 3 0x000000008000007e (0xa001)
core   0: 3 0x000000008000007e (0xa001)
core   0: 3 0x000000008000007e (0xa001)
core   0: 3 0x000000008000007e (0xa001)
core   0: 3 0x000000008000007e (0xa001)
core   0: 3 0x000000008000007e (0xa001)
core   0: 3 0x000000008000007e (0xa001)
core   0: 3 0x000000008000007e (0xa001)
core   0: 3 0x000000008000007e (0xa001)
core   0: 3 0x000000008000007e (0xa001)
core   0: 3 0x000000008000007e (0xa001)
core   0: 3 0x000000008000007e (0xa001)
core   0: 3 0x000000008000007e (0xa001)
core   0: 3 0x000000008000007e (0xa001)
core   0: 3 0x000000008000007e (0xa001)
core   0: 3 0x000000008000007e (0xa001)
core   0: 3 0x000000008000007e (0xa001)
core   0: 3 0x000000008000007e (0xa001)
core   0: 3 0x000000008000007e (0xa001)
core   0: 3 0x000000008000007e (0xa001)
core   0: 3 0x000000008000007e (0xa001)
core   0: 3 0x000000008000007e (0xa001)
core   0: 3 0x000000008000007e (0xa001)
core   0: 3 0x000000008000007e (0xa001)
core   0: 3 0x000000008000007e (0xa001)
core   0: 3 0x000000008000007e (0xa001)
core   0: 3 0x000000008000007e (0xa001)
core   0: 3 0x000000008000007e (0xa001)
core   0: 3 0x000000008000007e (0xa001)
core   0: 3 0x000000008000007e (0xa001)
core   0: 3 0x000000008000007e (0xa001)
core   0: 3 0x000000008000007e (0xa001)
core   0: 3 0x000000008000007e (0xa001)
core   0: 3 0x000000008000007e (0xa001)
core   0: 3 0x000000008000007e (0xa001)
core   0: 3 0x000000008000007e (0xa001)
core   0: 3 0x000000008000007e (0xa001)
core   0: 3 0x000000008000007e (0xa001)
core   0: 3 0x000000008000007e (0xa001)
core   0: 3 0x000000008000007e (0xa001)
core   0: 3 0x000000008000007e (0xa001)
core   0: 3 0x000000008000007e (0xa001)
core   0: 3 0x000000008000007e (0xa001)
core   0: 3 0x000000008000007e (0xa001)
core   0: 3 0x000000008000007e (0xa001)
core   0: 3 0x000000008000007e (0xa001)
core   0: 3 0x000000008000007e (0xa001)
core   0: 3 0x000000008000007e (0xa001)
core   0: 3 0x000000008000007e (0xa001)
core   0: 3 0x000000008000007e (0xa001)
core   0: 3 0x000000008000007e (0xa001)
core   0: 3 0x000000008000007e (0xa001)
core   0: 3 0x000000008000007e (0xa001)
core   0: 3 0x000000008000007e (0xa001)
core   0: 3 0x000000008000007e (0xa001)
core   0: 3 0x000000008000007e (0xa001)
core   0: 3 0x000000008000007e (0xa001)
core   0: 3 0x000000008000007e (0xa001)
core   0: 3 0x000000008000007e (0xa001)
core   0: 3 0x000000008000007e (0xa001)
core   0: 3 0x000000008000007e (0xa001)
core   0: 3 0x000000008000007e (0xa001)
core   0: 3 0x000000008000007e (0xa001)
core   0: 3 0x000000008000007e (0xa001)
core   0: 3 0x000000008000007e (0xa001)
core   0: 3 0x000000008000007e (0xa001)
core   0: 3 0x000000008000007e (0xa001)
core   0: 3 0x000000008000007e (0xa001)
core   0: 3 0x000000008000007e (0xa001)
core   0: 3 0x000000008000007e (0xa001)
core   0: 3 0x000000008000007e (0xa001)
core   0: 3 0x000000008000007e (0xa001)
core   0: 3 0x000000008000007e (0xa001)
core   0: 3 0x000000008000007e (0xa001)
core   0: 3 0x000000008000007e (0xa001)
core   0: 3 0x000000008000007e (0xa001)
core   0: 3 0x000000008000007e (0xa001)
core   0: 3 0x000000008000007e (0xa001)
core   0: 3 0x000000008000007e (0xa001)
core   0: 3 0x000000008000007e (0xa001)
core   0: 3 0x000000008000007e (0xa001)
core   0: 3 0x000000008000007e (0xa001)
core   0: 3 0x000000008000007e (0xa001)
core   0: 3 0x000000008000007e (0xa001)
core   0: 3 0x000000008000007e (0xa001)
core   0: 3 0x000000008000007e (0xa001)
core   0: 3 0x000000008000007e (0xa001)
core   0: 3 0x000000008000007e (0xa001)
core   0: 3 0x000000008000007e (0xa001)
core   0: 3 0x000000008000007e (0xa001)
core   0: 3 0x000000008000007e (0xa001)
core   0: 3 0x000000008000007e (0xa001)
core   0: 3 0x000000008000007e (0xa001)
core   0: 3 0x000000008000007e (0xa001)
core   0: 3 0x000000008000007e (0xa001)
core   0: 3 0x000000008000007e (0xa001)
core   0: 3 0x000000008000007e (0xa001)
core   0: 3 0x000000008000007e (0xa001)
core   0: 3 0x000000008000007e (0xa001)
core   0: 3 0x000000008000007e (0xa001)
core   0: 3 0x000000008000007e (0xa001)
core   0: 3 0x000000008000007e (0xa001)
core   0: 3 0x000000008000007e (0xa001)
core   0: 3 0x000000008000007e (0xa001)
core   0: 3 0x000000008000007e (0xa001)
core   0: 3 0x000000008000007e (0xa001)
core   0: 3 0x000000008000007e (0xa001)
core   0: 3 0x000000008000007e (0xa001)
core   0: 3 0x000000008000007e (0xa001)
core   0: 3 0x000000008000007e (0xa001)
core   0: 3 0x000000008000007e (0xa001)
core   0: 3 0x000000008000007e (0xa001)
core   0: 3 0x000000008000007e (0xa001)
core   0: 3 0x000000008000007e (0xa001)
core   0: 3 0x000000008000007e (0xa001)
core   0: 3 0x000000008000007e (0xa001)
core   0: 3 0x000000008000007e (0xa001)
core   0: 3 0x000000008000007e (0xa001)
core   0: 3 0x000000008000007e (0xa001)
core   0: 3 0x000000008000007e (0xa001)
core   0: 3 0x000000008000007e (0xa001)
core   0: 3 0x000000008000007e (0xa001)
core   0: 3 0x000000008000007e (0xa001)
core   0: 3 0x000000008000007e (0xa001)
core   0: 3 0x000000008000007e (0xa001)
core   0: 3 0x000000008000007e (0xa001)
core   0: 3 0x000000008000007e (0xa001)
core   0: 3 0x000000008000007e (0xa001)
core   0: 3 0x000000008000007e (0xa001)
core   0: 3 0x000000008000007e (0xa001)
core   0: 3 0x000000008000007e (0xa001)
core   0: 3 0x000000008000007e (0xa001)
core   0: 3 0x000000008000007e (0xa001)
core   0: 3 0x000000008000007e (0xa001)
core   0: 3 0x000000008000007e (0xa001)
core   0: 3 0x000000008000007e (0xa001)
core   0: 3 0x000000008000007e (0xa001)
core   0: 3 0x000000008000007e (0xa001)
core   0: 3 0x000000008000007e (0xa001)
core   0: 3 0x000000008000007e (0xa001)
core   0: 3 0x000000008000007e (0xa001)
core   0: 3 0x000000008000007e (0xa001)
core   0: 3 0x000000008000007e (0xa001)
core   0: 3 0x000000008000007e (0xa001)
core   0: 3 0x000000008000007e (0xa001)
core   0: 3 0x000000008000007e (0xa001)
core   0: 3 0x000000008000007e (0xa001)
core   0: 3 0x000000008000007e (0xa001)
core   0: 3 0x000000008000007e (0xa001)
core   0: 3 0x000000008000007e (0xa001)
core   0: 3 0x000000008000007e (0xa001)
core   0: 3 0x000000008000007e (0xa001)
core   0: 3 0x000000008000007e (0xa001)
core   0: 3 0x000000008000007e (0xa001)
core   0: 3 0x000000008000007e (0xa001)
core   0: 3 0x000000008000007e (0xa001)
core   0: 3 0x000000008000007e (0xa001)
core   0: 3 0x000000008000007e (0xa001)
core   0: 3 0x000000008000007e (0xa001)
core   0: 3 0x000000008000007e (0xa001)
core   0: 3 0x000000008000007e (0xa001)
core   0: 3 0x000000008000007e (0xa001)
core   0: 3 0x000000008000007e (0xa001)
core   0: 3 0x000000008000007e (0xa001)
core   0: 3 0x000000008000007e (0xa001)
core   0: 3 0x000000008000007e (0xa001)
core   0: 3 0x000000008000007e (0xa001)
core   0: 3 0x000000008000007e (0xa001)
core   0: 3 0x000000008000007e (0xa001)
core   0: 3 0x000000008000007e (0xa001)
core   0: 3 0x000000008000007e (0xa001)
core   0: 3 0x000000008000007e (0xa001)
core   0: 3 0x000000008000007e (0xa001)
core   0: 3 0x000000008000007e (0xa001)
core   0: 3 0x000000008000007e (0xa001)
core   0: 3 0x000000008000007e (0xa001)
core   0: 3 0x000000008000007e (0xa001)
core   0: 3 0x000000008000007e (0xa001)
core   0: 3 0x000000008000007e (0xa001)
core   0: 3 0x000000008000007e (0xa001)
core   0: 3 0x000000008000007e (0xa001)
core   0: 3 0x000000008000007e (0xa001)
core   0: 3 0x000000008000007e (0xa001)
core   0: 3 0x000000008000007e (0xa001)
core   0: 3 0x000000008000007e (0xa001)
core   0: 3 0x000000008000007e (0xa001)
core   0: 3 0x000000008000007e (0xa001)
core   0: 3 0x000000008000007e (0xa001)
core   0: 3 0x000000008000007e (0xa001)
core   0: 3 0x000000008000007e (0xa001)
core   0: 3 0x000000008000007e (0xa001)
core   0: 3 0x000000008000007e (0xa001)
core   0: 3 0x000000008000007e (0xa001)
core   0: 3 0x000000008000007e (0xa001)
core   0: 3 0x000000008000007e (0xa001)
core   0: 3 0x000000008000007e (0xa001)
core   0: 3 0x000000008000007e (0xa001)
core   0: 3 0x000000008000007e (0xa001)
core   0: 3 0x000000008000007e (0xa001)
core   0: 3 0x000000008000007e (0xa001)
core   0: 3 0x000000008000007e (0xa001)
core   0: 3 0x000000008000007e (0xa001)
core   0: 3 0x000000008000007e (0xa001)
core   0: 3 0x000000008000007e (0xa001)
core   0: 3 0x000000008000007e (0xa001)
core   0: 3 0x000000008000007e (0xa001)
core   0: 3 0x000000008000007e (0xa001)
core   0: 3 0x000000008000007e (0xa001)
core   0: 3 0x000000008000007e (0xa001)
core   0: 3 0x000000008000007e (0xa001)
core   0: 3 0x000000008000007e (0xa001)
core   0: 3 0x000000008000007e (0xa001)
core   0: 3 0x000000008000007e (0xa001)
core   0: 3 0x000000008000007e (0xa001)
core   0: 3 0x000000008000007e (0xa001)
core   0: 3 0x000000008000007e (0xa001)
core   0: 3 0x000000008000007e (0xa001)
core   0: 3 0x000000008000007e (0xa001)
core   0: 3 0x000000008000007e (0xa001)
core   0: 3 0x000000008000007e (0xa001)
core   0: 3 0x000000008000007e (0xa001)
core   0: 3 0x000000008000007e (0xa001)
core   0: 3 0x000000008000007e (0xa001)
core   0: 3 0x000000008000007e (0xa001)
core   0: 3 0x000000008000007e (0xa001)
core   0: 3 0x000000008000007e (0xa001)
core   0: 3 0x000000008000007e (0xa001)
core   0: 3 0x000000008000007e (0xa001)
core   0: 3 0x000000008000007e (0xa001)
core   0: 3 0x000000008000007e (0xa001)
core   0: 3 0x000000008000007e (0xa001)
core   0: 3 0x000000008000007e (0xa001)
core   0: 3 0x000000008000007e (0xa001)
core   0: 3 0x000000008000007e (0xa001)
core   0: 3 0x000000008000007e (0xa001)
core   0: 3 0x000000008000007e (0xa001)
core   0: 3 0x000000008000007e (0xa001)
core   0: 3 0x000000008000007e (0xa001)
core   0: 3 0x000000008000007e (0xa001)
core   0: 3 0x000000008000007e (0xa001)
core   0: 3 0x000000008000007e (0xa001)
core   0: 3 0x000000008000007e (0xa001)
core   0: 3 0x000000008000007e (0xa001)
core   0: 3 0x000000008000007e (0xa001)
core   0: 3 0x000000008000007e (0xa001)
core   0: 3 0x000000008000007e (0xa001)
core   0: 3 0x000000008000007e (0xa001)
core   0: 3 0x000000008000007e (0xa001)
core   0: 3 0x000000008000007e (0xa001)
core   0: 3 0x000000008000007e (0xa001)
core   0: 3 0x000000008000007e (0xa001)
core   0: 3 0x000000008000007e (0xa001)
core   0: 3 0x000000008000007e (0xa001)
core   0: 3 0x000000008000007e (0xa001)
core   0: 3 0x000000008000007e (0xa001)
core   0: 3 0x000000008000007e (0xa001)
core   0: 3 0x000000008000007e (0xa001)
core   0: 3 0x000000008000007e (0xa001)
core   0: 3 0x000000008000007e (0xa001)
core   0: 3 0x000000008000007e (0xa001)
core   0: 3 0x000000008000007e (0xa001)
core   0: 3 0x000000008000007e (0xa001)
core   0: 3 0x000000008000007e (0xa001)
core   0: 3 0x000000008000007e (0xa001)
core   0: 3 0x000000008000007e (0xa001)
core   0: 3 0x000000008000007e (0xa001)
core   0: 3 0x000000008000007e (0xa001)
core   0: 3 0x000000008000007e (0xa001)
core   0: 3 0x000000008000007e (0xa001)
core   0: 3 0x000000008000007e (0xa001)
core   0: 3 0x000000008000007e (0xa001)
core   0: 3 0x000000008000007e (0xa001)
core   0: 3 0x000000008000007e (0xa001)
core   0: 3 0x000000008000007e (0xa001)
core   0: 3 0x000000008000007e (0xa001)
core   0: 3 0x000000008000007e (0xa001)
core   0: 3 0x000000008000007e (0xa001)
core   0: 3 0x000000008000007e (0xa001)
core   0: 3 0x000000008000007e (0xa001)
core   0: 3 0x000000008000007e (0xa001)
core   0: 3 0x000000008000007e (0xa001)
core   0: 3 0x000000008000007e (0xa001)
core   0: 3 0x000000008000007e (0xa001)
core   0: 3 0x000000008000007e (0xa001)
core   0: 3 0x000000008000007e (0xa001)
core   0: 3 0x000000008000007e (0xa001)
core   0: 3 0x000000008000007e (0xa001)
core   0: 3 0x000000008000007e (0xa001)
core   0: 3 0x000000008000007e (0xa001)
core   0: 3 0x000000008000007e (0xa001)
core   0: 3 0x000000008000007e (0xa001)
core   0: 3 0x000000008000007e (0xa001)
core   0: 3 0x000000008000007e (0xa001)
core   0: 3 0x000000008000007e (0xa001)
core   0: 3 0x000000008000007e (0xa001)
core   0: 3 0x000000008000007e (0xa001)
core   0: 3 0x000000008000007e (0xa001)
core   0: 3 0x000000008000007e (0xa001)
core   0: 3 0x000000008000007e (0xa001)
core   0: 3 0x000000008000007e (0xa001)
core   0: 3 0x000000008000007e (0xa001)
core   0: 3 0x000000008000007e (0xa001)
core   0: 3 0x000000008000007e (0xa001)
core   0: 3 0x000000008000007e (0xa001)
core   0: 3 0x000000008000007e (0xa001)
core   0: 3 0x000000008000007e (0xa001)
core   0: 3 0x000000008000007e (0xa001)
core   0: 3 0x000000008000007e (0xa001)
core   0: 3 0x000000008000007e (0xa001)
core   0: 3 0x000000008000007e (0xa001)
core   0: 3 0x000000008000007e (0xa001)
core   0: 3 0x000000008000007e (0xa001)
core   0: 3 0x000000008000007e (0xa001)
core   0: 3 0x000000008000007e (0xa001)
core   0: 3 0x000000008000007e (0xa001)
core   0: 3 0x000000008000007e (0xa001)
core   0: 3 0x000000008000007e (0xa001)
core   0: 3 0x000000008000007e (0xa001)
core   0: 3 0x000000008000007e (0xa001)
core   0: 3 0x000000008000007e (0xa001)
core   0: 3 0x000000008000007e (0xa001)
core   0: 3 0x000000008000007e (0xa001)
core   0: 3 0x000000008000007e (0xa001)
core   0: 3 0x000000008000007e (0xa001)
core   0: 3 0x000000008000007e (0xa001)
core   0: 3 0x000000008000007e (0xa001)
core   0: 3 0x000000008000007e (0xa001)
core   0: 3 0x000000008000007e (0xa001)
core   0: 3 0x000000008000007e (0xa001)
core   0: 3 0x000000008000007e (0xa001)
core   0: 3 0x000000008000007e (0xa001)
core   0: 3 0x000000008000007e (0xa001)
core   0: 3 0x000000008000007e (0xa001)
core   0: 3 0x000000008000007e (0xa001)
core   0: 3 0x000000008000007e (0xa001)
core   0: 3 0x000000008000007e (0xa001)
core   0: 3 0x000000008000007e (0xa001)
core   0: 3 0x000000008000007e (0xa001)
core   0: 3 0x000000008000007e (0xa001)
core   0: 3 0x000000008000007e (0xa001)
core   0: 3 0x000000008000007e (0xa001)
core   0: 3 0x000000008000007e (0xa001)
core   0: 3 0x000000008000007e (0xa001)
core   0: 3 0x000000008000007e (0xa001)
core   0: 3 0x000000008000007e (0xa001)
core   0: 3 0x000000008000007e (0xa001)
core   0: 3 0x000000008000007e (0xa001)
core   0: 3 0x000000008000007e (0xa001)
core   0: 3 0x000000008000007e (0xa001)
core   0: 3 0x000000008000007e (0xa001)
core   0: 3 0x000000008000007e (0xa001)
core   0: 3 0x000000008000007e (0xa001)
core   0: 3 0x000000008000007e (0xa001)
core   0: 3 0x000000008000007e (0xa001)
core   0: 3 0x000000008000007e (0xa001)
core   0: 3 0x000000008000007e (0xa001)
core   0: 3 0x000000008000007e (0xa001)
core   0: 3 0x000000008000007e (0xa001)
core   0: 3 0x000000008000007e (0xa001)
core   0: 3 0x000000008000007e (0xa001)
core   0: 3 0x000000008000007e (0xa001)
core   0: 3 0x000000008000007e (0xa001)
core   0: 3 0x000000008000007e (0xa001)
core   0: 3 0x000000008000007e (0xa001)
core   0: 3 0x000000008000007e (0xa001)
core   0: 3 0x000000008000007e (0xa001)
core   0: 3 0x000000008000007e (0xa001)
core   0: 3 0x000000008000007e (0xa001)
core   0: 3 0x000000008000007e (0xa001)
core   0: 3 0x000000008000007e (0xa001)
core   0: 3 0x000000008000007e (0xa001)
core   0: 3 0x000000008000007e (0xa001)
core   0: 3 0x000000008000007e (0xa001)
core   0: 3 0x000000008000007e (0xa001)
core   0: 3 0x000000008000007e (0xa001)
core   0: 3 0x000000008000007e (0xa001)
core   0: 3 0x000000008000007e (0xa001)
core   0: 3 0x000000008000007e (0xa001)
core   0: 3 0x000000008000007e (0xa001)
core   0: 3 0x000000008000007e (0xa001)
core   0: 3 0x000000008000007e (0xa001)
core   0: 3 0x000000008000007e (0xa001)
core   0: 3 0x000000008000007e (0xa001)
core   0: 3 0x000000008000007e (0xa001)
core   0: 3 0x000000008000007e (0xa001)
core   0: 3 0x000000008000007e (0xa001)
core   0: 3 0x000000008000007e (0xa001)
core   0: 3 0x000000008000007e (0xa001)
core   0: 3 0x000000008000007e (0xa001)
core   0: 3 0x000000008000007e (0xa001)
core   0: 3 0x000000008000007e (0xa001)
core   0: 3 0x000000008000007e (0xa001)
core   0: 3 0x000000008000007e (0xa001)
core   0: 3 0x000000008000007e (0xa001)
core   0: 3 0x000000008000007e (0xa001)
core   0: 3 0x000000008000007e (0xa001)
core   0: 3 0x000000008000007e (0xa001)
core   0: 3 0x000000008000007e (0xa001)
core   0: 3 0x000000008000007e (0xa001)
core   0: 3 0x000000008000007e (0xa001)
core   0: 3 0x000000008000007e (0xa001)
core   0: 3 0x000000008000007e (0xa001)
core   0: 3 0x000000008000007e (0xa001)
core   0: 3 0x000000008000007e (0xa001)
core   0: 3 0x000000008000007e (0xa001)
core   0: 3 0x000000008000007e (0xa001)
core   0: 3 0x000000008000007e (0xa001)
core   0: 3 0x000000008000007e (0xa001)
core   0: 3 0x000000008000007e (0xa001)
core   0: 3 0x000000008000007e (0xa001)
core   0: 3 0x000000008000007e (0xa001)
core   0: 3 0x000000008000007e (0xa001)
core   0: 3 0x000000008000007e (0xa001)
core   0: 3 0x000000008000007e (0xa001)
core   0: 3 0x000000008000007e (0xa001)
core   0: 3 0x000000008000007e (0xa001)
core   0: 3 0x000000008000007e (0xa001)
core   0: 3 0x000000008000007e (0xa001)
core   0: 3 0x000000008000007e (0xa001)
core   0: 3 0x000000008000007e (0xa001)
core   0: 3 0x000000008000007e (0xa001)
core   0: 3 0x000000008000007e (0xa001)
core   0: 3 0x000000008000007e (0xa001)
core   0: 3 0x000000008000007e (0xa001)
core   0: 3 0x000000008000007e (0xa001)
core   0: 3 0x000000008000007e (0xa001)
core   0: 3 0x000000008000007e (0xa001)
core   0: 3 0x000000008000007e (0xa001)
core   0: 3 0x000000008000007e (0xa001)
core   0: 3 0x000000008000007e (0xa001)
core   0: 3 0x000000008000007e (0xa001)
core   0: 3 0x000000008000007e (0xa001)
core   0: 3 0x000000008000007e (0xa001)
core   0: 3 0x000000008000007e (0xa001)
core   0: 3 0x000000008000007e (0xa001)
core   0: 3 0x000000008000007e (0xa001)
core   0: 3 0x000000008000007e (0xa001)
core   0: 3 0x000000008000007e (0xa001)
core   0: 3 0x000000008000007e (0xa001)
core   0: 3 0x000000008000007e (0xa001)
core   0: 3 0x000000008000007e (0xa001)
core   0: 3 0x000000008000007e (0xa001)
core   0: 3 0x000000008000007e (0xa001)
core   0: 3 0x000000008000007e (0xa001)
core   0: 3 0x000000008000007e (0xa001)
core   0: 3 0x000000008000007e (0xa001)
core   0: 3 0x000000008000007e (0xa001)
core   0: 3 0x000000008000007e (0xa001)
core   0: 3 0x000000008000007e (0xa001)
core   0: 3 0x000000008000007e (0xa001)
core   0: 3 0x000000008000007e (0xa001)
core   0: 3 0x000000008000007e (0xa001)
core   0: 3 0x000000008000007e (0xa001)
core   0: 3 0x000000008000007e (0xa001)
core   0: 3 0x000000008000007e (0xa001)
core   0: 3 0x000000008000007e (0xa001)
core   0: 3 0x000000008000007e (0xa001)
core   0: 3 0x000000008000007e (0xa001)
core   0: 3 0x000000008000007e (0xa001)
core   0: 3 0x000000008000007e (0xa001)
core   0: 3 0x000000008000007e (0xa001)
core   0: 3 0x000000008000007e (0xa001)
core   0: 3 0x000000008000007e (0xa001)
core   0: 3 0x000000008000007e (0xa001)
core   0: 3 0x000000008000007e (0xa001)
core   0: 3 0x000000008000007e (0xa001)
core   0: 3 0x000000008000007e (0xa001)
core   0: 3 0x000000008000007e (0xa001)
core   0: 3 0x000000008000007e (0xa001)
core   0: 3 0x000000008000007e (0xa001)
core   0: 3 0x000000008000007e (0xa001)
core   0: 3 0x000000008000007e (0xa001)
core   0: 3 0x000000008000007e (0xa001)
core   0: 3 0x000000008000007e (0xa001)
core   0: 3 0x000000008000007e (0xa001)
core   0: 3 0x000000008000007e (0xa001)
core   0: 3 0x000000008000007e (0xa001)
core   0: 3 0x000000008000007e (0xa001)
core   0: 3 0x000000008000007e (0xa001)
core   0: 3 0x000000008000007e (0xa001)
core   0: 3 0x000000008000007e (0xa001)
core   0: 3 0x000000008000007e (0xa001)
core   0: 3 0x000000008000007e (0xa001)
core   0: 3 0x000000008000007e (0xa001)
core   0: 3 0x000000008000007e (0xa001)
core   0: 3 0x000000008000007e (0xa001)
core   0: 3 0x000000008000007e (0xa001)
core   0: 3 0x000000008000007e (0xa001)
core   0: 3 0x000000008000007e (0xa001)
core   0: 3 0x000000008000007e (0xa001)
core   0: 3 0x000000008000007e (0xa001)
core   0: 3 0x000000008000007e (0xa001)
core   0: 3 0x000000008000007e (0xa001)
core   0: 3 0x000000008000007e (0xa001)
core   0: 3 0x000000008000007e (0xa001)
core   0: 3 0x000000008000007e (0xa001)
core   0: 3 0x000000008000007e (0xa001)
core   0: 3 0x000000008000007e (0xa001)
core   0: 3 0x000000008000007e (0xa001)
core   0: 3 0x000000008000007e (0xa001)
core   0: 3 0x000000008000007e (0xa001)
core   0: 3 0x000000008000007e (0xa001)
core   0: 3 0x000000008000007e (0xa001)
core   0: 3 0x000000008000007e (0xa001)
core   0: 3 0x000000008000007e (0xa001)
core   0: 3 0x000000008000007e (0xa001)
core   0: 3 0x000000008000007e (0xa001)
core   0: 3 0x000000008000007e (0xa001)
core   0: 3 0x000000008000007e (0xa001)
core   0: 3 0x000000008000007e (0xa001)
core   0: 3 0x000000008000007e (0xa001)
core   0: 3 0x000000008000007e (0xa001)
core   0: 3 0x000000008000007e (0xa001)
core   0: 3 0x000000008000007e (0xa001)
core   0: 3 0x000000008000007e (0xa001)
core   0: 3 0x000000008000007e (0xa001)
core   0: 3 0x000000008000007e (0xa001)
core   0: 3 0x000000008000007e (0xa001)
core   0: 3 0x000000008000007e (0xa001)
core   0: 3 0x000000008000007e (0xa001)
core   0: 3 0x000000008000007e (0xa001)
core   0: 3 0x000000008000007e (0xa001)
core   0: 3 0x000000008000007e (0xa001)
core   0: 3 0x000000008000007e (0xa001)
core   0: 3 0x000000008000007e (0xa001)
core   0: 3 0x000000008000007e (0xa001)
core   0: 3 0x000000008000007e (0xa001)
core   0: 3 0x000000008000007e (0xa001)
core   0: 3 0x000000008000007e (0xa001)
core   0: 3 0x000000008000007e (0xa001)
core   0: 3 0x000000008000007e (0xa001)
core   0: 3 0x000000008000007e (0xa001)
core   0: 3 0x000000008000007e (0xa001)
core   0: 3 0x000000008000007e (0xa001)
core   0: 3 0x000000008000007e (0xa001)
core   0: 3 0x000000008000007e (0xa001)
core   0: 3 0x000000008000007e (0xa001)
core   0: 3 0x000000008000007e (0xa001)
core   0: 3 0x000000008000007e (0xa001)
core   0: 3 0x000000008000007e (0xa001)
core   0: 3 0x000000008000007e (0xa001)
core   0: 3 0x000000008000007e (0xa001)
core   0: 3 0x000000008000007e (0xa001)
core   0: 3 0x000000008000007e (0xa001)
core   0: 3 0x000000008000007e (0xa001)
core   0: 3 0x000000008000007e (0xa001)
core   0: 3 0x000000008000007e (0xa001)
core   0: 3 0x000000008000007e (0xa001)
core   0: 3 0x000000008000007e (0xa001)
core   0: 3 0x000000008000007e (0xa001)
core   0: 3 0x000000008000007e (0xa001)
core   0: 3 0x000000008000007e (0xa001)
core   0: 3 0x000000008000007e (0xa001)
core   0: 3 0x000000008000007e (0xa001)
core   0: 3 0x000000008000007e (0xa001)
core   0: 3 0x000000008000007e (0xa001)
core   0: 3 0x000000008000007e (0xa001)
core   0: 3 0x000000008000007e (0xa001)
core   0: 3 0x000000008000007e (0xa001)
core   0: 3 0x000000008000007e (0xa001)
core   0: 3 0x000000008000007e (0xa001)
core   0: 3 0x000000008000007e (0xa001)
core   0: 3 0x000000008000007e (0xa001)
core   0: 3 0x000000008000007e (0xa001)
core   0: 3 0x000000008000007e (0xa001)
core   0: 3 0x000000008000007e (0xa001)
core   0: 3 0x000000008000007e (0xa001)
core   0: 3 0x000000008000007e (0xa001)
core   0: 3 0x000000008000007e (0xa001)
core   0: 3 0x000000008000007e (0xa001)
core   0: 3 0x000000008000007e (0xa001)
core   0: 3 0x000000008000007e (0xa001)
core   0: 3 0x000000008000007e (0xa001)
core   0: 3 0x000000008000007e (0xa001)
core   0: 3 0x000000008000007e (0xa001)
core   0: 3 0x000000008000007e (0xa001)
core   0: 3 0x000000008000007e (0xa001)
core   0: 3 0x000000008000007e (0xa001)
core   0: 3 0x000000008000007e (0xa001)
core   0: 3 0x000000008000007e (0xa001)
core   0: 3 0x000000008000007e (0xa001)
core   0: 3 0x000000008000007e (0xa001)
core   0: 3 0x000000008000007e (0xa001)
core   0: 3 0x000000008000007e (0xa001)
core   0: 3 0x000000008000007e (0xa001)
core   0: 3 0x000000008000007e (0xa001)
core   0: 3 0x000000008000007e (0xa001)
core   0: 3 0x000000008000007e (0xa001)
core   0: 3 0x000000008000007e (0xa001)
core   0: 3 0x000000008000007e (0xa001)
core   0: 3 0x000000008000007e (0xa001)
core   0: 3 0x000000008000007e (0xa001)
core   0: 3 0x000000008000007e (0xa001)
core   0: 3 0x000000008000007e (0xa001)
core   0: 3 0x000000008000007e (0xa001)
core   0: 3 0x000000008000007e (0xa001)
core   0: 3 0x000000008000007e (0xa001)
core   0: 3 0x000000008000007e (0xa001)
core   0: 3 0x000000008000007e (0xa001)
core   0: 3 0x000000008000007e (0xa001)
core   0: 3 0x000000008000007e (0xa001)
core   0: 3 0x000000008000007e (0xa001)
core   0: 3 0x000000008000007e (0xa001)
core   0: 3 0x000000008000007e (0xa001)
core   0: 3 0x000000008000007e (0xa001)
core   0: 3 0x000000008000007e (0xa001)
core   0: 3 0x000000008000007e (0xa001)
core   0: 3 0x000000008000007e (0xa001)
core   0: 3 0x000000008000007e (0xa001)
core   0: 3 0x000000008000007e (0xa001)
core   0: 3 0x000000008000007e (0xa001)
core   0: 3 0x000000008000007e (0xa001)
core   0: 3 0x000000008000007e (0xa001)
core   0: 3 0x000000008000007e (0xa001)
core   0: 3 0x000000008000007e (0xa001)
core   0: 3 0x000000008000007e (0xa001)
core   0: 3 0x000000008000007e (0xa001)
core   0: 3 0x000000008000007e (0xa001)
core   0: 3 0x000000008000007e (0xa001)
core   0: 3 0x000000008000007e (0xa001)
core   0: 3 0x000000008000007e (0xa001)
core   0: 3 0x000000008000007e (0xa001)
core   0: 3 0x000000008000007e (0xa001)
core   0: 3 0x000000008000007e (0xa001)
core   0: 3 0x000000008000007e (0xa001)
core   0: 3 0x000000008000007e (0xa001)
core   0: 3 0x000000008000007e (0xa001)
core   0: 3 0x000000008000007e (0xa001)
core   0: 3 0x000000008000007e (0xa001)
core   0: 3 0x000000008000007e (0xa001)
core   0: 3 0x000000008000007e (0xa001)
core   0: 3 0x000000008000007e (0xa001)
core   0: 3 0x000000008000007e (0xa001)
core   0: 3 0x000000008000007e (0xa001)
core   0: 3 0x000000008000007e (0xa001)
core   0: 3 0x000000008000007e (0xa001)
core   0: 3 0x000000008000007e (0xa001)
core   0: 3 0x000000008000007e (0xa001)
core   0: 3 0x000000008000007e (0xa001)
core   0: 3 0x000000008000007e (0xa001)
core   0: 3 0x000000008000007e (0xa001)
core   0: 3 0x000000008000007e (0xa001)
core   0: 3 0x000000008000007e (0xa001)
core   0: 3 0x000000008000007e (0xa001)
core   0: 3 0x000000008000007e (0xa001)
core   0: 3 0x000000008000007e (0xa001)
core   0: 3 0x000000008000007e (0xa001)
core   0: 3 0x000000008000007e (0xa001)
core   0: 3 0x000000008000007e (0xa001)
core   0: 3 0x000000008000007e (0xa001)
core   0: 3 0x000000008000007e (0xa001)
core   0: 3 0x000000008000007e (0xa001)
core   0: 3 0x000000008000007e (0xa001)
core   0: 3 0x000000008000007e (0xa001)
core   0: 3 0x000000008000007e (0xa001)
core   0: 3 0x000000008000007e (0xa001)
core   0: 3 0x000000008000007e (0xa001)
core   0: 3 0x000000008000007e (0xa001)
core   0: 3 0x000000008000007e (0xa001)
core   0: 3 0x000000008000007e (0xa001)
core   0: 3 0x000000008000007e (0xa001)
core   0: 3 0x000000008000007e (0xa001)
core   0: 3 0x000000008000007e (0xa001)
core   0: 3 0x000000008000007e (0xa001)
core   0: 3 0x000000008000007e (0xa001)
core   0: 3 0x000000008000007e (0xa001)
core   0: 3 0x000000008000007e (0xa001)
core   0: 3 0x000000008000007e (0xa001)
core   0: 3 0x000000008000007e (0xa001)
core   0: 3 0x000000008000007e (0xa001)
core   0: 3 0x000000008000007e (0xa001)
core   0: 3 0x000000008000007e (0xa001)
core   0: 3 0x000000008000007e (0xa001)
core   0: 3 0x000000008000007e (0xa001)
core   0: 3 0x000000008000007e (0xa001)
core   0: 3 0x000000008000007e (0xa001)
core   0: 3 0x000000008000007e (0xa001)
core   0: 3 0x000000008000007e (0xa001)
core   0: 3 0x000000008000007e (0xa001)
core   0: 3 0x000000008000007e (0xa001)
core   0: 3 0x000000008000007e (0xa001)
core   0: 3 0x000000008000007e (0xa001)
core   0: 3 0x000000008000007e (0xa001)
core   0: 3 0x000000008000007e (0xa001)
core   0: 3 0x000000008000007e (0xa001)
core   0: 3 0x000000008000007e (0xa001)
core   0: 3 0x000000008000007e (0xa001)
core   0: 3 0x000000008000007e (0xa001)
core   0: 3 0x000000008000007e (0xa001)
core   0: 3 0x000000008000007e (0xa001)
core   0: 3 0x000000008000007e (0xa001)
core   0: 3 0x000000008000007e (0xa001)
core   0: 3 0x000000008000007e (0xa001)
core   0: 3 0x000000008000007e (0xa001)
core   0: 3 0x000000008000007e (0xa001)
core   0: 3 0x000000008000007e (0xa001)
core   0: 3 0x000000008000007e (0xa001)
core   0: 3 0x000000008000007e (0xa001)
core   0: 3 0x000000008000007e (0xa001)
core   0: 3 0x000000008000007e (0xa001)
core   0: 3 0x000000008000007e (0xa001)
core   0: 3 0x000000008000007e (0xa001)
core   0: 3 0x000000008000007e (0xa001)
core   0: 3 0x000000008000007e (0xa001)
core   0: 3 0x000000008000007e (0xa001)
core   0: 3 0x000000008000007e (0xa001)
core   0: 3 0x000000008000007e (0xa001)
core   0: 3 0x000000008000007e (0xa001)
core   0: 3 0x000000008000007e (0xa001)
core   0: 3 0x000000008000007e (0xa001)
core   0: 3 0x000000008000007e (0xa001)
core   0: 3 0x000000008000007e (0xa001)
core   0: 3 0x000000008000007e (0xa001)
core   0: 3 0x000000008000007e (0xa001)
core   0: 3 0x000000008000007e (0xa001)
core   0: 3 0x000000008000007e (0xa001)
core   0: 3 0x000000008000007e (0xa001)
core   0: 3 0x000000008000007e (0xa001)
core   0: 3 0x000000008000007e (0xa001)
core   0: 3 0x000000008000007e (0xa001)
core   0: 3 0x000000008000007e (0xa001)
core   0: 3 0x000000008000007e (0xa001)
core   0: 3 0x000000008000007e (0xa001)
core   0: 3 0x000000008000007e (0xa001)
core   0: 3 0x000000008000007e (0xa001)
core   0: 3 0x000000008000007e (0xa001)
core   0: 3 0x000000008000007e (0xa001)
core   0: 3 0x000000008000007e (0xa001)
core   0: 3 0x000000008000007e (0xa001)
core   0: 3 0x000000008000007e (0xa001)
core   0: 3 0x000000008000007e (0xa001)
core   0: 3 0x000000008000007e (0xa001)
core   0: 3 0x000000008000007e (0xa001)
core   0: 3 0x000000008000007e (0xa001)
core   0: 3 0x000000008000007e (0xa001)
core   0: 3 0x000000008000007e (0xa001)
core   0: 3 0x000000008000007e (0xa001)
core   0: 3 0x000000008000007e (0xa001)
core   0: 3 0x000000008000007e (0xa001)
core   0: 3 0x000000008000007e (0xa001)
core   0: 3 0x000000008000007e (0xa001)
core   0: 3 0x000000008000007e (0xa001)
core   0: 3 0x000000008000007e (0xa001)
core   0: 3 0x000000008000007e (0xa001)
core   0: 3 0x000000008000007e (0xa001)
core   0: 3 0x000000008000007e (0xa001)
core   0: 3 0x000000008000007e (0xa001)
core   0: 3 0x000000008000007e (0xa001)
core   0: 3 0x000000008000007e (0xa001)
core   0: 3 0x000000008000007e (0xa001)
core   0: 3 0x000000008000007e (0xa001)
core   0: 3 0x000000008000007e (0xa001)
core   0: 3 0x000000008000007e (0xa001)
core   0: 3 0x000000008000007e (0xa001)
core   0: 3 0x000000008000007e (0xa001)
core   0: 3 0x000000008000007e (0xa001)
core   0: 3 0x000000008000007e (0xa001)
core   0: 3 0x000000008000007e (0xa001)
core   0: 3 0x000000008000007e (0xa001)
core   0: 3 0x000000008000007e (0xa001)
core   0: 3 0x000000008000007e (0xa001)
core   0: 3 0x000000008000007e (0xa001)
core   0: 3 0x000000008000007e (0xa001)
core   0: 3 0x000000008000007e (0xa001)
core   0: 3 0x000000008000007e (0xa001)
core   0: 3 0x000000008000007e (0xa001)
core   0: 3 0x000000008000007e (0xa001)
core   0: 3 0x000000008000007e (0xa001)
core   0: 3 0x000000008000007e (0xa001)
core   0: 3 0x000000008000007e (0xa001)
core   0: 3 0x000000008000007e (0xa001)
core   0: 3 0x000000008000007e (0xa001)
core   0: 3 0x000000008000007e (0xa001)
core   0: 3 0x000000008000007e (0xa001)
core   0: 3 0x000000008000007e (0xa001)
core   0: 3 0x000000008000007e (0xa001)
core   0: 3 0x000000008000007e (0xa001)
core   0: 3 0x000000008000007e (0xa001)
core   0: 3 0x000000008000007e (0xa001)
core   0: 3 0x000000008000007e (0xa001)
core   0: 3 0x000000008000007e (0xa001)
core   0: 3 0x000000008000007e (0xa001)
core   0: 3 0x000000008000007e (0xa001)
core   0: 3 0x000000008000007e (0xa001)
core   0: 3 0x000000008000007e (0xa001)
core   0: 3 0x000000008000007e (0xa001)
core   0: 3 0x000000008000007e (0xa001)
core   0: 3 0x000000008000007e (0xa001)
core   0: 3 0x000000008000007e (0xa001)
core   0: 3 0x000000008000007e (0xa001)
core   0: 3 0x000000008000007e (0xa001)
core   0: 3 0x000000008000007e (0xa001)
core   0: 3 0x000000008000007e (0xa001)
core   0: 3 0x000000008000007e (0xa001)
core   0: 3 0x000000008000007e (0xa001)
core   0: 3 0x000000008000007e (0xa001)
core   0: 3 0x000000008000007e (0xa001)
core   0: 3 0x000000008000007e (0xa001)
core   0: 3 0x000000008000007e (0xa001)
core   0: 3 0x000000008000007e (0xa001)
core   0: 3 0x000000008000007e (0xa001)
core   0: 3 0x000000008000007e (0xa001)
core   0: 3 0x000000008000007e (0xa001)
core   0: 3 0x000000008000007e (0xa001)
core   0: 3 0x000000008000007e (0xa001)
core   0: 3 0x000000008000007e (0xa001)
core   0: 3 0x000000008000007e (0xa001)
core   0: 3 0x000000008000007e (0xa001)
core   0: 3 0x000000008000007e (0xa001)
core   0: 3 0x000000008000007e (0xa001)
core   0: 3 0x000000008000007e (0xa001)
core   0: 3 0x000000008000007e (0xa001)
core   0: 3 0x000000008000007e (0xa001)
core   0: 3 0x000000008000007e (0xa001)
core   0: 3 0x000000008000007e (0xa001)
core   0: 3 0x000000008000007e (0xa001)
core   0: 3 0x000000008000007e (0xa001)
core   0: 3 0x000000008000007e (0xa001)
core   0: 3 0x000000008000007e (0xa001)
core   0: 3 0x000000008000007e (0xa001)
core   0: 3 0x000000008000007e (0xa001)
core   0: 3 0x000000008000007e (0xa001)
core   0: 3 0x000000008000007e (0xa001)
core   0: 3 0x000000008000007e (0xa001)
core   0: 3 0x000000008000007e (0xa001)
core   0: 3 0x000000008000007e (0xa001)
core   0: 3 0x000000008000007e (0xa001)
core   0: 3 0x000000008000007e (0xa001)
core   0: 3 0x000000008000007e (0xa001)
core   0: 3 0x000000008000007e (0xa001)
core   0: 3 0x000000008000007e (0xa001)
core   0: 3 0x000000008000007e (0xa001)
core   0: 3 0x000000008000007e (0xa001)
core   0: 3 0x000000008000007e (0xa001)
core   0: 3 0x000000008000007e (0xa001)
core   0: 3 0x000000008000007e (0xa001)
core   0: 3 0x000000008000007e (0xa001)
core   0: 3 0x000000008000007e (0xa001)
core   0: 3 0x000000008000007e (0xa001)
core   0: 3 0x000000008000007e (0xa001)
core   0: 3 0x000000008000007e (0xa001)
core   0: 3 0x000000008000007e (0xa001)
core   0: 3 0x000000008000007e (0xa001)
core   0: 3 0x000000008000007e (0xa001)
core   0: 3 0x000000008000007e (0xa001)
core   0: 3 0x000000008000007e (0xa001)
core   0: 3 0x000000008000007e (0xa001)
core   0: 3 0x000000008000007e (0xa001)
core   0: 3 0x000000008000007e (0xa001)
core   0: 3 0x000000008000007e (0xa001)
core   0: 3 0x000000008000007e (0xa001)
core   0: 3 0x000000008000007e (0xa001)
core   0: 3 0x000000008000007e (0xa001)
core   0: 3 0x000000008000007e (0xa001)
core   0: 3 0x000000008000007e (0xa001)
core   0: 3 0x000000008000007e (0xa001)
core   0: 3 0x000000008000007e (0xa001)
core   0: 3 0x000000008000007e (0xa001)
core   0: 3 0x000000008000007e (0xa001)
core   0: 3 0x000000008000007e (0xa001)
core   0: 3 0x000000008000007e (0xa001)
core   0: 3 0x000000008000007e (0xa001)
core   0: 3 0x000000008000007e (0xa001)
core   0: 3 0x000000008000007e (0xa001)
core   0: 3 0x000000008000007e (0xa001)
core   0: 3 0x000000008000007e (0xa001)
core   0: 3 0x000000008000007e (0xa001)
core   0: 3 0x000000008000007e (0xa001)
core   0: 3 0x000000008000007e (0xa001)
core   0: 3 0x000000008000007e (0xa001)
core   0: 3 0x000000008000007e (0xa001)
core   0: 3 0x000000008000007e (0xa001)
core   0: 3 0x000000008000007e (0xa001)
core   0: 3 0x000000008000007e (0xa001)
core   0: 3 0x000000008000007e (0xa001)
core   0: 3 0x000000008000007e (0xa001)
core   0: 3 0x000000008000007e (0xa001)
core   0: 3 0x000000008000007e (0xa001)
core   0: 3 0x000000008000007e (0xa001)
core   0: 3 0x000000008000007e (0xa001)
core   0: 3 0x000000008000007e (0xa001)
core   0: 3 0x000000008000007e (0xa001)
core   0: 3 0x000000008000007e (0xa001)
core   0: 3 0x000000008000007e (0xa001)
core   0: 3 0x000000008000007e (0xa001)
core   0: 3 0x000000008000007e (0xa001)
core   0: 3 0x000000008000007e (0xa001)
core   0: 3 0x000000008000007e (0xa001)
core   0: 3 0x000000008000007e (0xa001)
core   0: 3 0x000000008000007e (0xa001)
core   0: 3 0x000000008000007e (0xa001)
core   0: 3 0x000000008000007e (0xa001)
core   0: 3 0x000000008000007e (0xa001)
core   0: 3 0x000000008000007e (0xa001)
core   0: 3 0x000000008000007e (0xa001)
core   0: 3 0x000000008000007e (0xa001)
core   0: 3 0x000000008000007e (0xa001)
core   0: 3 0x000000008000007e (0xa001)
core   0: 3 0x000000008000007e (0xa001)
core   0: 3 0x000000008000007e (0xa001)
core   0: 3 0x000000008000007e (0xa001)
core   0: 3 0x000000008000007e (0xa001)
core   0: 3 0x000000008000007e (0xa001)
core   0: 3 0x000000008000007e (0xa001)
core   0: 3 0x000000008000007e (0xa001)
core   0: 3 0x000000008000007e (0xa001)
core   0: 3 0x000000008000007e (0xa001)
core   0: 3 0x000000008000007e (0xa001)
core   0: 3 0x000000008000007e (0xa001)
core   0: 3 0x000000008000007e (0xa001)
core   0: 3 0x000000008000007e (0xa001)
core   0: 3 0x000000008000007e (0xa001)
core   0: 3 0x000000008000007e (0xa001)
core   0: 3 0x000000008000007e (0xa001)
core   0: 3 0x000000008000007e (0xa001)
core   0: 3 0x000000008000007e (0xa001)
core   0: 3 0x000000008000007e (0xa001)
core   0: 3 0x000000008000007e (0xa001)
core   0: 3 0x000000008000007e (0xa001)
core   0: 3 0x000000008000007e (0xa001)
core   0: 3 0x000000008000007e (0xa001)
core   0: 3 0x000000008000007e (0xa001)
core   0: 3 0x000000008000007e (0xa001)
core   0: 3 0x000000008000007e (0xa001)
core   0: 3 0x000000008000007e (0xa001)
core   0: 3 0x000000008000007e (0xa001)
core   0: 3 0x000000008000007e (0xa001)
core   0: 3 0x000000008000007e (0xa001)
core   0: 3 0x000000008000007e (0xa001)
core   0: 3 0x000000008000007e (0xa001)
core   0: 3 0x000000008000007e (0xa001)
core   0: 3 0x000000008000007e (0xa001)
core   0: 3 0x000000008000007e (0xa001)
core   0: 3 0x000000008000007e (0xa001)
core   0: 3 0x000000008000007e (0xa001)
core   0: 3 0x000000008000007e (0xa001)
core   0: 3 0x000000008000007e (0xa001)
core   0: 3 0x000000008000007e (0xa001)
core   0: 3 0x000000008000007e (0xa001)
core   0: 3 0x000000008000007e (0xa001)
core   0: 3 0x000000008000007e (0xa001)
core   0: 3 0x000000008000007e (0xa001)
core   0: 3 0x000000008000007e (0xa001)
core   0: 3 0x000000008000007e (0xa001)
core   0: 3 0x000000008000007e (0xa001)
core   0: 3 0x000000008000007e (0xa001)
core   0: 3 0x000000008000007e (0xa001)
core   0: 3 0x000000008000007e (0xa001)
core   0: 3 0x000000008000007e (0xa001)
core   0: 3 0x000000008000007e (0xa001)
core   0: 3 0x000000008000007e (0xa001)
core   0: 3 0x000000008000007e (0xa001)
core   0: 3 0x000000008000007e (0xa001)
core   0: 3 0x000000008000007e (0xa001)
core   0: 3 0x000000008000007e (0xa001)
core   0: 3 0x000000008000007e (0xa001)
core   0: 3 0x000000008000007e (0xa001)
core   0: 3 0x000000008000007e (0xa001)
core   0: 3 0x000000008000007e (0xa001)
core   0: 3 0x000000008000007e (0xa001)
core   0: 3 0x000000008000007e (0xa001)
core   0: 3 0x000000008000007e (0xa001)
core   0: 3 0x000000008000007e (0xa001)
core   0: 3 0x000000008000007e (0xa001)
core   0: 3 0x000000008000007e (0xa001)
core   0: 3 0x000000008000007e (0xa001)
core   0: 3 0x000000008000007e (0xa001)
core   0: 3 0x000000008000007e (0xa001)
core   0: 3 0x000000008000007e (0xa001)
core   0: 3 0x000000008000007e (0xa001)
core   0: 3 0x000000008000007e (0xa001)
core   0: 3 0x000000008000007e (0xa001)
core   0: 3 0x000000008000007e (0xa001)
core   0: 3 0x000000008000007e (0xa001)
core   0: 3 0x000000008000007e (0xa001)
core   0: 3 0x000000008000007e (0xa001)
core   0: 3 0x000000008000007e (0xa001)
core   0: 3 0x000000008000007e (0xa001)
core   0: 3 0x000000008000007e (0xa001)
core   0: 3 0x000000008000007e (0xa001)
core   0: 3 0x000000008000007e (0xa001)
core   0: 3 0x000000008000007e (0xa001)
core   0: 3 0x000000008000007e (0xa001)
core   0: 3 0x000000008000007e (0xa001)
core   0: 3 0x000000008000007e (0xa001)
core   0: 3 0x000000008000007e (0xa001)
core   0: 3 0x000000008000007e (0xa001)
core   0: 3 0x000000008000007e (0xa001)
core   0: 3 0x000000008000007e (0xa001)
core   0: 3 0x000000008000007e (0xa001)
core   0: 3 0x000000008000007e (0xa001)
core   0: 3 0x000000008000007e (0xa001)
core   0: 3 0x000000008000007e (0xa001)
core   0: 3 0x000000008000007e (0xa001)
core   0: 3 0x000000008000007e (0xa001)
core   0: 3 0x000000008000007e (0xa001)
core   0: 3 0x000000008000007e (0xa001)
core   0: 3 0x000000008000007e (0xa001)
core   0: 3 0x000000008000007e (0xa001)
core   0: 3 0x000000008000007e (0xa001)
core   0: 3 0x000000008000007e (0xa001)
core   0: 3 0x000000008000007e (0xa001)
core   0: 3 0x000000008000007e (0xa001)
core   0: 3 0x000000008000007e (0xa001)
core   0: 3 0x000000008000007e (0xa001)
core   0: 3 0x000000008000007e (0xa001)
core   0: 3 0x000000008000007e (0xa001)
core   0: 3 0x000000008000007e (0xa001)
core   0: 3 0x000000008000007e (0xa001)
core   0: 3 0x000000008000007e (0xa001)
core   0: 3 0x000000008000007e (0xa001)
core   0: 3 0x000000008000007e (0xa001)
core   0: 3 0x000000008000007e (0xa001)
core   0: 3 0x000000008000007e (0xa001)
core   0: 3 0x000000008000007e (0xa001)
core   0: 3 0x000000008000007e (0xa001)
core   0: 3 0x000000008000007e (0xa001)
core   0: 3 0x000000008000007e (0xa001)
core   0: 3 0x000000008000007e (0xa001)
core   0: 3 0x000000008000007e (0xa001)
core   0: 3 0x000000008000007e (0xa001)
core   0: 3 0x000000008000007e (0xa001)
core   0: 3 0x000000008000007e (0xa001)
core   0: 3 0x000000008000007e (0xa001)
core   0: 3 0x000000008000007e (0xa001)
core   0: 3 0x000000008000007e (0xa001)
core   0: 3 0x000000008000007e (0xa001)
core   0: 3 0x000000008000007e (0xa001)
core   0: 3 0x000000008000007e (0xa001)
core   0: 3 0x000000008000007e (0xa001)
core   0: 3 0x000000008000007e (0xa001)
core   0: 3 0x000000008000007e (0xa001)
core   0: 3 0x000000008000007e (0xa001)
core   0: 3 0x000000008000007e (0xa001)
core   0: 3 0x000000008000007e (0xa001)
core   0: 3 0x000000008000007e (0xa001)
core   0: 3 0x000000008000007e (0xa001)
core   0: 3 0x000000008000007e (0xa001)
core   0: 3 0x000000008000007e (0xa001)
core   0: 3 0x000000008000007e (0xa001)
core   0: 3 0x000000008000007e (0xa001)
core   0: 3 0x000000008000007e (0xa001)
core   0: 3 0x000000008000007e (0xa001)
core   0: 3 0x000000008000007e (0xa001)
core   0: 3 0x000000008000007e (0xa001)
core   0: 3 0x000000008000007e (0xa001)
core   0: 3 0x000000008000007e (0xa001)
core   0: 3 0x000000008000007e (0xa001)
core   0: 3 0x000000008000007e (0xa001)
core   0: 3 0x000000008000007e (0xa001)
core   0: 3 0x000000008000007e (0xa001)
core   0: 3 0x000000008000007e (0xa001)
core   0: 3 0x000000008000007e (0xa001)
core   0: 3 0x000000008000007e (0xa001)
core   0: 3 0x000000008000007e (0xa001)
core   0: 3 0x000000008000007e (0xa001)
core   0: 3 0x000000008000007e (0xa001)
core   0: 3 0x000000008000007e (0xa001)
core   0: 3 0x000000008000007e (0xa001)
core   0: 3 0x000000008000007e (0xa001)
core   0: 3 0x000000008000007e (0xa001)
core   0: 3 0x000000008000007e (0xa001)
core   0: 3 0x000000008000007e (0xa001)
core   0: 3 0x000000008000007e (0xa001)
core   0: 3 0x000000008000007e (0xa001)
core   0: 3 0x000000008000007e (0xa001)
core   0: 3 0x000000008000007e (0xa001)
core   0: 3 0x000000008000007e (0xa001)
core   0: 3 0x000000008000007e (0xa001)
core   0: 3 0x000000008000007e (0xa001)
core   0: 3 0x000000008000007e (0xa001)
core   0: 3 0x000000008000007e (0xa001)
core   0: 3 0x000000008000007e (0xa001)
core   0: 3 0x000000008000007e (0xa001)
core   0: 3 0x000000008000007e (0xa001)
core   0: 3 0x000000008000007e (0xa001)
core   0: 3 0x000000008000007e (0xa001)
core   0: 3 0x000000008000007e (0xa001)
core   0: 3 0x000000008000007e (0xa001)
core   0: 3 0x000000008000007e (0xa001)
core   0: 3 0x000000008000007e (0xa001)
core   0: 3 0x000000008000007e (0xa001)
core   0: 3 0x000000008000007e (0xa001)
core   0: 3 0x000000008000007e (0xa001)
core   0: 3 0x000000008000007e (0xa001)
core   0: 3 0x000000008000007e (0xa001)
core   0: 3 0x000000008000007e (0xa001)
core   0: 3 0x000000008000007e (0xa001)
core   0: 3 0x000000008000007e (0xa001)
core   0: 3 0x000000008000007e (0xa001)
core   0: 3 0x000000008000007e (0xa001)
core   0: 3 0x000000008000007e (0xa001)
core   0: 3 0x000000008000007e (0xa001)
core   0: 3 0x000000008000007e (0xa001)
core   0: 3 0x000000008000007e (0xa001)
core   0: 3 0x000000008000007e (0xa001)
core   0: 3 0x000000008000007e (0xa001)
core   0: 3 0x000000008000007e (0xa001)
core   0: 3 0x000000008000007e (0xa001)
core   0: 3 0x000000008000007e (0xa001)
core   0: 3 0x000000008000007e (0xa001)
core   0: 3 0x000000008000007e (0xa001)
core   0: 3 0x000000008000007e (0xa001)
core   0: 3 0x000000008000007e (0xa001)
core   0: 3 0x000000008000007e (0xa001)
core   0: 3 0x000000008000007e (0xa001)
core   0: 3 0x000000008000007e (0xa001)
core   0: 3 0x000000008000007e (0xa001)
core   0: 3 0x000000008000007e (0xa001)
core   0: 3 0x000000008000007e (0xa001)
core   0: 3 0x000000008000007e (0xa001)
core   0: 3 0x000000008000007e (0xa001)
core   0: 3 0x000000008000007e (0xa001)
core   0: 3 0x000000008000007e (0xa001)
core   0: 3 0x000000008000007e (0xa001)
core   0: 3 0x000000008000007e (0xa001)
core   0: 3 0x000000008000007e (0xa001)
core   0: 3 0x000000008000007e (0xa001)
core   0: 3 0x000000008000007e (0xa001)
core   0: 3 0x000000008000007e (0xa001)
core   0: 3 0x000000008000007e (0xa001)
core   0: 3 0x000000008000007e (0xa001)
core   0: 3 0x000000008000007e (0xa001)
core   0: 3 0x000000008000007e (0xa001)
core   0: 3 0x000000008000007e (0xa001)
core   0: 3 0x000000008000007e (0xa001)
core   0: 3 0x000000008000007e (0xa001)
core   0: 3 0x000000008000007e (0xa001)
core   0: 3 0x000000008000007e (0xa001)
core   0: 3 0x000000008000007e (0xa001)
core   0: 3 0x000000008000007e (0xa001)
core   0: 3 0x000000008000007e (0xa001)
core   0: 3 0x000000008000007e (0xa001)
core   0: 3 0x000000008000007e (0xa001)
core   0: 3 0x000000008000007e (0xa001)
core   0: 3 0x000000008000007e (0xa001)
core   0: 3 0x000000008000007e (0xa001)
core   0: 3 0x000000008000007e (0xa001)
core   0: 3 0x000000008000007e (0xa001)
core   0: 3 0x000000008000007e (0xa001)
core   0: 3 0x000000008000007e (0xa001)
core   0: 3 0x000000008000007e (0xa001)
core   0: 3 0x000000008000007e (0xa001)
core   0: 3 0x000000008000007e (0xa001)
core   0: 3 0x000000008000007e (0xa001)
core   0: 3 0x000000008000007e (0xa001)
core   0: 3 0x000000008000007e (0xa001)
core   0: 3 0x000000008000007e (0xa001)
core   0: 3 0x000000008000007e (0xa001)
core   0: 3 0x000000008000007e (0xa001)
core   0: 3 0x000000008000007e (0xa001)
core   0: 3 0x000000008000007e (0xa001)
core   0: 3 0x000000008000007e (0xa001)
core   0: 3 0x000000008000007e (0xa001)
core   0: 3 0x000000008000007e (0xa001)
core   0: 3 0x000000008000007e (0xa001)
core   0: 3 0x000000008000007e (0xa001)
core   0: 3 0x000000008000007e (0xa001)
core   0: 3 0x000000008000007e (0xa001)
core   0: 3 0x000000008000007e (0xa001)
core   0: 3 0x000000008000007e (0xa001)
core   0: 3 0x000000008000007e (0xa001)
core   0: 3 0x000000008000007e (0xa001)
core   0: 3 0x000000008000007e (0xa001)
core   0: 3 0x000000008000007e (0xa001)
core   0: 3 0x000000008000007e (0xa001)
core   0: 3 0x000000008000007e (0xa001)
core   0: 3 0x000000008000007e (0xa001)
core   0: 3 0x000000008000007e (0xa001)
core   0: 3 0x000000008000007e (0xa001)
core   0: 3 0x000000008000007e (0xa001)
core   0: 3 0x000000008000007e (0xa001)
core   0: 3 0x000000008000007e (0xa001)
core   0: 3 0x000000008000007e (0xa001)
core   0: 3 0x000000008000007e (0xa001)
core   0: 3 0x000000008000007e (0xa001)
core   0: 3 0x000000008000007e (0xa001)
core   0: 3 0x000000008000007e (0xa001)
core   0: 3 0x000000008000007e (0xa001)
core   0: 3 0x000000008000007e (0xa001)
core   0: 3 0x000000008000007e (0xa001)
core   0: 3 0x000000008000007e (0xa001)
core   0: 3 0x000000008000007e (0xa001)
core   0: 3 0x000000008000007e (0xa001)
core   0: 3 0x000000008000007e (0xa001)
core   0: 3 0x000000008000007e (0xa001)
core   0: 3 0x000000008000007e (0xa001)
core   0: 3 0x000000008000007e (0xa001)
core   0: 3 0x000000008000007e (0xa001)
core   0: 3 0x000000008000007e (0xa001)
core   0: 3 0x000000008000007e (0xa001)
core   0: 3 0x000000008000007e (0xa001)
core   0: 3 0x000000008000007e (0xa001)
core   0: 3 0x000000008000007e (0xa001)
core   0: 3 0x000000008000007e (0xa001)
core   0: 3 0x000000008000007e (0xa001)
core   0: 3 0x000000008000007e (0xa001)
core   0: 3 0x000000008000007e (0xa001)
core   0: 3 0x000000008000007e (0xa001)
core   0: 3 0x000000008000007e (0xa001)
core   0: 3 0x000000008000007e (0xa001)
core   0: 3 0x000000008000007e (0xa001)
core   0: 3 0x000000008000007e (0xa001)
core   0: 3 0x000000008000007e (0xa001)
core   0: 3 0x000000008000007e (0xa001)
core   0: 3 0x000000008000007e (0xa001)
core   0: 3 0x000000008000007e (0xa001)
core   0: 3 0x000000008000007e (0xa001)
core   0: 3 0x000000008000007e (0xa001)
core   0: 3 0x000000008000007e (0xa001)
core   0: 3 0x000000008000007e (0xa001)
core   0: 3 0x000000008000007e (0xa001)
core   0: 3 0x000000008000007e (0xa001)
core   0: 3 0x000000008000007e (0xa001)
core   0: 3 0x000000008000007e (0xa001)
core   0: 3 0x000000008000007e (0xa001)
core   0: 3 0x000000008000007e (0xa001)
core   0: 3 0x000000008000007e (0xa001)
core   0: 3 0x000000008000007e (0xa001)
core   0: 3 0x000000008000007e (0xa001)
core   0: 3 0x000000008000007e (0xa001)
core   0: 3 0x000000008000007e (0xa001)
core   0: 3 0x000000008000007e (0xa001)
core   0: 3 0x000000008000007e (0xa001)
core   0: 3 0x000000008000007e (0xa001)
core   0: 3 0x000000008000007e (0xa001)
core   0: 3 0x000000008000007e (0xa001)
core   0: 3 0x000000008000007e (0xa001)
core   0: 3 0x000000008000007e (0xa001)
core   0: 3 0x000000008000007e (0xa001)
core   0: 3 0x000000008000007e (0xa001)
core   0: 3 0x000000008000007e (0xa001)
core   0: 3 0x000000008000007e (0xa001)
core   0: 3 0x000000008000007e (0xa001)
core   0: 3 0x000000008000007e (0xa001)
core   0: 3 0x000000008000007e (0xa001)
core   0: 3 0x000000008000007e (0xa001)
core   0: 3 0x000000008000007e (0xa001)
core   0: 3 0x000000008000007e (0xa001)
core   0: 3 0x000000008000007e (0xa001)
core   0: 3 0x000000008000007e (0xa001)
core   0: 3 0x000000008000007e (0xa001)
core   0: 3 0x000000008000007e (0xa001)
core   0: 3 0x000000008000007e (0xa001)
core   0: 3 0x000000008000007e (0xa001)
core   0: 3 0x000000008000007e (0xa001)
core   0: 3 0x000000008000007e (0xa001)
core   0: 3 0x000000008000007e (0xa001)
core   0: 3 0x000000008000007e (0xa001)
core   0: 3 0x000000008000007e (0xa001)
core   0: 3 0x000000008000007e (0xa001)
core   0: 3 0x000000008000007e (0xa001)
core   0: 3 0x000000008000007e (0xa001)
core   0: 3 0x000000008000007e (0xa001)
core   0: 3 0x000000008000007e (0xa001)
core   0: 3 0x000000008000007e (0xa001)
core   0: 3 0x000000008000007e (0xa001)
core   0: 3 0x000000008000007e (0xa001)
core   0: 3 0x000000008000007e (0xa001)
core   0: 3 0x000000008000007e (0xa001)
core   0: 3 0x000000008000007e (0xa001)
core   0: 3 0x000000008000007e (0xa001)
core   0: 3 0x000000008000007e (0xa001)
core   0: 3 0x000000008000007e (0xa001)
core   0: 3 0x000000008000007e (0xa001)
core   0: 3 0x000000008000007e (0xa001)
core   0: 3 0x000000008000007e (0xa001)
core   0: 3 0x000000008000007e (0xa001)
core   0: 3 0x000000008000007e (0xa001)
core   0: 3 0x000000008000007e (0xa001)
core   0: 3 0x000000008000007e (0xa001)
core   0: 3 0x000000008000007e (0xa001)
core   0: 3 0x000000008000007e (0xa001)
core   0: 3 0x000000008000007e (0xa001)
core   0: 3 0x000000008000007e (0xa001)
core   0: 3 0x000000008000007e (0xa001)
core   0: 3 0x000000008000007e (0xa001)
core   0: 3 0x000000008000007e (0xa001)
core   0: 3 0x000000008000007e (0xa001)
core   0: 3 0x000000008000007e (0xa001)
core   0: 3 0x000000008000007e (0xa001)
core   0: 3 0x000000008000007e (0xa001)
core   0: 3 0x000000008000007e (0xa001)
core   0: 3 0x000000008000007e (0xa001)
core   0: 3 0x000000008000007e (0xa001)
core   0: 3 0x000000008000007e (0xa001)
core   0: 3 0x000000008000007e (0xa001)
core   0: 3 0x000000008000007e (0xa001)
core   0: 3 0x000000008000007e (0xa001)
core   0: 3 0x000000008000007e (0xa001)
core   0: 3 0x000000008000007e (0xa001)
core   0: 3 0x000000008000007e (0xa001)
core   0: 3 0x000000008000007e (0xa001)
core   0: 3 0x000000008000007e (0xa001)
core   0: 3 0x000000008000007e (0xa001)
core   0: 3 0x000000008000007e (0xa001)
core   0: 3 0x000000008000007e (0xa001)
core   0: 3 0x000000008000007e (0xa001)
core   0: 3 0x000000008000007e (0xa001)
core   0: 3 0x000000008000007e (0xa001)
core   0: 3 0x000000008000007e (0xa001)
core   0: 3 0x000000008000007e (0xa001)
core   0: 3 0x000000008000007e (0xa001)
core   0: 3 0x000000008000007e (0xa001)
core   0: 3 0x000000008000007e (0xa001)
core   0: 3 0x000000008000007e (0xa001)
core   0: 3 0x000000008000007e (0xa001)
core   0: 3 0x000000008000007e (0xa001)
core   0: 3 0x000000008000007e (0xa001)
core   0: 3 0x000000008000007e (0xa001)
core   0: 3 0x000000008000007e (0xa001)
core   0: 3 0x000000008000007e (0xa001)
core   0: 3 0x000000008000007e (0xa001)
core   0: 3 0x000000008000007e (0xa001)
core   0: 3 0x000000008000007e (0xa001)
core   0: 3 0x000000008000007e (0xa001)
core   0: 3 0x000000008000007e (0xa001)
core   0: 3 0x000000008000007e (0xa001)
core   0: 3 0x000000008000007e (0xa001)
core   0: 3 0x000000008000007e (0xa001)
core   0: 3 0x000000008000007e (0xa001)
core   0: 3 0x000000008000007e (0xa001)
core   0: 3 0x000000008000007e (0xa001)
core   0: 3 0x000000008000007e (0xa001)
core   0: 3 0x000000008000007e (0xa001)
core   0: 3 0x000000008000007e (0xa001)
core   0: 3 0x000000008000007e (0xa001)
core   0: 3 0x000000008000007e (0xa001)
core   0: 3 0x000000008000007e (0xa001)
core   0: 3 0x000000008000007e (0xa001)
core   0: 3 0x000000008000007e (0xa001)
core   0: 3 0x000000008000007e (0xa001)
core   0: 3 0x000000008000007e (0xa001)
core   0: 3 0x000000008000007e (0xa001)
core   0: 3 0x000000008000007e (0xa001)
core   0: 3 0x000000008000007e (0xa001)
core   0: 3 0x000000008000007e (0xa001)
core   0: 3 0x000000008000007e (0xa001)
core   0: 3 0x000000008000007e (0xa001)
core   0: 3 0x000000008000007e (0xa001)
core   0: 3 0x000000008000007e (0xa001)
core   0: 3 0x000000008000007e (0xa001)
core   0: 3 0x000000008000007e (0xa001)
core   0: 3 0x000000008000007e (0xa001)
core   0: 3 0x000000008000007e (0xa001)
core   0: 3 0x000000008000007e (0xa001)
core   0: 3 0x000000008000007e (0xa001)
core   0: 3 0x000000008000007e (0xa001)
core   0: 3 0x000000008000007e (0xa001)
core   0: 3 0x000000008000007e (0xa001)
core   0: 3 0x000000008000007e (0xa001)
core   0: 3 0x000000008000007e (0xa001)
core   0: 3 0x000000008000007e (0xa001)
core   0: 3 0x000000008000007e (0xa001)
core   0: 3 0x000000008000007e (0xa001)
core   0: 3 0x000000008000007e (0xa001)
core   0: 3 0x000000008000007e (0xa001)
core   0: 3 0x000000008000007e (0xa001)
core   0: 3 0x000000008000007e (0xa001)
core   0: 3 0x000000008000007e (0xa001)
core   0: 3 0x000000008000007e (0xa001)
core   0: 3 0x000000008000007e (0xa001)
core   0: 3 0x000000008000007e (0xa001)
core   0: 3 0x000000008000007e (0xa001)
core   0: 3 0x000000008000007e (0xa001)
core   0: 3 0x000000008000007e (0xa001)
core   0: 3 0x000000008000007e (0xa001)
core   0: 3 0x000000008000007e (0xa001)
core   0: 3 0x000000008000007e (0xa001)
core   0: 3 0x000000008000007e (0xa001)
core   0: 3 0x000000008000007e (0xa001)
core   0: 3 0x000000008000007e (0xa001)
core   0: 3 0x000000008000007e (0xa001)
core   0: 3 0x000000008000007e (0xa001)
core   0: 3 0x000000008000007e (0xa001)
core   0: 3 0x000000008000007e (0xa001)
core   0: 3 0x000000008000007e (0xa001)
core   0: 3 0x000000008000007e (0xa001)
core   0: 3 0x000000008000007e (0xa001)
core   0: 3 0x000000008000007e (0xa001)
core   0: 3 0x000000008000007e (0xa001)
core   0: 3 0x000000008000007e (0xa001)
core   0: 3 0x000000008000007e (0xa001)
core   0: 3 0x000000008000007e (0xa001)
core   0: 3 0x000000008000007e (0xa001)
core   0: 3 0x000000008000007e (0xa001)
core   0: 3 0x000000008000007e (0xa001)
core   0: 3 0x000000008000007e (0xa001)
core   0: 3 0x000000008000007e (0xa001)
core   0: 3 0x000000008000007e (0xa001)
core   0: 3 0x000000008000007e (0xa001)
core   0: 3 0x000000008000007e (0xa001)
core   0: 3 0x000000008000007e (0xa001)
core   0: 3 0x000000008000007e (0xa001)
core   0: 3 0x000000008000007e (0xa001)
core   0: 3 0x000000008000007e (0xa001)
core   0: 3 0x000000008000007e (0xa001)
core   0: 3 0x000000008000007e (0xa001)
core   0: 3 0x000000008000007e (0xa001)
core   0: 3 0x000000008000007e (0xa001)
core   0: 3 0x000000008000007e (0xa001)
core   0: 3 0x000000008000007e (0xa001)
core   0: 3 0x000000008000007e (0xa001)
core   0: 3 0x000000008000007e (0xa001)
core   0: 3 0x000000008000007e (0xa001)
core   0: 3 0x000000008000007e (0xa001)
core   0: 3 0x000000008000007e (0xa001)
core   0: 3 0x000000008000007e (0xa001)
core   0: 3 0x000000008000007e (0xa001)
core   0: 3 0x000000008000007e (0xa001)
core   0: 3 0x000000008000007e (0xa001)
core   0: 3 0x000000008000007e (0xa001)
core   0: 3 0x000000008000007e (0xa001)
core   0: 3 0x000000008000007e (0xa001)
core   0: 3 0x000000008000007e (0xa001)
core   0: 3 0x000000008000007e (0xa001)
core   0: 3 0x000000008000007e (0xa001)
core   0: 3 0x000000008000007e (0xa001)
core   0: 3 0x000000008000007e (0xa001)
core   0: 3 0x000000008000007e (0xa001)
core   0: 3 0x000000008000007e (0xa001)
core   0: 3 0x000000008000007e (0xa001)
core   0: 3 0x000000008000007e (0xa001)
core   0: 3 0x000000008000007e (0xa001)
core   0: 3 0x000000008000007e (0xa001)
core   0: 3 0x000000008000007e (0xa001)
core   0: 3 0x000000008000007e (0xa001)
core   0: 3 0x000000008000007e (0xa001)
core   0: 3 0x000000008000007e (0xa001)
core   0: 3 0x000000008000007e (0xa001)
core   0: 3 0x000000008000007e (0xa001)
core   0: 3 0x000000008000007e (0xa001)
core   0: 3 0x000000008000007e (0xa001)
core   0: 3 0x000000008000007e (0xa001)
core   0: 3 0x000000008000007e (0xa001)
core   0: 3 0x000000008000007e (0xa001)
core   0: 3 0x000000008000007e (0xa001)
core   0: 3 0x000000008000007e (0xa001)
core   0: 3 0x000000008000007e (0xa001)
core   0: 3 0x000000008000007e (0xa001)
core   0: 3 0x000000008000007e (0xa001)
core   0: 3 0x000000008000007e (0xa001)
core   0: 3 0x000000008000007e (0xa001)
core   0: 3 0x000000008000007e (0xa001)
core   0: 3 0x000000008000007e (0xa001)
core   0: 3 0x000000008000007e (0xa001)
core   0: 3 0x000000008000007e (0xa001)
core   0: 3 0x000000008000007e (0xa001)
core   0: 3 0x000000008000007e (0xa001)
core   0: 3 0x000000008000007e (0xa001)
core   0: 3 0x000000008000007e (0xa001)
core   0: 3 0x000000008000007e (0xa001)
core   0: 3 0x000000008000007e (0xa001)
core   0: 3 0x000000008000007e (0xa001)
core   0: 3 0x000000008000007e (0xa001)
core   0: 3 0x000000008000007e (0xa001)
core   0: 3 0x000000008000007e (0xa001)
core   0: 3 0x000000008000007e (0xa001)
core   0: 3 0x000000008000007e (0xa001)
core   0: 3 0x000000008000007e (0xa001)
core   0: 3 0x000000008000007e (0xa001)
core   0: 3 0x000000008000007e (0xa001)
core   0: 3 0x000000008000007e (0xa001)
core   0: 3 0x000000008000007e (0xa001)
core   0: 3 0x000000008000007e (0xa001)
core   0: 3 0x000000008000007e (0xa001)
core   0: 3 0x000000008000007e (0xa001)
core   0: 3 0x000000008000007e (0xa001)
core   0: 3 0x000000008000007e (0xa001)
core   0: 3 0x000000008000007e (0xa001)
core   0: 3 0x000000008000007e (0xa001)
core   0: 3 0x000000008000007e (0xa001)
core   0: 3 0x000000008000007e (0xa001)
core   0: 3 0x000000008000007e (0xa001)
core   0: 3 0x000000008000007e (0xa001)
core   0: 3 0x000000008000007e (0xa001)
core   0: 3 0x000000008000007e (0xa001)
core   0: 3 0x000000008000007e (0xa001)
core   0: 3 0x000000008000007e (0xa001)
core   0: 3 0x000000008000007e (0xa001)
core   0: 3 0x000000008000007e (0xa001)
core   0: 3 0x000000008000007e (0xa001)
core   0: 3 0x000000008000007e (0xa001)
core   0: 3 0x000000008000007e (0xa001)
core   0: 3 0x000000008000007e (0xa001)
core   0: 3 0x000000008000007e (0xa001)
core   0: 3 0x000000008000007e (0xa001)
core   0: 3 0x000000008000007e (0xa001)
core   0: 3 0x000000008000007e (0xa001)
core   0: 3 0x000000008000007e (0xa001)
core   0: 3 0x000000008000007e (0xa001)
core   0: 3 0x000000008000007e (0xa001)
core   0: 3 0x000000008000007e (0xa001)
core   0: 3 0x000000008000007e (0xa001)
core   0: 3 0x000000008000007e (0xa001)
core   0: 3 0x000000008000007e (0xa001)
core   0: 3 0x000000008000007e (0xa001)
core   0: 3 0x000000008000007e (0xa001)
core   0: 3 0x000000008000007e (0xa001)
core   0: 3 0x000000008000007e (0xa001)
core   0: 3 0x000000008000007e (0xa001)
core   0: 3 0x000000008000007e (0xa001)
core   0: 3 0x000000008000007e (0xa001)
core   0: 3 0x000000008000007e (0xa001)
core   0: 3 0x000000008000007e (0xa001)
core   0: 3 0x000000008000007e (0xa001)
core   0: 3 0x000000008000007e (0xa001)
core   0: 3 0x000000008000007e (0xa001)
core   0: 3 0x000000008000007e (0xa001)
core   0: 3 0x000000008000007e (0xa001)
core   0: 3 0x000000008000007e (0xa001)
core   0: 3 0x000000008000007e (0xa001)
core   0: 3 0x000000008000007e (0xa001)
core   0: 3 0x000000008000007e (0xa001)
core   0: 3 0x000000008000007e (0xa001)
core   0: 3 0x000000008000007e (0xa001)
core   0: 3 0x000000008000007e (0xa001)
core   0: 3 0x000000008000007e (0xa001)
core   0: 3 0x000000008000007e (0xa001)
core   0: 3 0x000000008000007e (0xa001)
core   0: 3 0x000000008000007e (0xa001)
core   0: 3 0x000000008000007e (0xa001)
core   0: 3 0x000000008000007e (0xa001)
core   0: 3 0x000000008000007e (0xa001)
core   0: 3 0x000000008000007e (0xa001)
core   0: 3 0x000000008000007e (0xa001)
core   0: 3 0x000000008000007e (0xa001)
core   0: 3 0x000000008000007e (0xa001)
core   0: 3 0x000000008000007e (0xa001)
core   0: 3 0x000000008000007e (0xa001)
core   0: 3 0x000000008000007e (0xa001)
core   0: 3 0x000000008000007e (0xa001)
core   0: 3 0x000000008000007e (0xa001)
core   0: 3 0x000000008000007e (0xa001)
core   0: 3 0x000000008000007e (0xa001)
core   0: 3 0x000000008000007e (0xa001)
core   0: 3 0x000000008000007e (0xa001)
core   0: 3 0x000000008000007e (0xa001)
core   0: 3 0x000000008000007e (0xa001)
core   0: 3 0x000000008000007e (0xa001)
core   0: 3 0x000000008000007e (0xa001)
core   0: 3 0x000000008000007e (0xa001)
core   0: 3 0x000000008000007e (0xa001)
core   0: 3 0x000000008000007e (0xa001)
core   0: 3 0x000000008000007e (0xa001)
core   0: 3 0x000000008000007e (0xa001)
core   0: 3 0x000000008000007e (0xa001)
core   0: 3 0x000000008000007e (0xa001)
core   0: 3 0x000000008000007e (0xa001)
core   0: 3 0x000000008000007e (0xa001)
core   0: 3 0x000000008000007e (0xa001)
core   0: 3 0x000000008000007e (0xa001)
core   0: 3 0x000000008000007e (0xa001)
core   0: 3 0x000000008000007e (0xa001)
core   0: 3 0x000000008000007e (0xa001)
core   0: 3 0x000000008000007e (0xa001)
core   0: 3 0x000000008000007e (0xa001)
core   0: 3 0x000000008000007e (0xa001)
core   0: 3 0x000000008000007e (0xa001)
core   0: 3 0x000000008000007e (0xa001)
core   0: 3 0x000000008000007e (0xa001)
core   0: 3 0x000000008000007e (0xa001)
core   0: 3 0x000000008000007e (0xa001)
core   0: 3 0x000000008000007e (0xa001)
core   0: 3 0x000000008000007e (0xa001)
core   0: 3 0x000000008000007e (0xa001)
core   0: 3 0x000000008000007e (0xa001)
core   0: 3 0x000000008000007e (0xa001)
core   0: 3 0x000000008000007e (0xa001)
core   0: 3 0x000000008000007e (0xa001)
core   0: 3 0x000000008000007e (0xa001)
core   0: 3 0x000000008000007e (0xa001)
core   0: 3 0x000000008000007e (0xa001)
core   0: 3 0x000000008000007e (0xa001)
core   0: 3 0x000000008000007e (0xa001)
core   0: 3 0x000000008000007e (0xa001)
core   0: 3 0x000000008000007e (0xa001)
core   0: 3 0x000000008000007e (0xa001)
core   0: 3 0x000000008000007e (0xa001)
core   0: 3 0x000000008000007e (0xa001)
core   0: 3 0x000000008000007e (0xa001)
core   0: 3 0x000000008000007e (0xa001)
core   0: 3 0x000000008000007e (0xa001)
core   0: 3 0x000000008000007e (0xa001)
core   0: 3 0x000000008000007e (0xa001)
core   0: 3 0x000000008000007e (0xa001)
core   0: 3 0x000000008000007e (0xa001)
core   0: 3 0x000000008000007e (0xa001)
core   0: 3 0x000000008000007e (0xa001)
core   0: 3 0x000000008000007e (0xa001)
core   0: 3 0x000000008000007e (0xa001)
core   0: 3 0x000000008000007e (0xa001)
core   0: 3 0x000000008000007e (0xa001)
core   0: 3 0x000000008000007e (0xa001)
core   0: 3 0x000000008000007e (0xa001)
core   0: 3 0x000000008000007e (0xa001)
core   0: 3 0x000000008000007e (0xa001)
core   0: 3 0x000000008000007e (0xa001)
core   0: 3 0x000000008000007e (0xa001)
core   0: 3 0x000000008000007e (0xa001)
core   0: 3 0x000000008000007e (0xa001)
core   0: 3 0x000000008000007e (0xa001)
core   0: 3 0x000000008000007e (0xa001)
core   0: 3 0x000000008000007e (0xa001)
core   0: 3 0x000000008000007e (0xa001)
core   0: 3 0x000000008000007e (0xa001)
core   0: 3 0x000000008000007e (0xa001)
core   0: 3 0x000000008000007e (0xa001)
core   0: 3 0x000000008000007e (0xa001)
core   0: 3 0x000000008000007e (0xa001)
core   0: 3 0x000000008000007e (0xa001)
core   0: 3 0x000000008000007e (0xa001)
core   0: 3 0x000000008000007e (0xa001)
core   0: 3 0x000000008000007e (0xa001)
core   0: 3 0x000000008000007e (0xa001)
core   0: 3 0x000000008000007e (0xa001)
core   0: 3 0x000000008000007e (0xa001)
core   0: 3 0x000000008000007e (0xa001)
core   0: 3 0x000000008000007e (0xa001)
core   0: 3 0x000000008000007e (0xa001)
core   0: 3 0x000000008000007e (0xa001)
core   0: 3 0x000000008000007e (0xa001)
core   0: 3 0x000000008000007e (0xa001)
core   0: 3 0x000000008000007e (0xa001)
core   0: 3 0x000000008000007e (0xa001)
core   0: 3 0x000000008000007e (0xa001)
core   0: 3 0x000000008000007e (0xa001)
core   0: 3 0x000000008000007e (0xa001)
core   0: 3 0x000000008000007e (0xa001)
core   0: 3 0x000000008000007e (0xa001)
core   0: 3 0x000000008000007e (0xa001)
core   0: 3 0x000000008000007e (0xa001)
core   0: 3 0x000000008000007e (0xa001)
core   0: 3 0x000000008000007e (0xa001)
core   0: 3 0x000000008000007e (0xa001)
core   0: 3 0x000000008000007e (0xa001)
core   0: 3 0x000000008000007e (0xa001)
core   0: 3 0x000000008000007e (0xa001)
core   0: 3 0x000000008000007e (0xa001)
core   0: 3 0x000000008000007e (0xa001)
core   0: 3 0x000000008000007e (0xa001)
core   0: 3 0x000000008000007e (0xa001)
core   0: 3 0x000000008000007e (0xa001)
core   0: 3 0x000000008000007e (0xa001)
core   0: 3 0x000000008000007e (0xa001)
core   0: 3 0x000000008000007e (0xa001)
core   0: 3 0x000000008000007e (0xa001)
core   0: 3 0x000000008000007e (0xa001)
core   0: 3 0x000000008000007e (0xa001)
core   0: 3 0x000000008000007e (0xa001)
core   0: 3 0x000000008000007e (0xa001)
core   0: 3 0x000000008000007e (0xa001)
core   0: 3 0x000000008000007e (0xa001)
core   0: 3 0x000000008000007e (0xa001)
core   0: 3 0x000000008000007e (0xa001)
core   0: 3 0x000000008000007e (0xa001)
core   0: 3 0x000000008000007e (0xa001)
core   0: 3 0x000000008000007e (0xa001)
core   0: 3 0x000000008000007e (0xa001)
core   0: 3 0x000000008000007e (0xa001)
core   0: 3 0x000000008000007e (0xa001)
core   0: 3 0x000000008000007e (0xa001)
core   0: 3 0x000000008000007e (0xa001)
core   0: 3 0x000000008000007e (0xa001)
core   0: 3 0x000000008000007e (0xa001)
core   0: 3 0x000000008000007e (0xa001)
core   0: 3 0x000000008000007e (0xa001)
core   0: 3 0x000000008000007e (0xa001)
core   0: 3 0x000000008000007e (0xa001)
core   0: 3 0x000000008000007e (0xa001)
core   0: 3 0x000000008000007e (0xa001)
core   0: 3 0x000000008000007e (0xa001)
core   0: 3 0x000000008000007e (0xa001)
core   0: 3 0x000000008000007e (0xa001)
core   0: 3 0x000000008000007e (0xa001)
core   0: 3 0x000000008000007e (0xa001)
core   0: 3 0x000000008000007e (0xa001)
core   0: 3 0x000000008000007e (0xa001)
core   0: 3 0x000000008000007e (0xa001)
core   0: 3 0x000000008000007e (0xa001)
core   0: 3 0x000000008000007e (0xa001)
core   0: 3 0x000000008000007e (0xa001)
core   0: 3 0x000000008000007e (0xa001)
core   0: 3 0x000000008000007e (0xa001)
core   0: 3 0x000000008000007e (0xa001)
core   0: 3 0x000000008000007e (0xa001)
core   0: 3 0x000000008000007e (0xa001)
core   0: 3 0x000000008000007e (0xa001)
core   0: 3 0x000000008000007e (0xa001)
core   0: 3 0x000000008000007e (0xa001)
core   0: 3 0x000000008000007e (0xa001)
core   0: 3 0x000000008000007e (0xa001)
core   0: 3 0x000000008000007e (0xa001)
core   0: 3 0x000000008000007e (0xa001)
core   0: 3 0x000000008000007e (0xa001)
core   0: 3 0x000000008000007e (0xa001)
core   0: 3 0x000000008000007e (0xa001)
core   0: 3 0x000000008000007e (0xa001)
core   0: 3 0x000000008000007e (0xa001)
core   0: 3 0x000000008000007e (0xa001)
core   0: 3 0x000000008000007e (0xa001)
core   0: 3 0x000000008000007e (0xa001)
core   0: 3 0x000000008000007e (0xa001)
core   0: 3 0x000000008000007e (0xa001)
core   0: 3 0x000000008000007e (0xa001)
core   0: 3 0x000000008000007e (0xa001)
core   0: 3 0x000000008000007e (0xa001)
core   0: 3 0x000000008000007e (0xa001)
core   0: 3 0x000000008000007e (0xa001)
core   0: 3 0x000000008000007e (0xa001)
core   0: 3 0x000000008000007e (0xa001)
core   0: 3 0x000000008000007e (0xa001)
core   0: 3 0x000000008000007e (0xa001)
core   0: 3 0x000000008000007e (0xa001)
core   0: 3 0x000000008000007e (0xa001)
core   0: 3 0x000000008000007e (0xa001)
core   0: 3 0x000000008000007e (0xa001)
core   0: 3 0x000000008000007e (0xa001)
core   0: 3 0x000000008000007e (0xa001)
core   0: 3 0x000000008000007e (0xa001)
core   0: 3 0x000000008000007e (0xa001)
core   0: 3 0x000000008000007e (0xa001)
core   0: 3 0x000000008000007e (0xa001)
core   0: 3 0x000000008000007e (0xa001)
core   0: 3 0x000000008000007e (0xa001)
core   0: 3 0x000000008000007e (0xa001)
core   0: 3 0x000000008000007e (0xa001)
core   0: 3 0x000000008000007e (0xa001)
core   0: 3 0x000000008000007e (0xa001)
core   0: 3 0x000000008000007e (0xa001)
core   0: 3 0x000000008000007e (0xa001)
core   0: 3 0x000000008000007e (0xa001)
core   0: 3 0x000000008000007e (0xa001)
core   0: 3 0x000000008000007e (0xa001)
core   0: 3 0x000000008000007e (0xa001)
core   0: 3 0x000000008000007e (0xa001)
core   0: 3 0x000000008000007e (0xa001)
core   0: 3 0x000000008000007e (0xa001)
core   0: 3 0x000000008000007e (0xa001)
core   0: 3 0x000000008000007e (0xa001)
core   0: 3 0x000000008000007e (0xa001)
core   0: 3 0x000000008000007e (0xa001)
core   0: 3 0x000000008000007e (0xa001)
core   0: 3 0x000000008000007e (0xa001)
core   0: 3 0x000000008000007e (0xa001)
core   0: 3 0x000000008000007e (0xa001)
core   0: 3 0x000000008000007e (0xa001)
core   0: 3 0x000000008000007e (0xa001)
core   0: 3 0x000000008000007e (0xa001)
core   0: 3 0x000000008000007e (0xa001)
core   0: 3 0x000000008000007e (0xa001)
core   0: 3 0x000000008000007e (0xa001)
core   0: 3 0x000000008000007e (0xa001)
core   0: 3 0x000000008000007e (0xa001)
core   0: 3 0x000000008000007e (0xa001)
core   0: 3 0x000000008000007e (0xa001)
core   0: 3 0x000000008000007e (0xa001)
core   0: 3 0x000000008000007e (0xa001)
core   0: 3 0x000000008000007e (0xa001)
core   0: 3 0x000000008000007e (0xa001)
core   0: 3 0x000000008000007e (0xa001)
core   0: 3 0x000000008000007e (0xa001)
core   0: 3 0x000000008000007e (0xa001)
core   0: 3 0x000000008000007e (0xa001)
core   0: 3 0x000000008000007e (0xa001)
core   0: 3 0x000000008000007e (0xa001)
core   0: 3 0x000000008000007e (0xa001)
core   0: 3 0x000000008000007e (0xa001)
core   0: 3 0x000000008000007e (0xa001)
core   0: 3 0x000000008000007e (0xa001)
core   0: 3 0x000000008000007e (0xa001)
core   0: 3 0x000000008000007e (0xa001)
core   0: 3 0x000000008000007e (0xa001)
core   0: 3 0x000000008000007e (0xa001)
core   0: 3 0x000000008000007e (0xa001)
core   0: 3 0x000000008000007e (0xa001)
core   0: 3 0x000000008000007e (0xa001)
core   0: 3 0x000000008000007e (0xa001)
core   0: 3 0x000000008000007e (0xa001)
core   0: 3 0x000000008000007e (0xa001)
core   0: 3 0x000000008000007e (0xa001)
core   0: 3 0x000000008000007e (0xa001)
core   0: 3 0x000000008000007e (0xa001)
core   0: 3 0x000000008000007e (0xa001)
core   0: 3 0x000000008000007e (0xa001)
core   0: 3 0x000000008000007e (0xa001)
core   0: 3 0x000000008000007e (0xa001)
core   0: 3 0x000000008000007e (0xa001)
core   0: 3 0x000000008000007e (0xa001)
core   0: 3 0x000000008000007e (0xa001)
core   0: 3 0x000000008000007e (0xa001)
core   0: 3 0x000000008000007e (0xa001)
core   0: 3 0x000000008000007e (0xa001)
core   0: 3 0x000000008000007e (0xa001)
core   0: 3 0x000000008000007e (0xa001)
core   0: 3 0x000000008000007e (0xa001)
core   0: 3 0x000000008000007e (0xa001)
core   0: 3 0x000000008000007e (0xa001)
core   0: 3 0x000000008000007e (0xa001)
core   0: 3 0x000000008000007e (0xa001)
core   0: 3 0x000000008000007e (0xa001)
core   0: 3 0x000000008000007e (0xa001)
core   0: 3 0x000000008000007e (0xa001)
core   0: 3 0x000000008000007e (0xa001)
core   0: 3 0x000000008000007e (0xa001)
core   0: 3 0x000000008000007e (0xa001)
core   0: 3 0x000000008000007e (0xa001)
core   0: 3 0x000000008000007e (0xa001)
core   0: 3 0x000000008000007e (0xa001)
core   0: 3 0x000000008000007e (0xa001)
core   0: 3 0x000000008000007e (0xa001)
core   0: 3 0x000000008000007e (0xa001)
core   0: 3 0x000000008000007e (0xa001)
core   0: 3 0x000000008000007e (0xa001)
core   0: 3 0x000000008000007e (0xa001)
core   0: 3 0x000000008000007e (0xa001)
core   0: 3 0x000000008000007e (0xa001)
core   0: 3 0x000000008000007e (0xa001)
core   0: 3 0x000000008000007e (0xa001)
core   0: 3 0x000000008000007e (0xa001)
core   0: 3 0x000000008000007e (0xa001)
core   0: 3 0x000000008000007e (0xa001)
core   0: 3 0x000000008000007e (0xa001)
core   0: 3 0x000000008000007e (0xa001)
core   0: 3 0x000000008000007e (0xa001)
core   0: 3 0x000000008000007e (0xa001)
core   0: 3 0x000000008000007e (0xa001)
core   0: 3 0x000000008000007e (0xa001)
core   0: 3 0x000000008000007e (0xa001)
core   0: 3 0x000000008000007e (0xa001)
core   0: 3 0x000000008000007e (0xa001)
core   0: 3 0x000000008000007e (0xa001)
core   0: 3 0x000000008000007e (0xa001)
core   0: 3 0x000000008000007e (0xa001)
core   0: 3 0x000000008000007e (0xa001)
core   0: 3 0x000000008000007e (0xa001)
core   0: 3 0x000000008000007e (0xa001)
core   0: 3 0x000000008000007e (0xa001)
core   0: 3 0x000000008000007e (0xa001)
core   0: 3 0x000000008000007e (0xa001)
core   0: 3 0x000000008000007e (0xa001)
core   0: 3 0x000000008000007e (0xa001)
core   0: 3 0x000000008000007e (0xa001)
core   0: 3 0x000000008000007e (0xa001)
core   0: 3 0x000000008000007e (0xa001)
core   0: 3 0x000000008000007e (0xa001)
core   0: 3 0x000000008000007e (0xa001)
core   0: 3 0x000000008000007e (0xa001)
core   0: 3 0x000000008000007e (0xa001)
core   0: 3 0x000000008000007e (0xa001)
core   0: 3 0x000000008000007e (0xa001)
core   0: 3 0x000000008000007e (0xa001)
core   0: 3 0x000000008000007e (0xa001)
core   0: 3 0x000000008000007e (0xa001)
core   0: 3 0x000000008000007e (0xa001)
core   0: 3 0x000000008000007e (0xa001)
core   0: 3 0x000000008000007e (0xa001)
core   0: 3 0x000000008000007e (0xa001)
core   0: 3 0x000000008000007e (0xa001)
core   0: 3 0x000000008000007e (0xa001)
core   0: 3 0x000000008000007e (0xa001)
core   0: 3 0x000000008000007e (0xa001)
core   0: 3 0x000000008000007e (0xa001)
core   0: 3 0x000000008000007e (0xa001)
core   0: 3 0x000000008000007e (0xa001)
core   0: 3 0x000000008000007e (0xa001)
core   0: 3 0x000000008000007e (0xa001)
core   0: 3 0x000000008000007e (0xa001)
core   0: 3 0x000000008000007e (0xa001)
core   0: 3 0x000000008000007e (0xa001)
core   0: 3 0x000000008000007e (0xa001)
core   0: 3 0x000000008000007e (0xa001)
core   0: 3 0x000000008000007e (0xa001)
core   0: 3 0x000000008000007e (0xa001)
core   0: 3 0x000000008000007e (0xa001)
core   0: 3 0x000000008000007e (0xa001)
core   0: 3 0x000000008000007e (0xa001)
core   0: 3 0x000000008000007e (0xa001)
core   0: 3 0x000000008000007e (0xa001)
core   0: 3 0x000000008000007e (0xa001)
core   0: 3 0x000000008000007e (0xa001)
core   0: 3 0x000000008000007e (0xa001)
core   0: 3 0x000000008000007e (0xa001)
core   0: 3 0x000000008000007e (0xa001)
core   0: 3 0x000000008000007e (0xa001)
core   0: 3 0x000000008000007e (0xa001)
core   0: 3 0x000000008000007e (0xa001)
core   0: 3 0x000000008000007e (0xa001)
core   0: 3 0x000000008000007e (0xa001)
core   0: 3 0x000000008000007e (0xa001)
core   0: 3 0x000000008000007e (0xa001)
core   0: 3 0x000000008000007e (0xa001)
core   0: 3 0x000000008000007e (0xa001)
core   0: 3 0x000000008000007e (0xa001)
core   0: 3 0x000000008000007e (0xa001)
core   0: 3 0x000000008000007e (0xa001)
core   0: 3 0x000000008000007e (0xa001)
core   0: 3 0x000000008000007e (0xa001)
core   0: 3 0x000000008000007e (0xa001)
core   0: 3 0x000000008000007e (0xa001)
core   0: 3 0x000000008000007e (0xa001)
core   0: 3 0x000000008000007e (0xa001)
core   0: 3 0x000000008000007e (0xa001)
core   0: 3 0x000000008000007e (0xa001)
core   0: 3 0x000000008000007e (0xa001)
core   0: 3 0x000000008000007e (0xa001)
core   0: 3 0x000000008000007e (0xa001)
core   0: 3 0x000000008000007e (0xa001)
core   0: 3 0x000000008000007e (0xa001)
core   0: 3 0x000000008000007e (0xa001)
core   0: 3 0x000000008000007e (0xa001)
core   0: 3 0x000000008000007e (0xa001)
core   0: 3 0x000000008000007e (0xa001)
core   0: 3 0x000000008000007e (0xa001)
core   0: 3 0x000000008000007e (0xa001)
core   0: 3 0x000000008000007e (0xa001)
core   0: 3 0x000000008000007e (0xa001)
core   0: 3 0x000000008000007e (0xa001)
core   0: 3 0x000000008000007e (0xa001)
core   0: 3 0x000000008000007e (0xa001)
core   0: 3 0x000000008000007e (0xa001)
core   0: 3 0x000000008000007e (0xa001)
core   0: 3 0x000000008000007e (0xa001)
core   0: 3 0x000000008000007e (0xa001)
core   0: 3 0x000000008000007e (0xa001)
core   0: 3 0x000000008000007e (0xa001)
core   0: 3 0x000000008000007e (0xa001)
core   0: 3 0x000000008000007e (0xa001)
core   0: 3 0x000000008000007e (0xa001)
core   0: 3 0x000000008000007e (0xa001)
core   0: 3 0x000000008000007e (0xa001)
core   0: 3 0x000000008000007e (0xa001)
core   0: 3 0x000000008000007e (0xa001)
core   0: 3 0x000000008000007e (0xa001)
core   0: 3 0x000000008000007e (0xa001)
core   0: 3 0x000000008000007e (0xa001)
core   0: 3 0x000000008000007e (0xa001)
core   0: 3 0x000000008000007e (0xa001)
core   0: 3 0x000000008000007e (0xa001)
core   0: 3 0x000000008000007e (0xa001)
core   0: 3 0x000000008000007e (0xa001)
core   0: 3 0x000000008000007e (0xa001)
core   0: 3 0x000000008000007e (0xa001)
core   0: 3 0x000000008000007e (0xa001)
core   0: 3 0x000000008000007e (0xa001)
core   0: 3 0x000000008000007e (0xa001)
core   0: 3 0x000000008000007e (0xa001)
core   0: 3 0x000000008000007e (0xa001)
core   0: 3 0x000000008000007e (0xa001)
core   0: 3 0x000000008000007e (0xa001)
core   0: 3 0x000000008000007e (0xa001)
core   0: 3 0x000000008000007e (0xa001)
core   0: 3 0x000000008000007e (0xa001)
core   0: 3 0x000000008000007e (0xa001)
core   0: 3 0x000000008000007e (0xa001)
core   0: 3 0x000000008000007e (0xa001)
core   0: 3 0x000000008000007e (0xa001)
core   0: 3 0x000000008000007e (0xa001)
core   0: 3 0x000000008000007e (0xa001)
core   0: 3 0x000000008000007e (0xa001)
core   0: 3 0x000000008000007e (0xa001)
core   0: 3 0x000000008000007e (0xa001)
core   0: 3 0x000000008000007e (0xa001)
core   0: 3 0x000000008000007e (0xa001)
core   0: 3 0x000000008000007e (0xa001)
core   0: 3 0x000000008000007e (0xa001)
core   0: 3 0x000000008000007e (0xa001)
core   0: 3 0x000000008000007e (0xa001)
core   0: 3 0x000000008000007e (0xa001)
core   0: 3 0x000000008000007e (0xa001)
core   0: 3 0x000000008000007e (0xa001)
core   0: 3 0x000000008000007e (0xa001)
core   0: 3 0x000000008000007e (0xa001)
core   0: 3 0x000000008000007e (0xa001)
core   0: 3 0x000000008000007e (0xa001)
core   0: 3 0x000000008000007e (0xa001)
core   0: 3 0x000000008000007e (0xa001)
core   0: 3 0x000000008000007e (0xa001)
core   0: 3 0x000000008000007e (0xa001)
core   0: 3 0x000000008000007e (0xa001)
core   0: 3 0x000000008000007e (0xa001)
core   0: 3 0x000000008000007e (0xa001)
core   0: 3 0x000000008000007e (0xa001)
core   0: 3 0x000000008000007e (0xa001)
core   0: 3 0x000000008000007e (0xa001)
core   0: 3 0x000000008000007e (0xa001)
core   0: 3 0x000000008000007e (0xa001)
core   0: 3 0x000000008000007e (0xa001)
core   0: 3 0x000000008000007e (0xa001)
core   0: 3 0x000000008000007e (0xa001)
core   0: 3 0x000000008000007e (0xa001)
core   0: 3 0x000000008000007e (0xa001)
core   0: 3 0x000000008000007e (0xa001)
core   0: 3 0x000000008000007e (0xa001)
core   0: 3 0x000000008000007e (0xa001)
core   0: 3 0x000000008000007e (0xa001)
core   0: 3 0x000000008000007e (0xa001)
core   0: 3 0x000000008000007e (0xa001)
core   0: 3 0x000000008000007e (0xa001)
core   0: 3 0x000000008000007e (0xa001)
core   0: 3 0x000000008000007e (0xa001)
core   0: 3 0x000000008000007e (0xa001)
core   0: 3 0x000000008000007e (0xa001)
core   0: 3 0x000000008000007e (0xa001)
core   0: 3 0x000000008000007e (0xa001)
core   0: 3 0x000000008000007e (0xa001)
core   0: 3 0x000000008000007e (0xa001)
core   0: 3 0x000000008000007e (0xa001)
core   0: 3 0x000000008000007e (0xa001)
core   0: 3 0x000000008000007e (0xa001)
core   0: 3 0x000000008000007e (0xa001)
core   0: 3 0x000000008000007e (0xa001)
core   0: 3 0x000000008000007e (0xa001)
core   0: 3 0x000000008000007e (0xa001)
core   0: 3 0x000000008000007e (0xa001)
core   0: 3 0x000000008000007e (0xa001)
core   0: 3 0x000000008000007e (0xa001)
core   0: 3 0x000000008000007e (0xa001)
core   0: 3 0x000000008000007e (0xa001)
core   0: 3 0x000000008000007e (0xa001)
core   0: 3 0x000000008000007e (0xa001)
core   0: 3 0x000000008000007e (0xa001)
core   0: 3 0x000000008000007e (0xa001)
core   0: 3 0x000000008000007e (0xa001)
core   0: 3 0x000000008000007e (0xa001)
core   0: 3 0x000000008000007e (0xa001)
core   0: 3 0x000000008000007e (0xa001)
core   0: 3 0x000000008000007e (0xa001)
core   0: 3 0x000000008000007e (0xa001)
core   0: 3 0x000000008000007e (0xa001)
core   0: 3 0x000000008000007e (0xa001)
core   0: 3 0x000000008000007e (0xa001)
core   0: 3 0x000000008000007e (0xa001)
core   0: 3 0x000000008000007e (0xa001)
core   0: 3 0x000000008000007e (0xa001)
core   0: 3 0x000000008000007e (0xa001)
core   0: 3 0x000000008000007e (0xa001)
core   0: 3 0x000000008000007e (0xa001)
core   0: 3 0x000000008000007e (0xa001)
core   0: 3 0x000000008000007e (0xa001)
core   0: 3 0x000000008000007e (0xa001)
core   0: 3 0x000000008000007e (0xa001)
core   0: 3 0x000000008000007e (0xa001)
core   0: 3 0x000000008000007e (0xa001)
core   0: 3 0x000000008000007e (0xa001)
core   0: 3 0x000000008000007e (0xa001)
core   0: 3 0x000000008000007e (0xa001)
core   0: 3 0x000000008000007e (0xa001)
core   0: 3 0x000000008000007e (0xa001)
core   0: 3 0x000000008000007e (0xa001)
core   0: 3 0x000000008000007e (0xa001)
core   0: 3 0x000000008000007e (0xa001)
core   0: 3 0x000000008000007e (0xa001)
core   0: 3 0x000000008000007e (0xa001)
core   0: 3 0x000000008000007e (0xa001)
core   0: 3 0x000000008000007e (0xa001)
core   0: 3 0x000000008000007e (0xa001)
core   0: 3 0x000000008000007e (0xa001)
core   0: 3 0x000000008000007e (0xa001)
core   0: 3 0x000000008000007e (0xa001)
core   0: 3 0x000000008000007e (0xa001)
core   0: 3 0x000000008000007e (0xa001)
core   0: 3 0x000000008000007e (0xa001)
core   0: 3 0x000000008000007e (0xa001)
core   0: 3 0x000000008000007e (0xa001)
core   0: 3 0x000000008000007e (0xa001)
core   0: 3 0x000000008000007e (0xa001)
core   0: 3 0x000000008000007e (0xa001)
core   0: 3 0x000000008000007e (0xa001)
core   0: 3 0x000000008000007e (0xa001)
core   0: 3 0x000000008000007e (0xa001)
core   0: 3 0x000000008000007e (0xa001)
core   0: 3 0x000000008000007e (0xa001)
core   0: 3 0x000000008000007e (0xa001)
core   0: 3 0x000000008000007e (0xa001)
core   0: 3 0x000000008000007e (0xa001)
core   0: 3 0x000000008000007e (0xa001)
core   0: 3 0x000000008000007e (0xa001)
core   0: 3 0x000000008000007e (0xa001)
core   0: 3 0x000000008000007e (0xa001)
core   0: 3 0x000000008000007e (0xa001)
core   0: 3 0x000000008000007e (0xa001)
core   0: 3 0x000000008000007e (0xa001)
core   0: 3 0x000000008000007e (0xa001)
core   0: 3 0x000000008000007e (0xa001)
core   0: 3 0x000000008000007e (0xa001)
core   0: 3 0x000000008000007e (0xa001)
core   0: 3 0x000000008000007e (0xa001)
core   0: 3 0x000000008000007e (0xa001)
core   0: 3 0x000000008000007e (0xa001)
core   0: 3 0x000000008000007e (0xa001)
core   0: 3 0x000000008000007e (0xa001)
core   0: 3 0x000000008000007e (0xa001)
core   0: 3 0x000000008000007e (0xa001)
core   0: 3 0x000000008000007e (0xa001)
core   0: 3 0x000000008000007e (0xa001)
core   0: 3 0x000000008000007e (0xa001)
core   0: 3 0x000000008000007e (0xa001)
core   0: 3 0x000000008000007e (0xa001)
core   0: 3 0x000000008000007e (0xa001)
core   0: 3 0x000000008000007e (0xa001)
core   0: 3 0x000000008000007e (0xa001)
core   0: 3 0x000000008000007e (0xa001)
core   0: 3 0x000000008000007e (0xa001)
core   0: 3 0x000000008000007e (0xa001)
core   0: 3 0x000000008000007e (0xa001)
core   0: 3 0x000000008000007e (0xa001)
core   0: 3 0x000000008000007e (0xa001)
core   0: 3 0x000000008000007e (0xa001)
core   0: 3 0x000000008000007e (0xa001)
core   0: 3 0x000000008000007e (0xa001)
core   0: 3 0x000000008000007e (0xa001)
core   0: 3 0x000000008000007e (0xa001)
core   0: 3 0x000000008000007e (0xa001)
core   0: 3 0x000000008000007e (0xa001)
core   0: 3 0x000000008000007e (0xa001)
core   0: 3 0x000000008000007e (0xa001)
core   0: 3 0x000000008000007e (0xa001)
core   0: 3 0x000000008000007e (0xa001)
core   0: 3 0x000000008000007e (0xa001)
core   0: 3 0x000000008000007e (0xa001)
core   0: 3 0x000000008000007e (0xa001)
core   0: 3 0x000000008000007e (0xa001)
core   0: 3 0x000000008000007e (0xa001)
core   0: 3 0x000000008000007e (0xa001)
core   0: 3 0x000000008000007e (0xa001)
core   0: 3 0x000000008000007e (0xa001)
core   0: 3 0x000000008000007e (0xa001)
core   0: 3 0x000000008000007e (0xa001)
core   0: 3 0x000000008000007e (0xa001)
core   0: 3 0x000000008000007e (0xa001)
core   0: 3 0x000000008000007e (0xa001)
core   0: 3 0x000000008000007e (0xa001)
core   0: 3 0x000000008000007e (0xa001)
core   0: 3 0x000000008000007e (0xa001)
core   0: 3 0x000000008000007e (0xa001)
core   0: 3 0x000000008000007e (0xa001)
core   0: 3 0x000000008000007e (0xa001)
core   0: 3 0x000000008000007e (0xa001)
core   0: 3 0x000000008000007e (0xa001)
core   0: 3 0x000000008000007e (0xa001)
core   0: 3 0x000000008000007e (0xa001)
core   0: 3 0x000000008000007e (0xa001)
core   0: 3 0x000000008000007e (0xa001)
core   0: 3 0x000000008000007e (0xa001)
core   0: 3 0x000000008000007e (0xa001)
core   0: 3 0x000000008000007e (0xa001)
core   0: 3 0x000000008000007e (0xa001)
core   0: 3 0x000000008000007e (0xa001)
core   0: 3 0x000000008000007e (0xa001)
core   0: 3 0x000000008000007e (0xa001)
core   0: 3 0x000000008000007e (0xa001)
core   0: 3 0x000000008000007e (0xa001)
core   0: 3 0x000000008000007e (0xa001)
core   0: 3 0x000000008000007e (0xa001)
core   0: 3 0x000000008000007e (0xa001)
core   0: 3 0x000000008000007e (0xa001)
core   0: 3 0x000000008000007e (0xa001)
core   0: 3 0x000000008000007e (0xa001)
core   0: 3 0x000000008000007e (0xa001)
core   0: 3 0x000000008000007e (0xa001)
core   0: 3 0x000000008000007e (0xa001)
core   0: 3 0x000000008000007e (0xa001)
core   0: 3 0x000000008000007e (0xa001)
core   0: 3 0x000000008000007e (0xa001)
core   0: 3 0x000000008000007e (0xa001)
core   0: 3 0x000000008000007e (0xa001)
core   0: 3 0x000000008000007e (0xa001)
core   0: 3 0x000000008000007e (0xa001)
core   0: 3 0x000000008000007e (0xa001)
core   0: 3 0x000000008000007e (0xa001)
core   0: 3 0x000000008000007e (0xa001)
core   0: 3 0x000000008000007e (0xa001)
core   0: 3 0x000000008000007e (0xa001)
core   0: 3 0x000000008000007e (0xa001)
core   0: 3 0x000000008000007e (0xa001)
core   0: 3 0x000000008000007e (0xa001)
core   0: 3 0x000000008000007e (0xa001)
core   0: 3 0x000000008000007e (0xa001)
core   0: 3 0x000000008000007e (0xa001)
core   0: 3 0x000000008000007e (0xa001)
core   0: 3 0x000000008000007e (0xa001)
core   0: 3 0x000000008000007e (0xa001)
core   0: 3 0x000000008000007e (0xa001)
core   0: 3 0x000000008000007e (0xa001)
core   0: 3 0x000000008000007e (0xa001)
core   0: 3 0x000000008000007e (0xa001)
core   0: 3 0x000000008000007e (0xa001)
core   0: 3 0x000000008000007e (0xa001)
core   0: 3 0x000000008000007e (0xa001)
core   0: 3 0x000000008000007e (0xa001)
core   0: 3 0x000000008000007e (0xa001)
core   0: 3 0x000000008000007e (0xa001)
core   0: 3 0x000000008000007e (0xa001)
core   0: 3 0x000000008000007e (0xa001)
core   0: 3 0x000000008000007e (0xa001)
core   0: 3 0x000000008000007e (0xa001)
core   0: 3 0x000000008000007e (0xa001)
core   0: 3 0x000000008000007e (0xa001)
core   0: 3 0x000000008000007e (0xa001)
core   0: 3 0x000000008000007e (0xa001)
core   0: 3 0x000000008000007e (0xa001)
core   0: 3 0x000000008000007e (0xa001)
core   0: 3 0x000000008000007e (0xa001)
core   0: 3 0x000000008000007e (0xa001)
core   0: 3 0x000000008000007e (0xa001)
core   0: 3 0x000000008000007e (0xa001)
core   0: 3 0x000000008000007e (0xa001)
core   0: 3 0x000000008000007e (0xa001)
core   0: 3 0x000000008000007e (0xa001)
core   0: 3 0x000000008000007e (0xa001)
core   0: 3 0x000000008000007e (0xa001)
core   0: 3 0x000000008000007e (0xa001)
core   0: 3 0x000000008000007e (0xa001)
core   0: 3 0x000000008000007e (0xa001)
core   0: 3 0x000000008000007e (0xa001)
core   0: 3 0x000000008000007e (0xa001)
core   0: 3 0x000000008000007e (0xa001)
core   0: 3 0x000000008000007e (0xa001)
core   0: 3 0x000000008000007e (0xa001)
core   0: 3 0x000000008000007e (0xa001)
core   0: 3 0x000000008000007e (0xa001)
core   0: 3 0x000000008000007e (0xa001)
core   0: 3 0x000000008000007e (0xa001)
core   0: 3 0x000000008000007e (0xa001)
core   0: 3 0x000000008000007e (0xa001)
core   0: 3 0x000000008000007e (0xa001)
core   0: 3 0x000000008000007e (0xa001)
core   0: 3 0x000000008000007e (0xa001)
core   0: 3 0x000000008000007e (0xa001)
core   0: 3 0x000000008000007e (0xa001)
core   0: 3 0x000000008000007e (0xa001)
core   0: 3 0x000000008000007e (0xa001)
core   0: 3 0x000000008000007e (0xa001)
core   0: 3 0x000000008000007e (0xa001)
core   0: 3 0x000000008000007e (0xa001)
core   0: 3 0x000000008000007e (0xa001)
core   0: 3 0x000000008000007e (0xa001)
core   0: 3 0x000000008000007e (0xa001)
core   0: 3 0x000000008000007e (0xa001)
core   0: 3 0x000000008000007e (0xa001)
core   0: 3 0x000000008000007e (0xa001)
core   0: 3 0x000000008000007e (0xa001)
core   0: 3 0x000000008000007e (0xa001)
core   0: 3 0x000000008000007e (0xa001)
core   0: 3 0x000000008000007e (0xa001)
core   0: 3 0x000000008000007e (0xa001)
core   0: 3 0x000000008000007e (0xa001)
core   0: 3 0x000000008000007e (0xa001)
core   0: 3 0x000000008000007e (0xa001)
core   0: 3 0x000000008000007e (0xa001)
core   0: 3 0x000000008000007e (0xa001)
core   0: 3 0x000000008000007e (0xa001)
core   0: 3 0x000000008000007e (0xa001)
core   0: 3 0x000000008000007e (0xa001)
core   0: 3 0x000000008000007e (0xa001)
core   0: 3 0x000000008000007e (0xa001)
core   0: 3 0x000000008000007e (0xa001)
core   0: 3 0x000000008000007e (0xa001)
core   0: 3 0x000000008000007e (0xa001)
core   0: 3 0x000000008000007e (0xa001)
core   0: 3 0x000000008000007e (0xa001)
core   0: 3 0x000000008000007e (0xa001)
core   0: 3 0x000000008000007e (0xa001)
core   0: 3 0x000000008000007e (0xa001)
core   0: 3 0x000000008000007e (0xa001)
core   0: 3 0x000000008000007e (0xa001)
core   0: 3 0x000000008000007e (0xa001)
core   0: 3 0x000000008000007e (0xa001)
core   0: 3 0x000000008000007e (0xa001)
core   0: 3 0x000000008000007e (0xa001)
core   0: 3 0x000000008000007e (0xa001)
core   0: 3 0x000000008000007e (0xa001)
core   0: 3 0x000000008000007e (0xa001)
core   0: 3 0x000000008000007e (0xa001)
core   0: 3 0x000000008000007e (0xa001)
core   0: 3 0x000000008000007e (0xa001)
core   0: 3 0x000000008000007e (0xa001)
core   0: 3 0x000000008000007e (0xa001)
core   0: 3 0x000000008000007e (0xa001)
core   0: 3 0x000000008000007e (0xa001)
core   0: 3 0x000000008000007e (0xa001)
core   0: 3 0x000000008000007e (0xa001)
core   0: 3 0x000000008000007e (0xa001)
core   0: 3 0x000000008000007e (0xa001)
core   0: 3 0x000000008000007e (0xa001)
core   0: 3 0x000000008000007e (0xa001)
core   0: 3 0x000000008000007e (0xa001)
core   0: 3 0x000000008000007e (0xa001)
core   0: 3 0x000000008000007e (0xa001)
core   0: 3 0x000000008000007e (0xa001)
core   0: 3 0x000000008000007e (0xa001)
core   0: 3 0x000000008000007e (0xa001)
core   0: 3 0x000000008000007e (0xa001)
core   0: 3 0x000000008000007e (0xa001)
core   0: 3 0x000000008000007e (0xa001)
core   0: 3 0x000000008000007e (0xa001)
core   0: 3 0x000000008000007e (0xa001)
core   0: 3 0x000000008000007e (0xa001)
core   0: 3 0x000000008000007e (0xa001)
core   0: 3 0x000000008000007e (0xa001)
core   0: 3 0x000000008000007e (0xa001)
core   0: 3 0x000000008000007e (0xa001)
core   0: 3 0x000000008000007e (0xa001)
core   0: 3 0x000000008000007e (0xa001)
core   0: 3 0x000000008000007e (0xa001)
core   0: 3 0x000000008000007e (0xa001)
core   0: 3 0x000000008000007e (0xa001)
core   0: 3 0x000000008000007e (0xa001)
core   0: 3 0x000000008000007e (0xa001)
core   0: 3 0x000000008000007e (0xa001)
core   0: 3 0x000000008000007e (0xa001)
core   0: 3 0x000000008000007e (0xa001)
core   0: 3 0x000000008000007e (0xa001)
core   0: 3 0x000000008000007e (0xa001)
core   0: 3 0x000000008000007e (0xa001)
core   0: 3 0x000000008000007e (0xa001)
core   0: 3 0x000000008000007e (0xa001)
core   0: 3 0x000000008000007e (0xa001)
core   0: 3 0x000000008000007e (0xa001)
core   0: 3 0x000000008000007e (0xa001)
core   0: 3 0x000000008000007e (0xa001)
core   0: 3 0x000000008000007e (0xa001)
core   0: 3 0x000000008000007e (0xa001)
core   0: 3 0x000000008000007e (0xa001)
core   0: 3 0x000000008000007e (0xa001)
core   0: 3 0x000000008000007e (0xa001)
core   0: 3 0x000000008000007e (0xa001)
core   0: 3 0x000000008000007e (0xa001)
core   0: 3 0x000000008000007e (0xa001)
core   0: 3 0x000000008000007e (0xa001)
core   0: 3 0x000000008000007e (0xa001)
core   0: 3 0x000000008000007e (0xa001)
core   0: 3 0x000000008000007e (0xa001)
core   0: 3 0x000000008000007e (0xa001)
core   0: 3 0x000000008000007e (0xa001)
core   0: 3 0x000000008000007e (0xa001)
core   0: 3 0x000000008000007e (0xa001)
core   0: 3 0x000000008000007e (0xa001)
core   0: 3 0x000000008000007e (0xa001)
core   0: 3 0x000000008000007e (0xa001)
core   0: 3 0x000000008000007e (0xa001)
core   0: 3 0x000000008000007e (0xa001)
core   0: 3 0x000000008000007e (0xa001)
core   0: 3 0x000000008000007e (0xa001)
core   0: 3 0x000000008000007e (0xa001)
core   0: 3 0x000000008000007e (0xa001)
core   0: 3 0x000000008000007e (0xa001)
core   0: 3 0x000000008000007e (0xa001)
core   0: 3 0x000000008000007e (0xa001)
core   0: 3 0x000000008000007e (0xa001)
core   0: 3 0x000000008000007e (0xa001)
core   0: 3 0x000000008000007e (0xa001)
core   0: 3 0x000000008000007e (0xa001)
core   0: 3 0x000000008000007e (0xa001)
core   0: 3 0x000000008000007e (0xa001)
core   0: 3 0x000000008000007e (0xa001)
core   0: 3 0x000000008000007e (0xa001)
core   0: 3 0x000000008000007e (0xa001)
core   0: 3 0x000000008000007e (0xa001)
core   0: 3 0x000000008000007e (0xa001)
core   0: 3 0x000000008000007e (0xa001)
core   0: 3 0x000000008000007e (0xa001)
core   0: 3 0x000000008000007e (0xa001)
core   0: 3 0x000000008000007e (0xa001)
core   0: 3 0x000000008000007e (0xa001)
core   0: 3 0x000000008000007e (0xa001)
core   0: 3 0x000000008000007e (0xa001)
core   0: 3 0x000000008000007e (0xa001)
core   0: 3 0x000000008000007e (0xa001)
core   0: 3 0x000000008000007e (0xa001)
core   0: 3 0x000000008000007e (0xa001)
core   0: 3 0x000000008000007e (0xa001)
core   0: 3 0x000000008000007e (0xa001)
core   0: 3 0x000000008000007e (0xa001)
core   0: 3 0x000000008000007e (0xa001)
core   0: 3 0x000000008000007e (0xa001)
core   0: 3 0x000000008000007e (0xa001)
core   0: 3 0x000000008000007e (0xa001)
core   0: 3 0x000000008000007e (0xa001)
core   0: 3 0x000000008000007e (0xa001)
core   0: 3 0x000000008000007e (0xa001)
core   0: 3 0x000000008000007e (0xa001)
core   0: 3 0x000000008000007e (0xa001)
core   0: 3 0x000000008000007e (0xa001)
core   0: 3 0x000000008000007e (0xa001)
core   0: 3 0x000000008000007e (0xa001)
core   0: 3 0x000000008000007e (0xa001)
core   0: 3 0x000000008000007e (0xa001)
core   0: 3 0x000000008000007e (0xa001)
core   0: 3 0x000000008000007e (0xa001)
core   0: 3 0x000000008000007e (0xa001)
core   0: 3 0x000000008000007e (0xa001)
core   0: 3 0x000000008000007e (0xa001)
core   0: 3 0x000000008000007e (0xa001)
core   0: 3 0x000000008000007e (0xa001)
core   0: 3 0x000000008000007e (0xa001)
core   0: 3 0x000000008000007e (0xa001)
core   0: 3 0x000000008000007e (0xa001)
core   0: 3 0x000000008000007e (0xa001)
core   0: 3 0x000000008000007e (0xa001)
core   0: 3 0x000000008000007e (0xa001)
core   0: 3 0x000000008000007e (0xa001)
core   0: 3 0x000000008000007e (0xa001)
core   0: 3 0x000000008000007e (0xa001)
core   0: 3 0x000000008000007e (0xa001)
core   0: 3 0x000000008000007e (0xa001)
core   0: 3 0x000000008000007e (0xa001)
core   0: 3 0x000000008000007e (0xa001)
core   0: 3 0x000000008000007e (0xa001)
core   0: 3 0x000000008000007e (0xa001)
core   0: 3 0x000000008000007e (0xa001)
core   0: 3 0x000000008000007e (0xa001)
core   0: 3 0x000000008000007e (0xa001)
core   0: 3 0x000000008000007e (0xa001)
core   0: 3 0x000000008000007e (0xa001)
core   0: 3 0x000000008000007e (0xa001)
core   0: 3 0x000000008000007e (0xa001)
core   0: 3 0x000000008000007e (0xa001)
core   0: 3 0x000000008000007e (0xa001)
core   0: 3 0x000000008000007e (0xa001)
core   0: 3 0x000000008000007e (0xa001)
core   0: 3 0x000000008000007e (0xa001)
core   0: 3 0x000000008000007e (0xa001)
core   0: 3 0x000000008000007e (0xa001)
core   0: 3 0x000000008000007e (0xa001)
core   0: 3 0x000000008000007e (0xa001)
core   0: 3 0x000000008000007e (0xa001)
core   0: 3 0x000000008000007e (0xa001)
core   0: 3 0x000000008000007e (0xa001)
core   0: 3 0x000000008000007e (0xa001)
core   0: 3 0x000000008000007e (0xa001)
core   0: 3 0x000000008000007e (0xa001)
core   0: 3 0x000000008000007e (0xa001)
core   0: 3 0x000000008000007e (0xa001)
core   0: 3 0x000000008000007e (0xa001)
core   0: 3 0x000000008000007e (0xa001)
core   0: 3 0x000000008000007e (0xa001)
core   0: 3 0x000000008000007e (0xa001)
core   0: 3 0x000000008000007e (0xa001)
core   0: 3 0x000000008000007e (0xa001)
core   0: 3 0x000000008000007e (0xa001)
core   0: 3 0x000000008000007e (0xa001)
core   0: 3 0x000000008000007e (0xa001)
core   0: 3 0x000000008000007e (0xa001)
core   0: 3 0x000000008000007e (0xa001)
core   0: 3 0x000000008000007e (0xa001)
core   0: 3 0x000000008000007e (0xa001)
core   0: 3 0x000000008000007e (0xa001)
core   0: 3 0x000000008000007e (0xa001)
core   0: 3 0x000000008000007e (0xa001)
core   0: 3 0x000000008000007e (0xa001)
core   0: 3 0x000000008000007e (0xa001)
core   0: 3 0x000000008000007e (0xa001)
core   0: 3 0x000000008000007e (0xa001)
core   0: 3 0x000000008000007e (0xa001)
core   0: 3 0x000000008000007e (0xa001)
core   0: 3 0x000000008000007e (0xa001)
core   0: 3 0x000000008000007e (0xa001)
core   0: 3 0x000000008000007e (0xa001)
core   0: 3 0x000000008000007e (0xa001)
core   0: 3 0x000000008000007e (0xa001)
core   0: 3 0x000000008000007e (0xa001)
core   0: 3 0x000000008000007e (0xa001)
core   0: 3 0x000000008000007e (0xa001)
core   0: 3 0x000000008000007e (0xa001)
core   0: 3 0x000000008000007e (0xa001)
core   0: 3 0x000000008000007e (0xa001)
core   0: 3 0x000000008000007e (0xa001)
core   0: 3 0x000000008000007e (0xa001)
core   0: 3 0x000000008000007e (0xa001)
core   0: 3 0x000000008000007e (0xa001)
core   0: 3 0x000000008000007e (0xa001)
core   0: 3 0x000000008000007e (0xa001)
core   0: 3 0x000000008000007e (0xa001)
core   0: 3 0x000000008000007e (0xa001)
core   0: 3 0x000000008000007e (0xa001)
core   0: 3 0x000000008000007e (0xa001)
core   0: 3 0x000000008000007e (0xa001)
core   0: 3 0x000000008000007e (0xa001)
core   0: 3 0x000000008000007e (0xa001)
core   0: 3 0x000000008000007e (0xa001)
core   0: 3 0x000000008000007e (0xa001)
core   0: 3 0x000000008000007e (0xa001)
core   0: 3 0x000000008000007e (0xa001)
core   0: 3 0x000000008000007e (0xa001)
core   0: 3 0x000000008000007e (0xa001)
core   0: 3 0x000000008000007e (0xa001)
core   0: 3 0x000000008000007e (0xa001)
core   0: 3 0x000000008000007e (0xa001)
core   0: 3 0x000000008000007e (0xa001)
core   0: 3 0x000000008000007e (0xa001)
core   0: 3 0x000000008000007e (0xa001)
core   0: 3 0x000000008000007e (0xa001)
core   0: 3 0x000000008000007e (0xa001)
core   0: 3 0x000000008000007e (0xa001)
core   0: 3 0x000000008000007e (0xa001)
core   0: 3 0x000000008000007e (0xa001)
core   0: 3 0x000000008000007e (0xa001)
core   0: 3 0x000000008000007e (0xa001)
core   0: 3 0x000000008000007e (0xa001)
core   0: 3 0x000000008000007e (0xa001)
core   0: 3 0x000000008000007e (0xa001)
core   0: 3 0x000000008000007e (0xa001)
core   0: 3 0x000000008000007e (0xa001)
core   0: 3 0x000000008000007e (0xa001)
core   0: 3 0x000000008000007e (0xa001)
core   0: 3 0x000000008000007e (0xa001)
core   0: 3 0x000000008000007e (0xa001)
core   0: 3 0x000000008000007e (0xa001)
core   0: 3 0x000000008000007e (0xa001)
core   0: 3 0x000000008000007e (0xa001)
core   0: 3 0x000000008000007e (0xa001)
core   0: 3 0x000000008000007e (0xa001)
core   0: 3 0x000000008000007e (0xa001)
core   0: 3 0x000000008000007e (0xa001)
core   0: 3 0x000000008000007e (0xa001)
core   0: 3 0x000000008000007e (0xa001)
core   0: 3 0x000000008000007e (0xa001)
core   0: 3 0x000000008000007e (0xa001)
core   0: 3 0x000000008000007e (0xa001)
core   0: 3 0x000000008000007e (0xa001)
core   0: 3 0x000000008000007e (0xa001)
core   0: 3 0x000000008000007e (0xa001)
core   0: 3 0x000000008000007e (0xa001)
core   0: 3 0x000000008000007e (0xa001)
core   0: 3 0x000000008000007e (0xa001)
core   0: 3 0x000000008000007e (0xa001)
core   0: 3 0x000000008000007e (0xa001)
core   0: 3 0x000000008000007e (0xa001)
core   0: 3 0x000000008000007e (0xa001)
core   0: 3 0x000000008000007e (0xa001)
core   0: 3 0x000000008000007e (0xa001)
core   0: 3 0x000000008000007e (0xa001)
core   0: 3 0x000000008000007e (0xa001)
core   0: 3 0x000000008000007e (0xa001)
core   0: 3 0x000000008000007e (0xa001)
core   0: 3 0x000000008000007e (0xa001)
core   0: 3 0x000000008000007e (0xa001)
core   0: 3 0x000000008000007e (0xa001)
core   0: 3 0x000000008000007e (0xa001)
core   0: 3 0x000000008000007e (0xa001)
core   0: 3 0x000000008000007e (0xa001)
core   0: 3 0x000000008000007e (0xa001)
core   0: 3 0x000000008000007e (0xa001)
core   0: 3 0x000000008000007e (0xa001)
core   0: 3 0x000000008000007e (0xa001)
core   0: 3 0x000000008000007e (0xa001)
core   0: 3 0x000000008000007e (0xa001)
core   0: 3 0x000000008000007e (0xa001)
core   0: 3 0x000000008000007e (0xa001)
core   0: 3 0x000000008000007e (0xa001)
core   0: 3 0x000000008000007e (0xa001)
core   0: 3 0x000000008000007e (0xa001)
core   0: 3 0x000000008000007e (0xa001)
core   0: 3 0x000000008000007e (0xa001)
core   0: 3 0x000000008000007e (0xa001)
core   0: 3 0x000000008000007e (0xa001)
core   0: 3 0x000000008000007e (0xa001)
core   0: 3 0x000000008000007e (0xa001)
core   0: 3 0x000000008000007e (0xa001)
core   0: 3 0x000000008000007e (0xa001)
core   0: 3 0x000000008000007e (0xa001)
core   0: 3 0x000000008000007e (0xa001)
core   0: 3 0x000000008000007e (0xa001)
core   0: 3 0x000000008000007e (0xa001)
core   0: 3 0x000000008000007e (0xa001)
core   0: 3 0x000000008000007e (0xa001)
core   0: 3 0x000000008000007e (0xa001)
core   0: 3 0x000000008000007e (0xa001)
core   0: 3 0x000000008000007e (0xa001)
core   0: 3 0x000000008000007e (0xa001)
core   0: 3 0x000000008000007e (0xa001)
core   0: 3 0x000000008000007e (0xa001)
core   0: 3 0x000000008000007e (0xa001)
core   0: 3 0x000000008000007e (0xa001)
core   0: 3 0x000000008000007e (0xa001)
core   0: 3 0x000000008000007e (0xa001)
core   0: 3 0x000000008000007e (0xa001)
core   0: 3 0x000000008000007e (0xa001)
core   0: 3 0x000000008000007e (0xa001)
core   0: 3 0x000000008000007e (0xa001)
core   0: 3 0x000000008000007e (0xa001)
core   0: 3 0x000000008000007e (0xa001)
core   0: 3 0x000000008000007e (0xa001)
core   0: 3 0x000000008000007e (0xa001)
core   0: 3 0x000000008000007e (0xa001)
core   0: 3 0x000000008000007e (0xa001)
core   0: 3 0x000000008000007e (0xa001)
core   0: 3 0x000000008000007e (0xa001)
core   0: 3 0x000000008000007e (0xa001)
core   0: 3 0x000000008000007e (0xa001)
core   0: 3 0x000000008000007e (0xa001)
core   0: 3 0x000000008000007e (0xa001)
core   0: 3 0x000000008000007e (0xa001)
core   0: 3 0x000000008000007e (0xa001)
core   0: 3 0x000000008000007e (0xa001)
core   0: 3 0x000000008000007e (0xa001)
core   0: 3 0x000000008000007e (0xa001)
core   0: 3 0x000000008000007e (0xa001)
core   0: 3 0x000000008000007e (0xa001)
core   0: 3 0x000000008000007e (0xa001)
core   0: 3 0x000000008000007e (0xa001)
core   0: 3 0x000000008000007e (0xa001)
core   0: 3 0x000000008000007e (0xa001)
core   0: 3 0x000000008000007e (0xa001)
core   0: 3 0x000000008000007e (0xa001)
core   0: 3 0x000000008000007e (0xa001)
core   0: 3 0x000000008000007e (0xa001)
core   0: 3 0x000000008000007e (0xa001)
core   0: 3 0x000000008000007e (0xa001)
core   0: 3 0x000000008000007e (0xa001)
core   0: 3 0x000000008000007e (0xa001)
core   0: 3 0x000000008000007e (0xa001)
core   0: 3 0x000000008000007e (0xa001)
core   0: 3 0x000000008000007e (0xa001)
core   0: 3 0x000000008000007e (0xa001)
core   0: 3 0x000000008000007e (0xa001)
core   0: 3 0x000000008000007e (0xa001)
core   0: 3 0x000000008000007e (0xa001)
core   0: 3 0x000000008000007e (0xa001)
core   0: 3 0x000000008000007e (0xa001)
core   0: 3 0x000000008000007e (0xa001)
core   0: 3 0x000000008000007e (0xa001)
core   0: 3 0x000000008000007e (0xa001)
core   0: 3 0x000000008000007e (0xa001)
core   0: 3 0x000000008000007e (0xa001)
core   0: 3 0x000000008000007e (0xa001)
core   0: 3 0x000000008000007e (0xa001)
core   0: 3 0x000000008000007e (0xa001)
core   0: 3 0x000000008000007e (0xa001)
core   0: 3 0x000000008000007e (0xa001)
core   0: 3 0x000000008000007e (0xa001)
core   0: 3 0x000000008000007e (0xa001)
core   0: 3 0x000000008000007e (0xa001)
core   0: 3 0x000000008000007e (0xa001)
core   0: 3 0x000000008000007e (0xa001)
core   0: 3 0x000000008000007e (0xa001)
core   0: 3 0x000000008000007e (0xa001)
core   0: 3 0x000000008000007e (0xa001)
core   0: 3 0x000000008000007e (0xa001)
core   0: 3 0x000000008000007e (0xa001)
core   0: 3 0x000000008000007e (0xa001)
core   0: 3 0x000000008000007e (0xa001)
core   0: 3 0x000000008000007e (0xa001)
core   0: 3 0x000000008000007e (0xa001)
core   0: 3 0x000000008000007e (0xa001)
core   0: 3 0x000000008000007e (0xa001)
core   0: 3 0x000000008000007e (0xa001)
core   0: 3 0x000000008000007e (0xa001)
core   0: 3 0x000000008000007e (0xa001)
core   0: 3 0x000000008000007e (0xa001)
core   0: 3 0x000000008000007e (0xa001)
core   0: 3 0x000000008000007e (0xa001)
core   0: 3 0x000000008000007e (0xa001)
core   0: 3 0x000000008000007e (0xa001)
core   0: 3 0x000000008000007e (0xa001)
core   0: 3 0x000000008000007e (0xa001)
core   0: 3 0x000000008000007e (0xa001)
core   0: 3 0x000000008000007e (0xa001)
core   0: 3 0x000000008000007e (0xa001)
core   0: 3 0x000000008000007e (0xa001)
core   0: 3 0x000000008000007e (0xa001)
core   0: 3 0x000000008000007e (0xa001)
core   0: 3 0x000000008000007e (0xa001)
core   0: 3 0x000000008000007e (0xa001)
core   0: 3 0x000000008000007e (0xa001)
core   0: 3 0x000000008000007e (0xa001)
core   0: 3 0x000000008000007e (0xa001)
core   0: 3 0x000000008000007e (0xa001)
core   0: 3 0x000000008000007e (0xa001)
core   0: 3 0x000000008000007e (0xa001)
core   0: 3 0x000000008000007e (0xa001)
core   0: 3 0x000000008000007e (0xa001)
core   0: 3 0x000000008000007e (0xa001)
core   0: 3 0x000000008000007e (0xa001)
core   0: 3 0x000000008000007e (0xa001)
core   0: 3 0x000000008000007e (0xa001)
core   0: 3 0x000000008000007e (0xa001)
core   0: 3 0x000000008000007e (0xa001)
core   0: 3 0x000000008000007e (0xa001)
core   0: 3 0x000000008000007e (0xa001)
core   0: 3 0x000000008000007e (0xa001)
core   0: 3 0x000000008000007e (0xa001)
core   0: 3 0x000000008000007e (0xa001)
core   0: 3 0x000000008000007e (0xa001)
core   0: 3 0x000000008000007e (0xa001)
core   0: 3 0x000000008000007e (0xa001)
core   0: 3 0x000000008000007e (0xa001)
core   0: 3 0x000000008000007e (0xa001)
core   0: 3 0x000000008000007e (0xa001)
core   0: 3 0x000000008000007e (0xa001)
core   0: 3 0x000000008000007e (0xa001)
core   0: 3 0x000000008000007e (0xa001)
core   0: 3 0x000000008000007e (0xa001)
core   0: 3 0x000000008000007e (0xa001)
core   0: 3 0x000000008000007e (0xa001)
core   0: 3 0x000000008000007e (0xa001)
core   0: 3 0x000000008000007e (0xa001)
core   0: 3 0x000000008000007e (0xa001)
core   0: 3 0x000000008000007e (0xa001)
core   0: 3 0x000000008000007e (0xa001)
core   0: 3 0x000000008000007e (0xa001)
core   0: 3 0x000000008000007e (0xa001)
core   0: 3 0x000000008000007e (0xa001)
core   0: 3 0x000000008000007e (0xa001)
core   0: 3 0x000000008000007e (0xa001)
core   0: 3 0x000000008000007e (0xa001)
core   0: 3 0x000000008000007e (0xa001)
core   0: 3 0x000000008000007e (0xa001)
core   0: 3 0x000000008000007e (0xa001)
core   0: 3 0x000000008000007e (0xa001)
core   0: 3 0x000000008000007e (0xa001)
core   0: 3 0x000000008000007e (0xa001)
core   0: 3 0x000000008000007e (0xa001)
core   0: 3 0x000000008000007e (0xa001)
core   0: 3 0x000000008000007e (0xa001)
core   0: 3 0x000000008000007e (0xa001)
core   0: 3 0x000000008000007e (0xa001)
core   0: 3 0x000000008000007e (0xa001)
core   0: 3 0x000000008000007e (0xa001)
core   0: 3 0x000000008000007e (0xa001)
core   0: 3 0x000000008000007e (0xa001)
core   0: 3 0x000000008000007e (0xa001)
core   0: 3 0x000000008000007e (0xa001)
core   0: 3 0x000000008000007e (0xa001)
core   0: 3 0x000000008000007e (0xa001)
core   0: 3 0x000000008000007e (0xa001)
core   0: 3 0x000000008000007e (0xa001)
core   0: 3 0x000000008000007e (0xa001)
core   0: 3 0x000000008000007e (0xa001)
core   0: 3 0x000000008000007e (0xa001)
core   0: 3 0x000000008000007e (0xa001)
core   0: 3 0x000000008000007e (0xa001)
core   0: 3 0x000000008000007e (0xa001)
core   0: 3 0x000000008000007e (0xa001)
core   0: 3 0x000000008000007e (0xa001)
core   0: 3 0x000000008000007e (0xa001)
core   0: 3 0x000000008000007e (0xa001)
core   0: 3 0x000000008000007e (0xa001)
core   0: 3 0x000000008000007e (0xa001)
core   0: 3 0x000000008000007e (0xa001)
core   0: 3 0x000000008000007e (0xa001)
core   0: 3 0x000000008000007e (0xa001)
core   0: 3 0x000000008000007e (0xa001)
core   0: 3 0x000000008000007e (0xa001)
core   0: 3 0x000000008000007e (0xa001)
core   0: 3 0x000000008000007e (0xa001)
core   0: 3 0x000000008000007e (0xa001)
core   0: 3 0x000000008000007e (0xa001)
core   0: 3 0x000000008000007e (0xa001)
core   0: 3 0x000000008000007e (0xa001)
core   0: 3 0x000000008000007e (0xa001)
core   0: 3 0x000000008000007e (0xa001)
core   0: 3 0x000000008000007e (0xa001)
core   0: 3 0x000000008000007e (0xa001)
core   0: 3 0x000000008000007e (0xa001)
core   0: 3 0x000000008000007e (0xa001)
core   0: 3 0x000000008000007e (0xa001)
core   0: 3 0x000000008000007e (0xa001)
core   0: 3 0x000000008000007e (0xa001)
core   0: 3 0x000000008000007e (0xa001)
core   0: 3 0x000000008000007e (0xa001)
core   0: 3 0x000000008000007e (0xa001)
core   0: 3 0x000000008000007e (0xa001)
core   0: 3 0x000000008000007e (0xa001)
core   0: 3 0x000000008000007e (0xa001)
core   0: 3 0x000000008000007e (0xa001)
core   0: 3 0x000000008000007e (0xa001)
core   0: 3 0x000000008000007e (0xa001)
core   0: 3 0x000000008000007e (0xa001)
core   0: 3 0x000000008000007e (0xa001)
core   0: 3 0x000000008000007e (0xa001)
core   0: 3 0x000000008000007e (0xa001)
core   0: 3 0x000000008000007e (0xa001)
core   0: 3 0x000000008000007e (0xa001)
core   0: 3 0x000000008000007e (0xa001)
core   0: 3 0x000000008000007e (0xa001)
core   0: 3 0x000000008000007e (0xa001)
core   0: 3 0x000000008000007e (0xa001)
core   0: 3 0x000000008000007e (0xa001)
core   0: 3 0x000000008000007e (0xa001)
core   0: 3 0x000000008000007e (0xa001)
core   0: 3 0x000000008000007e (0xa001)
core   0: 3 0x000000008000007e (0xa001)
core   0: 3 0x000000008000007e (0xa001)
core   0: 3 0x000000008000007e (0xa001)
core   0: 3 0x000000008000007e (0xa001)
core   0: 3 0x000000008000007e (0xa001)
core   0: 3 0x000000008000007e (0xa001)
core   0: 3 0x000000008000007e (0xa001)
core   0: 3 0x000000008000007e (0xa001)
core   0: 3 0x000000008000007e (0xa001)
core   0: 3 0x000000008000007e (0xa001)
core   0: 3 0x000000008000007e (0xa001)
core   0: 3 0x000000008000007e (0xa001)
core   0: 3 0x000000008000007e (0xa001)
core   0: 3 0x000000008000007e (0xa001)
core   0: 3 0x000000008000007e (0xa001)
core   0: 3 0x000000008000007e (0xa001)
core   0: 3 0x000000008000007e (0xa001)
core   0: 3 0x000000008000007e (0xa001)
core   0: 3 0x000000008000007e (0xa001)
core   0: 3 0x000000008000007e (0xa001)
core   0: 3 0x000000008000007e (0xa001)
core   0: 3 0x000000008000007e (0xa001)
core   0: 3 0x000000008000007e (0xa001)
core   0: 3 0x000000008000007e (0xa001)
core   0: 3 0x000000008000007e (0xa001)
core   0: 3 0x000000008000007e (0xa001)
core   0: 3 0x000000008000007e (0xa001)
core   0: 3 0x000000008000007e (0xa001)
core   0: 3 0x000000008000007e (0xa001)
core   0: 3 0x000000008000007e (0xa001)
core   0: 3 0x000000008000007e (0xa001)
core   0: 3 0x000000008000007e (0xa001)
core   0: 3 0x000000008000007e (0xa001)
core   0: 3 0x000000008000007e (0xa001)
core   0: 3 0x000000008000007e (0xa001)
core   0: 3 0x000000008000007e (0xa001)
core   0: 3 0x000000008000007e (0xa001)
core   0: 3 0x000000008000007e (0xa001)
core   0: 3 0x000000008000007e (0xa001)
core   0: 3 0x000000008000007e (0xa001)
core   0: 3 0x000000008000007e (0xa001)
core   0: 3 0x000000008000007e (0xa001)
core   0: 3 0x000000008000007e (0xa001)
core   0: 3 0x000000008000007e (0xa001)
core   0: 3 0x000000008000007e (0xa001)
core   0: 3 0x000000008000007e (0xa001)
core   0: 3 0x000000008000007e (0xa001)
core   0: 3 0x000000008000007e (0xa001)
core   0: 3 0x000000008000007e (0xa001)
core   0: 3 0x000000008000007e (0xa001)
core   0: 3 0x000000008000007e (0xa001)
core   0: 3 0x000000008000007e (0xa001)
core   0: 3 0x000000008000007e (0xa001)
core   0: 3 0x000000008000007e (0xa001)
core   0: 3 0x000000008000007e (0xa001)
core   0: 3 0x000000008000007e (0xa001)
core   0: 3 0x000000008000007e (0xa001)
core   0: 3 0x000000008000007e (0xa001)
core   0: 3 0x000000008000007e (0xa001)
core   0: 3 0x000000008000007e (0xa001)
core   0: 3 0x000000008000007e (0xa001)
core   0: 3 0x000000008000007e (0xa001)
core   0: 3 0x000000008000007e (0xa001)
core   0: 3 0x000000008000007e (0xa001)
core   0: 3 0x000000008000007e (0xa001)
core   0: 3 0x000000008000007e (0xa001)
core   0: 3 0x000000008000007e (0xa001)
core   0: 3 0x000000008000007e (0xa001)
core   0: 3 0x000000008000007e (0xa001)
core   0: 3 0x000000008000007e (0xa001)
core   0: 3 0x000000008000007e (0xa001)
core   0: 3 0x000000008000007e (0xa001)
core   0: 3 0x000000008000007e (0xa001)
core   0: 3 0x000000008000007e (0xa001)
core   0: 3 0x000000008000007e (0xa001)
core   0: 3 0x000000008000007e (0xa001)
core   0: 3 0x000000008000007e (0xa001)
core   0: 3 0x000000008000007e (0xa001)
core   0: 3 0x000000008000007e (0xa001)
core   0: 3 0x000000008000007e (0xa001)
core   0: 3 0x000000008000007e (0xa001)
core   0: 3 0x000000008000007e (0xa001)
core   0: 3 0x000000008000007e (0xa001)
core   0: 3 0x000000008000007e (0xa001)
core   0: 3 0x000000008000007e (0xa001)
core   0: 3 0x000000008000007e (0xa001)
core   0: 3 0x000000008000007e (0xa001)
core   0: 3 0x000000008000007e (0xa001)
core   0: 3 0x000000008000007e (0xa001)
core   0: 3 0x000000008000007e (0xa001)
core   0: 3 0x000000008000007e (0xa001)
core   0: 3 0x000000008000007e (0xa001)
core   0: 3 0x000000008000007e (0xa001)
core   0: 3 0x000000008000007e (0xa001)
core   0: 3 0x000000008000007e (0xa001)
core   0: 3 0x000000008000007e (0xa001)
core   0: 3 0x000000008000007e (0xa001)
core   0: 3 0x000000008000007e (0xa001)
core   0: 3 0x000000008000007e (0xa001)
core   0: 3 0x000000008000007e (0xa001)
core   0: 3 0x000000008000007e (0xa001)
core   0: 3 0x000000008000007e (0xa001)
core   0: 3 0x000000008000007e (0xa001)
core   0: 3 0x000000008000007e (0xa001)
core   0: 3 0x000000008000007e (0xa001)
core   0: 3 0x000000008000007e (0xa001)
core   0: 3 0x000000008000007e (0xa001)
core   0: 3 0x000000008000007e (0xa001)
core   0: 3 0x000000008000007e (0xa001)
core   0: 3 0x000000008000007e (0xa001)
core   0: 3 0x000000008000007e (0xa001)
core   0: 3 0x000000008000007e (0xa001)
core   0: 3 0x000000008000007e (0xa001)
core   0: 3 0x000000008000007e (0xa001)
core   0: 3 0x000000008000007e (0xa001)
core   0: 3 0x000000008000007e (0xa001)
core   0: 3 0x000000008000007e (0xa001)
core   0: 3 0x000000008000007e (0xa001)
core   0: 3 0x000000008000007e (0xa001)
core   0: 3 0x000000008000007e (0xa001)
core   0: 3 0x000000008000007e (0xa001)
core   0: 3 0x000000008000007e (0xa001)
core   0: 3 0x000000008000007e (0xa001)
core   0: 3 0x000000008000007e (0xa001)
core   0: 3 0x000000008000007e (0xa001)
core   0: 3 0x000000008000007e (0xa001)
core   0: 3 0x000000008000007e (0xa001)
core   0: 3 0x000000008000007e (0xa001)
core   0: 3 0x000000008000007e (0xa001)
core   0: 3 0x000000008000007e (0xa001)
core   0: 3 0x000000008000007e (0xa001)
core   0: 3 0x000000008000007e (0xa001)
core   0: 3 0x000000008000007e (0xa001)
core   0: 3 0x000000008000007e (0xa001)
core   0: 3 0x000000008000007e (0xa001)
core   0: 3 0x000000008000007e (0xa001)
core   0: 3 0x000000008000007e (0xa001)
core   0: 3 0x000000008000007e (0xa001)
core   0: 3 0x000000008000007e (0xa001)
core   0: 3 0x000000008000007e (0xa001)
core   0: 3 0x000000008000007e (0xa001)
core   0: 3 0x000000008000007e (0xa001)
core   0: 3 0x000000008000007e (0xa001)
core   0: 3 0x000000008000007e (0xa001)
core   0: 3 0x000000008000007e (0xa001)
core   0: 3 0x000000008000007e (0xa001)
core   0: 3 0x000000008000007e (0xa001)
core   0: 3 0x000000008000007e (0xa001)
core   0: 3 0x000000008000007e (0xa001)
core   0: 3 0x000000008000007e (0xa001)
core   0: 3 0x000000008000007e (0xa001)
core   0: 3 0x000000008000007e (0xa001)
core   0: 3 0x000000008000007e (0xa001)
core   0: 3 0x000000008000007e (0xa001)
core   0: 3 0x000000008000007e (0xa001)
core   0: 3 0x000000008000007e (0xa001)
core   0: 3 0x000000008000007e (0xa001)
core   0: 3 0x000000008000007e (0xa001)
core   0: 3 0x000000008000007e (0xa001)
core   0: 3 0x000000008000007e (0xa001)
core   0: 3 0x000000008000007e (0xa001)
core   0: 3 0x000000008000007e (0xa001)
core   0: 3 0x000000008000007e (0xa001)
core   0: 3 0x000000008000007e (0xa001)
core   0: 3 0x000000008000007e (0xa001)
core   0: 3 0x000000008000007e (0xa001)
core   0: 3 0x000000008000007e (0xa001)
core   0: 3 0x000000008000007e (0xa001)
core   0: 3 0x000000008000007e (0xa001)
core   0: 3 0x000000008000007e (0xa001)
core   0: 3 0x000000008000007e (0xa001)
core   0: 3 0x000000008000007e (0xa001)
core   0: 3 0x000000008000007e (0xa001)
core   0: 3 0x000000008000007e (0xa001)
core   0: 3 0x000000008000007e (0xa001)
core   0: 3 0x000000008000007e (0xa001)
core   0: 3 0x000000008000007e (0xa001)
core   0: 3 0x000000008000007e (0xa001)
core   0: 3 0x000000008000007e (0xa001)
core   0: 3 0x000000008000007e (0xa001)
core   0: 3 0x000000008000007e (0xa001)
core   0: 3 0x000000008000007e (0xa001)
core   0: 3 0x000000008000007e (0xa001)
core   0: 3 0x000000008000007e (0xa001)
core   0: 3 0x000000008000007e (0xa001)
core   0: 3 0x000000008000007e (0xa001)
core   0: 3 0x000000008000007e (0xa001)
core   0: 3 0x000000008000007e (0xa001)
core   0: 3 0x000000008000007e (0xa001)
core   0: 3 0x000000008000007e (0xa001)
core   0: 3 0x000000008000007e (0xa001)
core   0: 3 0x000000008000007e (0xa001)
core   0: 3 0x000000008000007e (0xa001)
core   0: 3 0x000000008000007e (0xa001)
core   0: 3 0x000000008000007e (0xa001)
core   0: 3 0x000000008000007e (0xa001)
core   0: 3 0x000000008000007e (0xa001)
core   0: 3 0x000000008000007e (0xa001)
core   0: 3 0x000000008000007e (0xa001)
core   0: 3 0x000000008000007e (0xa001)
core   0: 3 0x000000008000007e (0xa001)
core   0: 3 0x000000008000007e (0xa001)
core   0: 3 0x000000008000007e (0xa001)
core   0: 3 0x000000008000007e (0xa001)
core   0: 3 0x000000008000007e (0xa001)
core   0: 3 0x000000008000007e (0xa001)
core   0: 3 0x000000008000007e (0xa001)
core   0: 3 0x000000008000007e (0xa001)
core   0: 3 0x000000008000007e (0xa001)
core   0: 3 0x000000008000007e (0xa001)
core   0: 3 0x000000008000007e (0xa001)
core   0: 3 0x000000008000007e (0xa001)
core   0: 3 0x000000008000007e (0xa001)
core   0: 3 0x000000008000007e (0xa001)
core   0: 3 0x000000008000007e (0xa001)
core   0: 3 0x000000008000007e (0xa001)
core   0: 3 0x000000008000007e (0xa001)
core   0: 3 0x000000008000007e (0xa001)
core   0: 3 0x000000008000007e (0xa001)
core   0: 3 0x000000008000007e (0xa001)
core   0: 3 0x000000008000007e (0xa001)
core   0: 3 0x000000008000007e (0xa001)
core   0: 3 0x000000008000007e (0xa001)
core   0: 3 0x000000008000007e (0xa001)
core   0: 3 0x000000008000007e (0xa001)
core   0: 3 0x000000008000007e (0xa001)
core   0: 3 0x000000008000007e (0xa001)
core   0: 3 0x000000008000007e (0xa001)
core   0: 3 0x000000008000007e (0xa001)
core   0: 3 0x000000008000007e (0xa001)
core   0: 3 0x000000008000007e (0xa001)
core   0: 3 0x000000008000007e (0xa001)
core   0: 3 0x000000008000007e (0xa001)
core   0: 3 0x000000008000007e (0xa001)
core   0: 3 0x000000008000007e (0xa001)
core   0: 3 0x000000008000007e (0xa001)
core   0: 3 0x000000008000007e (0xa001)
core   0: 3 0x000000008000007e (0xa001)
core   0: 3 0x000000008000007e (0xa001)
core   0: 3 0x000000008000007e (0xa001)
core   0: 3 0x000000008000007e (0xa001)
core   0: 3 0x000000008000007e (0xa001)
core   0: 3 0x000000008000007e (0xa001)
core   0: 3 0x000000008000007e (0xa001)
core   0: 3 0x000000008000007e (0xa001)
core   0: 3 0x000000008000007e (0xa001)
core   0: 3 0x000000008000007e (0xa001)
core   0: 3 0x000000008000007e (0xa001)
core   0: 3 0x000000008000007e (0xa001)
core   0: 3 0x000000008000007e (0xa001)
core   0: 3 0x000000008000007e (0xa001)
core   0: 3 0x000000008000007e (0xa001)
core   0: 3 0x000000008000007e (0xa001)
core   0: 3 0x000000008000007e (0xa001)
core   0: 3 0x000000008000007e (0xa001)
core   0: 3 0x000000008000007e (0xa001)
core   0: 3 0x000000008000007e (0xa001)
core   0: 3 0x000000008000007e (0xa001)
core   0: 3 0x000000008000007e (0xa001)
core   0: 3 0x000000008000007e (0xa001)
core   0: 3 0x000000008000007e (0xa001)
core   0: 3 0x000000008000007e (0xa001)
core   0: 3 0x000000008000007e (0xa001)
core   0: 3 0x000000008000007e (0xa001)
core   0: 3 0x000000008000007e (0xa001)
core   0: 3 0x000000008000007e (0xa001)
core   0: 3 0x000000008000007e (0xa001)
core   0: 3 0x000000008000007e (0xa001)
core   0: 3 0x000000008000007e (0xa001)
core   0: 3 0x000000008000007e (0xa001)
core   0: 3 0x000000008000007e (0xa001)
core   0: 3 0x000000008000007e (0xa001)
core   0: 3 0x000000008000007e (0xa001)
core   0: 3 0x000000008000007e (0xa001)
core   0: 3 0x000000008000007e (0xa001)
core   0: 3 0x000000008000007e (0xa001)
core   0: 3 0x000000008000007e (0xa001)
core   0: 3 0x000000008000007e (0xa001)
core   0: 3 0x000000008000007e (0xa001)
core   0: 3 0x000000008000007e (0xa001)
core   0: 3 0x000000008000007e (0xa001)
core   0: 3 0x000000008000007e (0xa001)
core   0: 3 0x000000008000007e (0xa001)
core   0: 3 0x000000008000007e (0xa001)
core   0: 3 0x000000008000007e (0xa001)
core   0: 3 0x000000008000007e (0xa001)
core   0: 3 0x000000008000007e (0xa001)
core   0: 3 0x000000008000007e (0xa001)
core   0: 3 0x000000008000007e (0xa001)
core   0: 3 0x000000008000007e (0xa001)
core   0: 3 0x000000008000007e (0xa001)
core   0: 3 0x000000008000007e (0xa001)
core   0: 3 0x000000008000007e (0xa001)
core   0: 3 0x000000008000007e (0xa001)
core   0: 3 0x000000008000007e (0xa001)
core   0: 3 0x000000008000007e (0xa001)
core   0: 3 0x000000008000007e (0xa001)
core   0: 3 0x000000008000007e (0xa001)
core   0: 3 0x000000008000007e (0xa001)
core   0: 3 0x000000008000007e (0xa001)
core   0: 3 0x000000008000007e (0xa001)
core   0: 3 0x000000008000007e (0xa001)
core   0: 3 0x000000008000007e (0xa001)
core   0: 3 0x000000008000007e (0xa001)
core   0: 3 0x000000008000007e (0xa001)
core   0: 3 0x000000008000007e (0xa001)
core   0: 3 0x000000008000007e (0xa001)
core   0: 3 0x000000008000007e (0xa001)
core   0: 3 0x000000008000007e (0xa001)
core   0: 3 0x000000008000007e (0xa001)
core   0: 3 0x000000008000007e (0xa001)
core   0: 3 0x000000008000007e (0xa001)
core   0: 3 0x000000008000007e (0xa001)
core   0: 3 0x000000008000007e (0xa001)
core   0: 3 0x000000008000007e (0xa001)
core   0: 3 0x000000008000007e (0xa001)
core   0: 3 0x000000008000007e (0xa001)
core   0: 3 0x000000008000007e (0xa001)
core   0: 3 0x000000008000007e (0xa001)
core   0: 3 0x000000008000007e (0xa001)
core   0: 3 0x000000008000007e (0xa001)
core   0: 3 0x000000008000007e (0xa001)
core   0: 3 0x000000008000007e (0xa001)
core   0: 3 0x000000008000007e (0xa001)
core   0: 3 0x000000008000007e (0xa001)
core   0: 3 0x000000008000007e (0xa001)
core   0: 3 0x000000008000007e (0xa001)
core   0: 3 0x000000008000007e (0xa001)
core   0: 3 0x000000008000007e (0xa001)
core   0: 3 0x000000008000007e (0xa001)
core   0: 3 0x000000008000007e (0xa001)
core   0: 3 0x000000008000007e (0xa001)
core   0: 3 0x000000008000007e (0xa001)
core   0: 3 0x000000008000007e (0xa001)
core   0: 3 0x000000008000007e (0xa001)
core   0: 3 0x000000008000007e (0xa001)
core   0: 3 0x000000008000007e (0xa001)
core   0: 3 0x000000008000007e (0xa001)
core   0: 3 0x000000008000007e (0xa001)
core   0: 3 0x000000008000007e (0xa001)
core   0: 3 0x000000008000007e (0xa001)
core   0: 3 0x000000008000007e (0xa001)
core   0: 3 0x000000008000007e (0xa001)
core   0: 3 0x000000008000007e (0xa001)
core   0: 3 0x000000008000007e (0xa001)
core   0: 3 0x000000008000007e (0xa001)
core   0: 3 0x000000008000007e (0xa001)
core   0: 3 0x000000008000007e (0xa001)
core   0: 3 0x000000008000007e (0xa001)
core   0: 3 0x000000008000007e (0xa001)
core   0: 3 0x000000008000007e (0xa001)
core   0: 3 0x000000008000007e (0xa001)
core   0: 3 0x000000008000007e (0xa001)
core   0: 3 0x000000008000007e (0xa001)
core   0: 3 0x000000008000007e (0xa001)
core   0: 3 0x000000008000007e (0xa001)
core   0: 3 0x000000008000007e (0xa001)
core   0: 3 0x000000008000007e (0xa001)
core   0: 3 0x000000008000007e (0xa001)
core   0: 3 0x000000008000007e (0xa001)
core   0: 3 0x000000008000007e (0xa001)
core   0: 3 0x000000008000007e (0xa001)
core   0: 3 0x000000008000007e (0xa001)
core   0: 3 0x000000008000007e (0xa001)
core   0: 3 0x000000008000007e (0xa001)
core   0: 3 0x000000008000007e (0xa001)
core   0: 3 0x000000008000007e (0xa001)
core   0: 3 0x000000008000007e (0xa001)
core   0: 3 0x000000008000007e (0xa001)
core   0: 3 0x000000008000007e (0xa001)
core   0: 3 0x000000008000007e (0xa001)
core   0: 3 0x000000008000007e (0xa001)
core   0: 3 0x000000008000007e (0xa001)
core   0: 3 0x000000008000007e (0xa001)
core   0: 3 0x000000008000007e (0xa001)
core   0: 3 0x000000008000007e (0xa001)
core   0: 3 0x000000008000007e (0xa001)
core   0: 3 0x000000008000007e (0xa001)
core   0: 3 0x000000008000007e (0xa001)
core   0: 3 0x000000008000007e (0xa001)
core   0: 3 0x000000008000007e (0xa001)
core   0: 3 0x000000008000007e (0xa001)
core   0: 3 0x000000008000007e (0xa001)
core   0: 3 0x000000008000007e (0xa001)
core   0: 3 0x000000008000007e (0xa001)
core   0: 3 0x000000008000007e (0xa001)
core   0: 3 0x000000008000007e (0xa001)
core   0: 3 0x000000008000007e (0xa001)
core   0: 3 0x000000008000007e (0xa001)
core   0: 3 0x000000008000007e (0xa001)
core   0: 3 0x000000008000007e (0xa001)
core   0: 3 0x000000008000007e (0xa001)
core   0: 3 0x000000008000007e (0xa001)
core   0: 3 0x000000008000007e (0xa001)
core   0: 3 0x000000008000007e (0xa001)
core   0: 3 0x000000008000007e (0xa001)
core   0: 3 0x000000008000007e (0xa001)
core   0: 3 0x000000008000007e (0xa001)
core   0: 3 0x000000008000007e (0xa001)
core   0: 3 0x000000008000007e (0xa001)
core   0: 3 0x000000008000007e (0xa001)
core   0: 3 0x000000008000007e (0xa001)
core   0: 3 0x000000008000007e (0xa001)
core   0: 3 0x000000008000007e (0xa001)
core   0: 3 0x000000008000007e (0xa001)
core   0: 3 0x000000008000007e (0xa001)
core   0: 3 0x000000008000007e (0xa001)
core   0: 3 0x000000008000007e (0xa001)
core   0: 3 0x000000008000007e (0xa001)
core   0: 3 0x000000008000007e (0xa001)
core   0: 3 0x000000008000007e (0xa001)
core   0: 3 0x000000008000007e (0xa001)
core   0: 3 0x000000008000007e (0xa001)
core   0: 3 0x000000008000007e (0xa001)
core   0: 3 0x000000008000007e (0xa001)
core   0: 3 0x000000008000007e (0xa001)
core   0: 3 0x000000008000007e (0xa001)
core   0: 3 0x000000008000007e (0xa001)
core   0: 3 0x000000008000007e (0xa001)
core   0: 3 0x000000008000007e (0xa001)
core   0: 3 0x000000008000007e (0xa001)
core   0: 3 0x000000008000007e (0xa001)
core   0: 3 0x000000008000007e (0xa001)
core   0: 3 0x000000008000007e (0xa001)
core   0: 3 0x000000008000007e (0xa001)
core   0: 3 0x000000008000007e (0xa001)
core   0: 3 0x000000008000007e (0xa001)
core   0: 3 0x000000008000007e (0xa001)
core   0: 3 0x000000008000007e (0xa001)
core   0: 3 0x000000008000007e (0xa001)
core   0: 3 0x000000008000007e (0xa001)
core   0: 3 0x000000008000007e (0xa001)
core   0: 3 0x000000008000007e (0xa001)
core   0: 3 0x000000008000007e (0xa001)
core   0: 3 0x000000008000007e (0xa001)
core   0: 3 0x000000008000007e (0xa001)
core   0: 3 0x000000008000007e (0xa001)
core   0: 3 0x000000008000007e (0xa001)
core   0: 3 0x000000008000007e (0xa001)
core   0: 3 0x000000008000007e (0xa001)
core   0: 3 0x000000008000007e (0xa001)
core   0: 3 0x000000008000007e (0xa001)
core   0: 3 0x000000008000007e (0xa001)
core   0: 3 0x000000008000007e (0xa001)
core   0: 3 0x000000008000007e (0xa001)
core   0: 3 0x000000008000007e (0xa001)
core   0: 3 0x000000008000007e (0xa001)
core   0: 3 0x000000008000007e (0xa001)
core   0: 3 0x000000008000007e (0xa001)
core   0: 3 0x000000008000007e (0xa001)
core   0: 3 0x000000008000007e (0xa001)
core   0: 3 0x000000008000007e (0xa001)
core   0: 3 0x000000008000007e (0xa001)
core   0: 3 0x000000008000007e (0xa001)
core   0: 3 0x000000008000007e (0xa001)
core   0: 3 0x000000008000007e (0xa001)
core   0: 3 0x000000008000007e (0xa001)
core   0: 3 0x000000008000007e (0xa001)
core   0: 3 0x000000008000007e (0xa001)
core   0: 3 0x000000008000007e (0xa001)
core   0: 3 0x000000008000007e (0xa001)
core   0: 3 0x000000008000007e (0xa001)
core   0: 3 0x000000008000007e (0xa001)
core   0: 3 0x000000008000007e (0xa001)
core   0: 3 0x000000008000007e (0xa001)
core   0: 3 0x000000008000007e (0xa001)
core   0: 3 0x000000008000007e (0xa001)
core   0: 3 0x000000008000007e (0xa001)
core   0: 3 0x000000008000007e (0xa001)
core   0: 3 0x000000008000007e (0xa001)
core   0: 3 0x000000008000007e (0xa001)
core   0: 3 0x000000008000007e (0xa001)
core   0: 3 0x000000008000007e (0xa001)
core   0: 3 0x000000008000007e (0xa001)
core   0: 3 0x000000008000007e (0xa001)
core   0: 3 0x000000008000007e (0xa001)
core   0: 3 0x000000008000007e (0xa001)
core   0: 3 0x000000008000007e (0xa001)
core   0: 3 0x000000008000007e (0xa001)
core   0: 3 0x000000008000007e (0xa001)
core   0: 3 0x000000008000007e (0xa001)
core   0: 3 0x000000008000007e (0xa001)
core   0: 3 0x000000008000007e (0xa001)
core   0: 3 0x000000008000007e (0xa001)
core   0: 3 0x000000008000007e (0xa001)
core   0: 3 0x000000008000007e (0xa001)
core   0: 3 0x000000008000007e (0xa001)
core   0: 3 0x000000008000007e (0xa001)
core   0: 3 0x000000008000007e (0xa001)
core   0: 3 0x000000008000007e (0xa001)
core   0: 3 0x000000008000007e (0xa001)
core   0: 3 0x000000008000007e (0xa001)
core   0: 3 0x000000008000007e (0xa001)
core   0: 3 0x000000008000007e (0xa001)
core   0: 3 0x000000008000007e (0xa001)
core   0: 3 0x000000008000007e (0xa001)
core   0: 3 0x000000008000007e (0xa001)
core   0: 3 0x000000008000007e (0xa001)
core   0: 3 0x000000008000007e (0xa001)
core   0: 3 0x000000008000007e (0xa001)
core   0: 3 0x000000008000007e (0xa001)
core   0: 3 0x000000008000007e (0xa001)
core   0: 3 0x000000008000007e (0xa001)
core   0: 3 0x000000008000007e (0xa001)
core   0: 3 0x000000008000007e (0xa001)
core   0: 3 0x000000008000007e (0xa001)
core   0: 3 0x000000008000007e (0xa001)
core   0: 3 0x000000008000007e (0xa001)
core   0: 3 0x000000008000007e (0xa001)
core   0: 3 0x000000008000007e (0xa001)
core   0: 3 0x000000008000007e (0xa001)
core   0: 3 0x000000008000007e (0xa001)
core   0: 3 0x000000008000007e (0xa001)
core   0: 3 0x000000008000007e (0xa001)
core   0: 3 0x000000008000007e (0xa001)
core   0: 3 0x000000008000007e (0xa001)
core   0: 3 0x000000008000007e (0xa001)
core   0: 3 0x000000008000007e (0xa001)
core   0: 3 0x000000008000007e (0xa001)
core   0: 3 0x000000008000007e (0xa001)
core   0: 3 0x000000008000007e (0xa001)
core   0: 3 0x000000008000007e (0xa001)
core   0: 3 0x000000008000007e (0xa001)
core   0: 3 0x000000008000007e (0xa001)
core   0: 3 0x000000008000007e (0xa001)
core   0: 3 0x000000008000007e (0xa001)
core   0: 3 0x000000008000007e (0xa001)
core   0: 3 0x000000008000007e (0xa001)
core   0: 3 0x000000008000007e (0xa001)
core   0: 3 0x000000008000007e (0xa001)
core   0: 3 0x000000008000007e (0xa001)
core   0: 3 0x000000008000007e (0xa001)
core   0: 3 0x000000008000007e (0xa001)
core   0: 3 0x000000008000007e (0xa001)
core   0: 3 0x000000008000007e (0xa001)
core   0: 3 0x000000008000007e (0xa001)
core   0: 3 0x000000008000007e (0xa001)
core   0: 3 0x000000008000007e (0xa001)
core   0: 3 0x000000008000007e (0xa001)
core   0: 3 0x000000008000007e (0xa001)
core   0: 3 0x000000008000007e (0xa001)
core   0: 3 0x000000008000007e (0xa001)
core   0: 3 0x000000008000007e (0xa001)
core   0: 3 0x000000008000007e (0xa001)
core   0: 3 0x000000008000007e (0xa001)
core   0: 3 0x000000008000007e (0xa001)
core   0: 3 0x000000008000007e (0xa001)
core   0: 3 0x000000008000007e (0xa001)
core   0: 3 0x000000008000007e (0xa001)
core   0: 3 0x000000008000007e (0xa001)
core   0: 3 0x000000008000007e (0xa001)
core   0: 3 0x000000008000007e (0xa001)
core   0: 3 0x000000008000007e (0xa001)
core   0: 3 0x000000008000007e (0xa001)
core   0: 3 0x000000008000007e (0xa001)
core   0: 3 0x000000008000007e (0xa001)
core   0: 3 0x000000008000007e (0xa001)
core   0: 3 0x000000008000007e (0xa001)
core   0: 3 0x000000008000007e (0xa001)
core   0: 3 0x000000008000007e (0xa001)
core   0: 3 0x000000008000007e (0xa001)
core   0: 3 0x000000008000007e (0xa001)
core   0: 3 0x000000008000007e (0xa001)
core   0: 3 0x000000008000007e (0xa001)
core   0: 3 0x000000008000007e (0xa001)
core   0: 3 0x000000008000007e (0xa001)
core   0: 3 0x000000008000007e (0xa001)
core   0: 3 0x000000008000007e (0xa001)
core   0: 3 0x000000008000007e (0xa001)
core   0: 3 0x000000008000007e (0xa001)
core   0: 3 0x000000008000007e (0xa001)
core   0: 3 0x000000008000007e (0xa001)
core   0: 3 0x000000008000007e (0xa001)
core   0: 3 0x000000008000007e (0xa001)
core   0: 3 0x000000008000007e (0xa001)
core   0: 3 0x000000008000007e (0xa001)
core   0: 3 0x000000008000007e (0xa001)
core   0: 3 0x000000008000007e (0xa001)
core   0: 3 0x000000008000007e (0xa001)
core   0: 3 0x000000008000007e (0xa001)
core   0: 3 0x000000008000007e (0xa001)
core   0: 3 0x000000008000007e (0xa001)
core   0: 3 0x000000008000007e (0xa001)
core   0: 3 0x000000008000007e (0xa001)
core   0: 3 0x000000008000007e (0xa001)
core   0: 3 0x000000008000007e (0xa001)
core   0: 3 0x000000008000007e (0xa001)
core   0: 3 0x000000008000007e (0xa001)
core   0: 3 0x000000008000007e (0xa001)
core   0: 3 0x000000008000007e (0xa001)
core   0: 3 0x000000008000007e (0xa001)
core   0: 3 0x000000008000007e (0xa001)
core   0: 3 0x000000008000007e (0xa001)
core   0: 3 0x000000008000007e (0xa001)
core   0: 3 0x000000008000007e (0xa001)
core   0: 3 0x000000008000007e (0xa001)
core   0: 3 0x000000008000007e (0xa001)
core   0: 3 0x000000008000007e (0xa001)
core   0: 3 0x000000008000007e (0xa001)
core   0: 3 0x000000008000007e (0xa001)
core   0: 3 0x000000008000007e (0xa001)
core   0: 3 0x000000008000007e (0xa001)
core   0: 3 0x000000008000007e (0xa001)
core   0: 3 0x000000008000007e (0xa001)
core   0: 3 0x000000008000007e (0xa001)
core   0: 3 0x000000008000007e (0xa001)
core   0: 3 0x000000008000007e (0xa001)
core   0: 3 0x000000008000007e (0xa001)
core   0: 3 0x000000008000007e (0xa001)
core   0: 3 0x000000008000007e (0xa001)
core   0: 3 0x000000008000007e (0xa001)
core   0: 3 0x000000008000007e (0xa001)
core   0: 3 0x000000008000007e (0xa001)
core   0: 3 0x000000008000007e (0xa001)
core   0: 3 0x000000008000007e (0xa001)
core   0: 3 0x000000008000007e (0xa001)
core   0: 3 0x000000008000007e (0xa001)
core   0: 3 0x000000008000007e (0xa001)
core   0: 3 0x000000008000007e (0xa001)
core   0: 3 0x000000008000007e (0xa001)
core   0: 3 0x000000008000007e (0xa001)
core   0: 3 0x000000008000007e (0xa001)
core   0: 3 0x000000008000007e (0xa001)
core   0: 3 0x000000008000007e (0xa001)
core   0: 3 0x000000008000007e (0xa001)
core   0: 3 0x000000008000007e (0xa001)
core   0: 3 0x000000008000007e (0xa001)
core   0: 3 0x000000008000007e (0xa001)
core   0: 3 0x000000008000007e (0xa001)
core   0: 3 0x000000008000007e (0xa001)
core   0: 3 0x000000008000007e (0xa001)
core   0: 3 0x000000008000007e (0xa001)
core   0: 3 0x000000008000007e (0xa001)
core   0: 3 0x000000008000007e (0xa001)
core   0: 3 0x000000008000007e (0xa001)
core   0: 3 0x000000008000007e (0xa001)
core   0: 3 0x000000008000007e (0xa001)
core   0: 3 0x000000008000007e (0xa001)
core   0: 3 0x000000008000007e (0xa001)
core   0: 3 0x000000008000007e (0xa001)
core   0: 3 0x000000008000007e (0xa001)
core   0: 3 0x000000008000007e (0xa001)
core   0: 3 0x000000008000007e (0xa001)
core   0: 3 0x000000008000007e (0xa001)
core   0: 3 0x000000008000007e (0xa001)
core   0: 3 0x000000008000007e (0xa001)
core   0: 3 0x000000008000007e (0xa001)
core   0: 3 0x000000008000007e (0xa001)
core   0: 3 0x000000008000007e (0xa001)
core   0: 3 0x000000008000007e (0xa001)
core   0: 3 0x000000008000007e (0xa001)
core   0: 3 0x000000008000007e (0xa001)
core   0: 3 0x000000008000007e (0xa001)
core   0: 3 0x000000008000007e (0xa001)
core   0: 3 0x000000008000007e (0xa001)
core   0: 3 0x000000008000007e (0xa001)
core   0: 3 0x000000008000007e (0xa001)
core   0: 3 0x000000008000007e (0xa001)
core   0: 3 0x000000008000007e (0xa001)
core   0: 3 0x000000008000007e (0xa001)
core   0: 3 0x000000008000007e (0xa001)
core   0: 3 0x000000008000007e (0xa001)
core   0: 3 0x000000008000007e (0xa001)
core   0: 3 0x000000008000007e (0xa001)
core   0: 3 0x000000008000007e (0xa001)
core   0: 3 0x000000008000007e (0xa001)
core   0: 3 0x000000008000007e (0xa001)
core   0: 3 0x000000008000007e (0xa001)
core   0: 3 0x000000008000007e (0xa001)
core   0: 3 0x000000008000007e (0xa001)
core   0: 3 0x000000008000007e (0xa001)
core   0: 3 0x000000008000007e (0xa001)
core   0: 3 0x000000008000007e (0xa001)
core   0: 3 0x000000008000007e (0xa001)
core   0: 3 0x000000008000007e (0xa001)
core   0: 3 0x000000008000007e (0xa001)
core   0: 3 0x000000008000007e (0xa001)
core   0: 3 0x000000008000007e (0xa001)
core   0: 3 0x000000008000007e (0xa001)
core   0: 3 0x000000008000007e (0xa001)
core   0: 3 0x000000008000007e (0xa001)
core   0: 3 0x000000008000007e (0xa001)
core   0: 3 0x000000008000007e (0xa001)
core   0: 3 0x000000008000007e (0xa001)
core   0: 3 0x000000008000007e (0xa001)
core   0: 3 0x000000008000007e (0xa001)
core   0: 3 0x000000008000007e (0xa001)
core   0: 3 0x000000008000007e (0xa001)
core   0: 3 0x000000008000007e (0xa001)
core   0: 3 0x000000008000007e (0xa001)
core   0: 3 0x000000008000007e (0xa001)
core   0: 3 0x000000008000007e (0xa001)
core   0: 3 0x000000008000007e (0xa001)
core   0: 3 0x000000008000007e (0xa001)
core   0: 3 0x000000008000007e (0xa001)
core   0: 3 0x000000008000007e (0xa001)
core   0: 3 0x000000008000007e (0xa001)
core   0: 3 0x000000008000007e (0xa001)
core   0: 3 0x000000008000007e (0xa001)
core   0: 3 0x000000008000007e (0xa001)
core   0: 3 0x000000008000007e (0xa001)
core   0: 3 0x000000008000007e (0xa001)
core   0: 3 0x000000008000007e (0xa001)
core   0: 3 0x000000008000007e (0xa001)
core   0: 3 0x000000008000007e (0xa001)
core   0: 3 0x000000008000007e (0xa001)
core   0: 3 0x000000008000007e (0xa001)
core   0: 3 0x000000008000007e (0xa001)
core   0: 3 0x000000008000007e (0xa001)
core   0: 3 0x000000008000007e (0xa001)
core   0: 3 0x000000008000007e (0xa001)
core   0: 3 0x000000008000007e (0xa001)
core   0: 3 0x000000008000007e (0xa001)
core   0: 3 0x000000008000007e (0xa001)
core   0: 3 0x000000008000007e (0xa001)
core   0: 3 0x000000008000007e (0xa001)
core   0: 3 0x000000008000007e (0xa001)
core   0: 3 0x000000008000007e (0xa001)
core   0: 3 0x000000008000007e (0xa001)
core   0: 3 0x000000008000007e (0xa001)
core   0: 3 0x000000008000007e (0xa001)
core   0: 3 0x000000008000007e (0xa001)
core   0: 3 0x000000008000007e (0xa001)
core   0: 3 0x000000008000007e (0xa001)
core   0: 3 0x000000008000007e (0xa001)
core   0: 3 0x000000008000007e (0xa001)
core   0: 3 0x000000008000007e (0xa001)
core   0: 3 0x000000008000007e (0xa001)
core   0: 3 0x000000008000007e (0xa001)
core   0: 3 0x000000008000007e (0xa001)
core   0: 3 0x000000008000007e (0xa001)
core   0: 3 0x000000008000007e (0xa001)
core   0: 3 0x000000008000007e (0xa001)
core   0: 3 0x000000008000007e (0xa001)
core   0: 3 0x000000008000007e (0xa001)
core   0: 3 0x000000008000007e (0xa001)
core   0: 3 0x000000008000007e (0xa001)
core   0: 3 0x000000008000007e (0xa001)
core   0: 3 0x000000008000007e (0xa001)
core   0: 3 0x000000008000007e (0xa001)
core   0: 3 0x000000008000007e (0xa001)
core   0: 3 0x000000008000007e (0xa001)
core   0: 3 0x000000008000007e (0xa001)
core   0: 3 0x000000008000007e (0xa001)
core   0: 3 0x000000008000007e (0xa001)
core   0: 3 0x000000008000007e (0xa001)
core   0: 3 0x000000008000007e (0xa001)
core   0: 3 0x000000008000007e (0xa001)
core   0: 3 0x000000008000007e (0xa001)
core   0: 3 0x000000008000007e (0xa001)
core   0: 3 0x000000008000007e (0xa001)
core   0: 3 0x000000008000007e (0xa001)
core   0: 3 0x000000008000007e (0xa001)
core   0: 3 0x000000008000007e (0xa001)
core   0: 3 0x000000008000007e (0xa001)
core   0: 3 0x000000008000007e (0xa001)
core   0: 3 0x000000008000007e (0xa001)
core   0: 3 0x000000008000007e (0xa001)
core   0: 3 0x000000008000007e (0xa001)
core   0: 3 0x000000008000007e (0xa001)
core   0: 3 0x000000008000007e (0xa001)
core   0: 3 0x000000008000007e (0xa001)
core   0: 3 0x000000008000007e (0xa001)
core   0: 3 0x000000008000007e (0xa001)
core   0: 3 0x000000008000007e (0xa001)
core   0: 3 0x000000008000007e (0xa001)
core   0: 3 0x000000008000007e (0xa001)
core   0: 3 0x000000008000007e (0xa001)
core   0: 3 0x000000008000007e (0xa001)
core   0: 3 0x000000008000007e (0xa001)
core   0: 3 0x000000008000007e (0xa001)
core   0: 3 0x000000008000007e (0xa001)
core   0: 3 0x000000008000007e (0xa001)
core   0: 3 0x000000008000007e (0xa001)
core   0: 3 0x000000008000007e (0xa001)
core   0: 3 0x000000008000007e (0xa001)
core   0: 3 0x000000008000007e (0xa001)
core   0: 3 0x000000008000007e (0xa001)
core   0: 3 0x000000008000007e (0xa001)
core   0: 3 0x000000008000007e (0xa001)
core   0: 3 0x000000008000007e (0xa001)
core   0: 3 0x000000008000007e (0xa001)
core   0: 3 0x000000008000007e (0xa001)
core   0: 3 0x000000008000007e (0xa001)
core   0: 3 0x000000008000007e (0xa001)
core   0: 3 0x000000008000007e (0xa001)
core   0: 3 0x000000008000007e (0xa001)
core   0: 3 0x000000008000007e (0xa001)
core   0: 3 0x000000008000007e (0xa001)
core   0: 3 0x000000008000007e (0xa001)
core   0: 3 0x000000008000007e (0xa001)
core   0: 3 0x000000008000007e (0xa001)
core   0: 3 0x000000008000007e (0xa001)
core   0: 3 0x000000008000007e (0xa001)
core   0: 3 0x000000008000007e (0xa001)
core   0: 3 0x000000008000007e (0xa001)
core   0: 3 0x000000008000007e (0xa001)
core   0: 3 0x000000008000007e (0xa001)
core   0: 3 0x000000008000007e (0xa001)
core   0: 3 0x000000008000007e (0xa001)
core   0: 3 0x000000008000007e (0xa001)
core   0: 3 0x000000008000007e (0xa001)
core   0: 3 0x000000008000007e (0xa001)
core   0: 3 0x000000008000007e (0xa001)
core   0: 3 0x000000008000007e (0xa001)
core   0: 3 0x000000008000007e (0xa001)
core   0: 3 0x000000008000007e (0xa001)
core   0: 3 0x000000008000007e (0xa001)
core   0: 3 0x000000008000007e (0xa001)
core   0: 3 0x000000008000007e (0xa001)
core   0: 3 0x000000008000007e (0xa001)
core   0: 3 0x000000008000007e (0xa001)
core   0: 3 0x000000008000007e (0xa001)
core   0: 3 0x000000008000007e (0xa001)
core   0: 3 0x000000008000007e (0xa001)
core   0: 3 0x000000008000007e (0xa001)
core   0: 3 0x000000008000007e (0xa001)
core   0: 3 0x000000008000007e (0xa001)
core   0: 3 0x000000008000007e (0xa001)
core   0: 3 0x000000008000007e (0xa001)
core   0: 3 0x000000008000007e (0xa001)
core   0: 3 0x000000008000007e (0xa001)
core   0: 3 0x000000008000007e (0xa001)
core   0: 3 0x000000008000007e (0xa001)
core   0: 3 0x000000008000007e (0xa001)
core   0: 3 0x000000008000007e (0xa001)
core   0: 3 0x000000008000007e (0xa001)
core   0: 3 0x000000008000007e (0xa001)
core   0: 3 0x000000008000007e (0xa001)
core   0: 3 0x000000008000007e (0xa001)
core   0: 3 0x000000008000007e (0xa001)
core   0: 3 0x000000008000007e (0xa001)
core   0: 3 0x000000008000007e (0xa001)
core   0: 3 0x000000008000007e (0xa001)
core   0: 3 0x000000008000007e (0xa001)
core   0: 3 0x000000008000007e (0xa001)
core   0: 3 0x000000008000007e (0xa001)
core   0: 3 0x000000008000007e (0xa001)
core   0: 3 0x000000008000007e (0xa001)
core   0: 3 0x000000008000007e (0xa001)
core   0: 3 0x000000008000007e (0xa001)
core   0: 3 0x000000008000007e (0xa001)
core   0: 3 0x000000008000007e (0xa001)
core   0: 3 0x000000008000007e (0xa001)
core   0: 3 0x000000008000007e (0xa001)
core   0: 3 0x000000008000007e (0xa001)
core   0: 3 0x000000008000007e (0xa001)
core   0: 3 0x000000008000007e (0xa001)
core   0: 3 0x000000008000007e (0xa001)
core   0: 3 0x000000008000007e (0xa001)
core   0: 3 0x000000008000007e (0xa001)
core   0: 3 0x000000008000007e (0xa001)
core   0: 3 0x000000008000007e (0xa001)
core   0: 3 0x000000008000007e (0xa001)
core   0: 3 0x000000008000007e (0xa001)
core   0: 3 0x000000008000007e (0xa001)
core   0: 3 0x000000008000007e (0xa001)
core   0: 3 0x000000008000007e (0xa001)
core   0: 3 0x000000008000007e (0xa001)
core   0: 3 0x000000008000007e (0xa001)
core   0: 3 0x000000008000007e (0xa001)
core   0: 3 0x000000008000007e (0xa001)
core   0: 3 0x000000008000007e (0xa001)
core   0: 3 0x000000008000007e (0xa001)
core   0: 3 0x000000008000007e (0xa001)
core   0: 3 0x000000008000007e (0xa001)
core   0: 3 0x000000008000007e (0xa001)
core   0: 3 0x000000008000007e (0xa001)
core   0: 3 0x000000008000007e (0xa001)
core   0: 3 0x000000008000007e (0xa001)
core   0: 3 0x000000008000007e (0xa001)
core   0: 3 0x000000008000007e (0xa001)
core   0: 3 0x000000008000007e (0xa001)
core   0: 3 0x000000008000007e (0xa001)
core   0: 3 0x000000008000007e (0xa001)
core   0: 3 0x000000008000007e (0xa001)
core   0: 3 0x000000008000007e (0xa001)
core   0: 3 0x000000008000007e (0xa001)
core   0: 3 0x000000008000007e (0xa001)
core   0: 3 0x000000008000007e (0xa001)
core   0: 3 0x000000008000007e (0xa001)
core   0: 3 0x000000008000007e (0xa001)
core   0: 3 0x000000008000007e (0xa001)
core   0: 3 0x000000008000007e (0xa001)
core   0: 3 0x000000008000007e (0xa001)
core   0: 3 0x000000008000007e (0xa001)
core   0: 3 0x000000008000007e (0xa001)
core   0: 3 0x000000008000007e (0xa001)
core   0: 3 0x000000008000007e (0xa001)
core   0: 3 0x000000008000007e (0xa001)
core   0: 3 0x000000008000007e (0xa001)
core   0: 3 0x000000008000007e (0xa001)
core   0: 3 0x000000008000007e (0xa001)
core   0: 3 0x000000008000007e (0xa001)
core   0: 3 0x000000008000007e (0xa001)
core   0: 3 0x000000008000007e (0xa001)
core   0: 3 0x000000008000007e (0xa001)
core   0: 3 0x000000008000007e (0xa001)
core   0: 3 0x000000008000007e (0xa001)
core   0: 3 0x000000008000007e (0xa001)
core   0: 3 0x000000008000007e (0xa001)
core   0: 3 0x000000008000007e (0xa001)
core   0: 3 0x000000008000007e (0xa001)
core   0: 3 0x000000008000007e (0xa001)
core   0: 3 0x000000008000007e (0xa001)
core   0: 3 0x000000008000007e (0xa001)
core   0: 3 0x000000008000007e (0xa001)
core   0: 3 0x000000008000007e (0xa001)
core   0: 3 0x000000008000007e (0xa001)
core   0: 3 0x000000008000007e (0xa001)
core   0: 3 0x000000008000007e (0xa001)
core   0: 3 0x000000008000007e (0xa001)
core   0: 3 0x000000008000007e (0xa001)
core   0: 3 0x000000008000007e (0xa001)
core   0: 3 0x000000008000007e (0xa001)
core   0: 3 0x000000008000007e (0xa001)
core   0: 3 0x000000008000007e (0xa001)
core   0: 3 0x000000008000007e (0xa001)
core   0: 3 0x000000008000007e (0xa001)
core   0: 3 0x000000008000007e (0xa001)
core   0: 3 0x000000008000007e (0xa001)
core   0: 3 0x000000008000007e (0xa001)
core   0: 3 0x000000008000007e (0xa001)
core   0: 3 0x000000008000007e (0xa001)
core   0: 3 0x000000008000007e (0xa001)
core   0: 3 0x000000008000007e (0xa001)
core   0: 3 0x000000008000007e (0xa001)
core   0: 3 0x000000008000007e (0xa001)
core   0: 3 0x000000008000007e (0xa001)
core   0: 3 0x000000008000007e (0xa001)
core   0: 3 0x000000008000007e (0xa001)
core   0: 3 0x000000008000007e (0xa001)
core   0: 3 0x000000008000007e (0xa001)
core   0: 3 0x000000008000007e (0xa001)
core   0: 3 0x000000008000007e (0xa001)
core   0: 3 0x000000008000007e (0xa001)
core   0: 3 0x000000008000007e (0xa001)
core   0: 3 0x000000008000007e (0xa001)
core   0: 3 0x000000008000007e (0xa001)
core   0: 3 0x000000008000007e (0xa001)
core   0: 3 0x000000008000007e (0xa001)
core   0: 3 0x000000008000007e (0xa001)
core   0: 3 0x000000008000007e (0xa001)
core   0: 3 0x000000008000007e (0xa001)
core   0: 3 0x000000008000007e (0xa001)
core   0: 3 0x000000008000007e (0xa001)
core   0: 3 0x000000008000007e (0xa001)
core   0: 3 0x000000008000007e (0xa001)
core   0: 3 0x000000008000007e (0xa001)
core   0: 3 0x000000008000007e (0xa001)
core   0: 3 0x000000008000007e (0xa001)
core   0: 3 0x000000008000007e (0xa001)
core   0: 3 0x000000008000007e (0xa001)
core   0: 3 0x000000008000007e (0xa001)
core   0: 3 0x000000008000007e (0xa001)
core   0: 3 0x000000008000007e (0xa001)
core   0: 3 0x000000008000007e (0xa001)
core   0: 3 0x000000008000007e (0xa001)
core   0: 3 0x000000008000007e (0xa001)
core   0: 3 0x000000008000007e (0xa001)
core   0: 3 0x000000008000007e (0xa001)
core   0: 3 0x000000008000007e (0xa001)
core   0: 3 0x000000008000007e (0xa001)
core   0: 3 0x000000008000007e (0xa001)
core   0: 3 0x000000008000007e (0xa001)
core   0: 3 0x000000008000007e (0xa001)
core   0: 3 0x000000008000007e (0xa001)
core   0: 3 0x000000008000007e (0xa001)
core   0: 3 0x000000008000007e (0xa001)
core   0: 3 0x000000008000007e (0xa001)
core   0: 3 0x000000008000007e (0xa001)
core   0: 3 0x000000008000007e (0xa001)
core   0: 3 0x000000008000007e (0xa001)
core   0: 3 0x000000008000007e (0xa001)
core   0: 3 0x000000008000007e (0xa001)
core   0: 3 0x000000008000007e (0xa001)
core   0: 3 0x000000008000007e (0xa001)
core   0: 3 0x000000008000007e (0xa001)
core   0: 3 0x000000008000007e (0xa001)
core   0: 3 0x000000008000007e (0xa001)
core   0: 3 0x000000008000007e (0xa001)
core   0: 3 0x000000008000007e (0xa001)
core   0: 3 0x000000008000007e (0xa001)
core   0: 3 0x000000008000007e (0xa001)
core   0: 3 0x000000008000007e (0xa001)
core   0: 3 0x000000008000007e (0xa001)
core   0: 3 0x000000008000007e (0xa001)
core   0: 3 0x000000008000007e (0xa001)
core   0: 3 0x000000008000007e (0xa001)
core   0: 3 0x000000008000007e (0xa001)
core   0: 3 0x000000008000007e (0xa001)
core   0: 3 0x000000008000007e (0xa001)
core   0: 3 0x000000008000007e (0xa001)
core   0: 3 0x000000008000007e (0xa001)
core   0: 3 0x000000008000007e (0xa001)
core   0: 3 0x000000008000007e (0xa001)
core   0: 3 0x000000008000007e (0xa001)
core   0: 3 0x000000008000007e (0xa001)
core   0: 3 0x000000008000007e (0xa001)
core   0: 3 0x000000008000007e (0xa001)
core   0: 3 0x000000008000007e (0xa001)
core   0: 3 0x000000008000007e (0xa001)
core   0: 3 0x000000008000007e (0xa001)
core   0: 3 0x000000008000007e (0xa001)
core   0: 3 0x000000008000007e (0xa001)
core   0: 3 0x000000008000007e (0xa001)
core   0: 3 0x000000008000007e (0xa001)
core   0: 3 0x000000008000007e (0xa001)
core   0: 3 0x000000008000007e (0xa001)
core   0: 3 0x000000008000007e (0xa001)
core   0: 3 0x000000008000007e (0xa001)
core   0: 3 0x000000008000007e (0xa001)
core   0: 3 0x000000008000007e (0xa001)
core   0: 3 0x000000008000007e (0xa001)
core   0: 3 0x000000008000007e (0xa001)
core   0: 3 0x000000008000007e (0xa001)
core   0: 3 0x000000008000007e (0xa001)
core   0: 3 0x000000008000007e (0xa001)
core   0: 3 0x000000008000007e (0xa001)
core   0: 3 0x000000008000007e (0xa001)
core   0: 3 0x000000008000007e (0xa001)
core   0: 3 0x000000008000007e (0xa001)
core   0: 3 0x000000008000007e (0xa001)
core   0: 3 0x000000008000007e (0xa001)
core   0: 3 0x000000008000007e (0xa001)
core   0: 3 0x000000008000007e (0xa001)
core   0: 3 0x000000008000007e (0xa001)
core   0: 3 0x000000008000007e (0xa001)
core   0: 3 0x000000008000007e (0xa001)
core   0: 3 0x000000008000007e (0xa001)
core   0: 3 0x000000008000007e (0xa001)
core   0: 3 0x000000008000007e (0xa001)
core   0: 3 0x000000008000007e (0xa001)
core   0: 3 0x000000008000007e (0xa001)
core   0: 3 0x000000008000007e (0xa001)
core   0: 3 0x000000008000007e (0xa001)
core   0: 3 0x000000008000007e (0xa001)
core   0: 3 0x000000008000007e (0xa001)
core   0: 3 0x000000008000007e (0xa001)
core   0: 3 0x000000008000007e (0xa001)
core   0: 3 0x000000008000007e (0xa001)
core   0: 3 0x000000008000007e (0xa001)
core   0: 3 0x000000008000007e (0xa001)
core   0: 3 0x000000008000007e (0xa001)
core   0: 3 0x000000008000007e (0xa001)
core   0: 3 0x000000008000007e (0xa001)
core   0: 3 0x000000008000007e (0xa001)
core   0: 3 0x000000008000007e (0xa001)
core   0: 3 0x000000008000007e (0xa001)
core   0: 3 0x000000008000007e (0xa001)
core   0: 3 0x000000008000007e (0xa001)
core   0: 3 0x000000008000007e (0xa001)
core   0: 3 0x000000008000007e (0xa001)
core   0: 3 0x000000008000007e (0xa001)
core   0: 3 0x000000008000007e (0xa001)
core   0: 3 0x000000008000007e (0xa001)
core   0: 3 0x000000008000007e (0xa001)
core   0: 3 0x000000008000007e (0xa001)
core   0: 3 0x000000008000007e (0xa001)
core   0: 3 0x000000008000007e (0xa001)
core   0: 3 0x000000008000007e (0xa001)
core   0: 3 0x000000008000007e (0xa001)
core   0: 3 0x000000008000007e (0xa001)
core   0: 3 0x000000008000007e (0xa001)
core   0: 3 0x000000008000007e (0xa001)
core   0: 3 0x000000008000007e (0xa001)
core   0: 3 0x000000008000007e (0xa001)
core   0: 3 0x000000008000007e (0xa001)
core   0: 3 0x000000008000007e (0xa001)
core   0: 3 0x000000008000007e (0xa001)
core   0: 3 0x000000008000007e (0xa001)
core   0: 3 0x000000008000007e (0xa001)
core   0: 3 0x000000008000007e (0xa001)
core   0: 3 0x000000008000007e (0xa001)
core   0: 3 0x000000008000007e (0xa001)
core   0: 3 0x000000008000007e (0xa001)
core   0: 3 0x000000008000007e (0xa001)
core   0: 3 0x000000008000007e (0xa001)
core   0: 3 0x000000008000007e (0xa001)
core   0: 3 0x000000008000007e (0xa001)
core   0: 3 0x000000008000007e (0xa001)
core   0: 3 0x000000008000007e (0xa001)
core   0: 3 0x000000008000007e (0xa001)
core   0: 3 0x000000008000007e (0xa001)
core   0: 3 0x000000008000007e (0xa001)
core   0: 3 0x000000008000007e (0xa001)
core   0: 3 0x000000008000007e (0xa001)
core   0: 3 0x000000008000007e (0xa001)
core   0: 3 0x000000008000007e (0xa001)
core   0: 3 0x000000008000007e (0xa001)
core   0: 3 0x000000008000007e (0xa001)
core   0: 3 0x000000008000007e (0xa001)
core   0: 3 0x000000008000007e (0xa001)
core   0: 3 0x000000008000007e (0xa001)
core   0: 3 0x000000008000007e (0xa001)
core   0: 3 0x000000008000007e (0xa001)
core   0: 3 0x000000008000007e (0xa001)
core   0: 3 0x000000008000007e (0xa001)
core   0: 3 0x000000008000007e (0xa001)
core   0: 3 0x000000008000007e (0xa001)
core   0: 3 0x000000008000007e (0xa001)
core   0: 3 0x000000008000007e (0xa001)
core   0: 3 0x000000008000007e (0xa001)
core   0: 3 0x000000008000007e (0xa001)
core   0: 3 0x000000008000007e (0xa001)
core   0: 3 0x000000008000007e (0xa001)
core   0: 3 0x000000008000007e (0xa001)
core   0: 3 0x000000008000007e (0xa001)
core   0: 3 0x000000008000007e (0xa001)
core   0: 3 0x000000008000007e (0xa001)
core   0: 3 0x000000008000007e (0xa001)
core   0: 3 0x000000008000007e (0xa001)
core   0: 3 0x000000008000007e (0xa001)
core   0: 3 0x000000008000007e (0xa001)
core   0: 3 0x000000008000007e (0xa001)
core   0: 3 0x000000008000007e (0xa001)
core   0: 3 0x000000008000007e (0xa001)
core   0: 3 0x000000008000007e (0xa001)
core   0: 3 0x000000008000007e (0xa001)
core   0: 3 0x000000008000007e (0xa001)
core   0: 3 0x000000008000007e (0xa001)
core   0: 3 0x000000008000007e (0xa001)
core   0: 3 0x000000008000007e (0xa001)
core   0: 3 0x000000008000007e (0xa001)
core   0: 3 0x000000008000007e (0xa001)
core   0: 3 0x000000008000007e (0xa001)
core   0: 3 0x000000008000007e (0xa001)
core   0: 3 0x000000008000007e (0xa001)
core   0: 3 0x000000008000007e (0xa001)
core   0: 3 0x000000008000007e (0xa001)
core   0: 3 0x000000008000007e (0xa001)
core   0: 3 0x000000008000007e (0xa001)
core   0: 3 0x000000008000007e (0xa001)
core   0: 3 0x000000008000007e (0xa001)
core   0: 3 0x000000008000007e (0xa001)
core   0: 3 0x000000008000007e (0xa001)
core   0: 3 0x000000008000007e (0xa001)
core   0: 3 0x000000008000007e (0xa001)
core   0: 3 0x000000008000007e (0xa001)
core   0: 3 0x000000008000007e (0xa001)
core   0: 3 0x000000008000007e (0xa001)
core   0: 3 0x000000008000007e (0xa001)
core   0: 3 0x000000008000007e (0xa001)
core   0: 3 0x000000008000007e (0xa001)
core   0: 3 0x000000008000007e (0xa001)
core   0: 3 0x000000008000007e (0xa001)
core   0: 3 0x000000008000007e (0xa001)
core   0: 3 0x000000008000007e (0xa001)
core   0: 3 0x000000008000007e (0xa001)
core   0: 3 0x000000008000007e (0xa001)
core   0: 3 0x000000008000007e (0xa001)
core   0: 3 0x000000008000007e (0xa001)
core   0: 3 0x000000008000007e (0xa001)
core   0: 3 0x000000008000007e (0xa001)
core   0: 3 0x000000008000007e (0xa001)
core   0: 3 0x000000008000007e (0xa001)
core   0: 3 0x000000008000007e (0xa001)
core   0: 3 0x000000008000007e (0xa001)
core   0: 3 0x000000008000007e (0xa001)
core   0: 3 0x000000008000007e (0xa001)
core   0: 3 0x000000008000007e (0xa001)
core   0: 3 0x000000008000007e (0xa001)
core   0: 3 0x000000008000007e (0xa001)
core   0: 3 0x000000008000007e (0xa001)
core   0: 3 0x000000008000007e (0xa001)
core   0: 3 0x000000008000007e (0xa001)
core   0: 3 0x000000008000007e (0xa001)
core   0: 3 0x000000008000007e (0xa001)
core   0: 3 0x000000008000007e (0xa001)
core   0: 3 0x000000008000007e (0xa001)
core   0: 3 0x000000008000007e (0xa001)
core   0: 3 0x000000008000007e (0xa001)
core   0: 3 0x000000008000007e (0xa001)
core   0: 3 0x000000008000007e (0xa001)
core   0: 3 0x000000008000007e (0xa001)
core   0: 3 0x000000008000007e (0xa001)
core   0: 3 0x000000008000007e (0xa001)
core   0: 3 0x000000008000007e (0xa001)
core   0: 3 0x000000008000007e (0xa001)
core   0: 3 0x000000008000007e (0xa001)
core   0: 3 0x000000008000007e (0xa001)
core   0: 3 0x000000008000007e (0xa001)
core   0: 3 0x000000008000007e (0xa001)
core   0: 3 0x000000008000007e (0xa001)
core   0: 3 0x000000008000007e (0xa001)
core   0: 3 0x000000008000007e (0xa001)
core   0: 3 0x000000008000007e (0xa001)
core   0: 3 0x000000008000007e (0xa001)
core   0: 3 0x000000008000007e (0xa001)
core   0: 3 0x000000008000007e (0xa001)
core   0: 3 0x000000008000007e (0xa001)
core   0: 3 0x000000008000007e (0xa001)
core   0: 3 0x000000008000007e (0xa001)
core   0: 3 0x000000008000007e (0xa001)
core   0: 3 0x000000008000007e (0xa001)
core   0: 3 0x000000008000007e (0xa001)
core   0: 3 0x000000008000007e (0xa001)
core   0: 3 0x000000008000007e (0xa001)
core   0: 3 0x000000008000007e (0xa001)
core   0: 3 0x000000008000007e (0xa001)
core   0: 3 0x000000008000007e (0xa001)
core   0: 3 0x000000008000007e (0xa001)
core   0: 3 0x000000008000007e (0xa001)
core   0: 3 0x000000008000007e (0xa001)
core   0: 3 0x000000008000007e (0xa001)
core   0: 3 0x000000008000007e (0xa001)
core   0: 3 0x000000008000007e (0xa001)
core   0: 3 0x000000008000007e (0xa001)
core   0: 3 0x000000008000007e (0xa001)
core   0: 3 0x000000008000007e (0xa001)
core   0: 3 0x000000008000007e (0xa001)
core   0: 3 0x000000008000007e (0xa001)
core   0: 3 0x000000008000007e (0xa001)
core   0: 3 0x000000008000007e (0xa001)
core   0: 3 0x000000008000007e (0xa001)
core   0: 3 0x000000008000007e (0xa001)
core   0: 3 0x000000008000007e (0xa001)
core   0: 3 0x000000008000007e (0xa001)
core   0: 3 0x000000008000007e (0xa001)
core   0: 3 0x000000008000007e (0xa001)
core   0: 3 0x000000008000007e (0xa001)
core   0: 3 0x000000008000007e (0xa001)
core   0: 3 0x000000008000007e (0xa001)
core   0: 3 0x000000008000007e (0xa001)
core   0: 3 0x000000008000007e (0xa001)
core   0: 3 0x000000008000007e (0xa001)
core   0: 3 0x000000008000007e (0xa001)
core   0: 3 0x000000008000007e (0xa001)
core   0: 3 0x000000008000007e (0xa001)
core   0: 3 0x000000008000007e (0xa001)
core   0: 3 0x000000008000007e (0xa001)
core   0: 3 0x000000008000007e (0xa001)
core   0: 3 0x000000008000007e (0xa001)
core   0: 3 0x000000008000007e (0xa001)
core   0: 3 0x000000008000007e (0xa001)
core   0: 3 0x000000008000007e (0xa001)
core   0: 3 0x000000008000007e (0xa001)
core   0: 3 0x000000008000007e (0xa001)
core   0: 3 0x000000008000007e (0xa001)
core   0: 3 0x000000008000007e (0xa001)
core   0: 3 0x000000008000007e (0xa001)
core   0: 3 0x000000008000007e (0xa001)
core   0: 3 0x000000008000007e (0xa001)
core   0: 3 0x000000008000007e (0xa001)
core   0: 3 0x000000008000007e (0xa001)
core   0: 3 0x000000008000007e (0xa001)
core   0: 3 0x000000008000007e (0xa001)
core   0: 3 0x000000008000007e (0xa001)
core   0: 3 0x000000008000007e (0xa001)
core   0: 3 0x000000008000007e (0xa001)
core   0: 3 0x000000008000007e (0xa001)
core   0: 3 0x000000008000007e (0xa001)
core   0: 3 0x000000008000007e (0xa001)
core   0: 3 0x000000008000007e (0xa001)
core   0: 3 0x000000008000007e (0xa001)
core   0: 3 0x000000008000007e (0xa001)
core   0: 3 0x000000008000007e (0xa001)
core   0: 3 0x000000008000007e (0xa001)
core   0: 3 0x000000008000007e (0xa001)
core   0: 3 0x000000008000007e (0xa001)
core   0: 3 0x000000008000007e (0xa001)
core   0: 3 0x000000008000007e (0xa001)
core   0: 3 0x000000008000007e (0xa001)
core   0: 3 0x000000008000007e (0xa001)
core   0: 3 0x000000008000007e (0xa001)
core   0: 3 0x000000008000007e (0xa001)
core   0: 3 0x000000008000007e (0xa001)
core   0: 3 0x000000008000007e (0xa001)
core   0: 3 0x000000008000007e (0xa001)
core   0: 3 0x000000008000007e (0xa001)
core   0: 3 0x000000008000007e (0xa001)
core   0: 3 0x000000008000007e (0xa001)
core   0: 3 0x000000008000007e (0xa001)
core   0: 3 0x000000008000007e (0xa001)
core   0: 3 0x000000008000007e (0xa001)
core   0: 3 0x000000008000007e (0xa001)
core   0: 3 0x000000008000007e (0xa001)
core   0: 3 0x000000008000007e (0xa001)
core   0: 3 0x000000008000007e (0xa001)
core   0: 3 0x000000008000007e (0xa001)
core   0: 3 0x000000008000007e (0xa001)
core   0: 3 0x000000008000007e (0xa001)
core   0: 3 0x000000008000007e (0xa001)
core   0: 3 0x000000008000007e (0xa001)
core   0: 3 0x000000008000007e (0xa001)
core   0: 3 0x000000008000007e (0xa001)
core   0: 3 0x000000008000007e (0xa001)
core   0: 3 0x000000008000007e (0xa001)
core   0: 3 0x000000008000007e (0xa001)
core   0: 3 0x000000008000007e (0xa001)
core   0: 3 0x000000008000007e (0xa001)
core   0: 3 0x000000008000007e (0xa001)
core   0: 3 0x000000008000007e (0xa001)
core   0: 3 0x000000008000007e (0xa001)
core   0: 3 0x000000008000007e (0xa001)
core   0: 3 0x000000008000007e (0xa001)
core   0: 3 0x000000008000007e (0xa001)
core   0: 3 0x000000008000007e (0xa001)
core   0: 3 0x000000008000007e (0xa001)
core   0: 3 0x000000008000007e (0xa001)
core   0: 3 0x000000008000007e (0xa001)
core   0: 3 0x000000008000007e (0xa001)
core   0: 3 0x000000008000007e (0xa001)
core   0: 3 0x000000008000007e (0xa001)
core   0: 3 0x000000008000007e (0xa001)
core   0: 3 0x000000008000007e (0xa001)
core   0: 3 0x000000008000007e (0xa001)
core   0: 3 0x000000008000007e (0xa001)
core   0: 3 0x000000008000007e (0xa001)
core   0: 3 0x000000008000007e (0xa001)
core   0: 3 0x000000008000007e (0xa001)
core   0: 3 0x000000008000007e (0xa001)
core   0: 3 0x000000008000007e (0xa001)
core   0: 3 0x000000008000007e (0xa001)
core   0: 3 0x000000008000007e (0xa001)
core   0: 3 0x000000008000007e (0xa001)
core   0: 3 0x000000008000007e (0xa001)
core   0: 3 0x000000008000007e (0xa001)
core   0: 3 0x000000008000007e (0xa001)
core   0: 3 0x000000008000007e (0xa001)
core   0: 3 0x000000008000007e (0xa001)
core   0: 3 0x000000008000007e (0xa001)
core   0: 3 0x000000008000007e (0xa001)
core   0: 3 0x000000008000007e (0xa001)
core   0: 3 0x000000008000007e (0xa001)
core   0: 3 0x000000008000007e (0xa001)
core   0: 3 0x000000008000007e (0xa001)
core   0: 3 0x000000008000007e (0xa001)
core   0: 3 0x000000008000007e (0xa001)
core   0: 3 0x000000008000007e (0xa001)
core   0: 3 0x000000008000007e (0xa001)
core   0: 3 0x000000008000007e (0xa001)
core   0: 3 0x000000008000007e (0xa001)
core   0: 3 0x000000008000007e (0xa001)
core   0: 3 0x000000008000007e (0xa001)
core   0: 3 0x000000008000007e (0xa001)
core   0: 3 0x000000008000007e (0xa001)
core   0: 3 0x000000008000007e (0xa001)
core   0: 3 0x000000008000007e (0xa001)
core   0: 3 0x000000008000007e (0xa001)
core   0: 3 0x000000008000007e (0xa001)
core   0: 3 0x000000008000007e (0xa001)
core   0: 3 0x000000008000007e (0xa001)
core   0: 3 0x000000008000007e (0xa001)
core   0: 3 0x000000008000007e (0xa001)
core   0: 3 0x000000008000007e (0xa001)
core   0: 3 0x000000008000007e (0xa001)
core   0: 3 0x000000008000007e (0xa001)
core   0: 3 0x000000008000007e (0xa001)
core   0: 3 0x000000008000007e (0xa001)
core   0: 3 0x000000008000007e (0xa001)
core   0: 3 0x000000008000007e (0xa001)
core   0: 3 0x000000008000007e (0xa001)
core   0: 3 0x000000008000007e (0xa001)
core   0: 3 0x000000008000007e (0xa001)
core   0: 3 0x000000008000007e (0xa001)
core   0: 3 0x000000008000007e (0xa001)
core   0: 3 0x000000008000007e (0xa001)
core   0: 3 0x000000008000007e (0xa001)
core   0: 3 0x000000008000007e (0xa001)
core   0: 3 0x000000008000007e (0xa001)
core   0: 3 0x000000008000007e (0xa001)
core   0: 3 0x000000008000007e (0xa001)
core   0: 3 0x000000008000007e (0xa001)
core   0: 3 0x000000008000007e (0xa001)
core   0: 3 0x000000008000007e (0xa001)
core   0: 3 0x000000008000007e (0xa001)
core   0: 3 0x000000008000007e (0xa001)
core   0: 3 0x000000008000007e (0xa001)
core   0: 3 0x000000008000007e (0xa001)
core   0: 3 0x000000008000007e (0xa001)
core   0: 3 0x000000008000007e (0xa001)
core   0: 3 0x000000008000007e (0xa001)
core   0: 3 0x000000008000007e (0xa001)
core   0: 3 0x000000008000007e (0xa001)
core   0: 3 0x000000008000007e (0xa001)
core   0: 3 0x000000008000007e (0xa001)
core   0: 3 0x000000008000007e (0xa001)
core   0: 3 0x000000008000007e (0xa001)
core   0: 3 0x000000008000007e (0xa001)
core   0: 3 0x000000008000007e (0xa001)
core   0: 3 0x000000008000007e (0xa001)
core   0: 3 0x000000008000007e (0xa001)
core   0: 3 0x000000008000007e (0xa001)
core   0: 3 0x000000008000007e (0xa001)
core   0: 3 0x000000008000007e (0xa001)
core   0: 3 0x000000008000007e (0xa001)
core   0: 3 0x000000008000007e (0xa001)
core   0: 3 0x000000008000007e (0xa001)
core   0: 3 0x000000008000007e (0xa001)
core   0: 3 0x000000008000007e (0xa001)
core   0: 3 0x000000008000007e (0xa001)
core   0: 3 0x000000008000007e (0xa001)
core   0: 3 0x000000008000007e (0xa001)
core   0: 3 0x000000008000007e (0xa001)
core   0: 3 0x000000008000007e (0xa001)
core   0: 3 0x000000008000007e (0xa001)
core   0: 3 0x000000008000007e (0xa001)
core   0: 3 0x000000008000007e (0xa001)
core   0: 3 0x000000008000007e (0xa001)
core   0: 3 0x000000008000007e (0xa001)
core   0: 3 0x000000008000007e (0xa001)
core   0: 3 0x000000008000007e (0xa001)
core   0: 3 0x000000008000007e (0xa001)
core   0: 3 0x000000008000007e (0xa001)
core   0: 3 0x000000008000007e (0xa001)
core   0: 3 0x000000008000007e (0xa001)
core   0: 3 0x000000008000007e (0xa001)
core   0: 3 0x000000008000007e (0xa001)
core   0: 3 0x000000008000007e (0xa001)
core   0: 3 0x000000008000007e (0xa001)
core   0: 3 0x000000008000007e (0xa001)
core   0: 3 0x000000008000007e (0xa001)
core   0: 3 0x000000008000007e (0xa001)
core   0: 3 0x000000008000007e (0xa001)
core   0: 3 0x000000008000007e (0xa001)
core   0: 3 0x000000008000007e (0xa001)
core   0: 3 0x000000008000007e (0xa001)
core   0: 3 0x000000008000007e (0xa001)
core   0: 3 0x000000008000007e (0xa001)
core   0: 3 0x000000008000007e (0xa001)
core   0: 3 0x000000008000007e (0xa001)
core   0: 3 0x000000008000007e (0xa001)
core   0: 3 0x000000008000007e (0xa001)
core   0: 3 0x000000008000007e (0xa001)
core   0: 3 0x000000008000007e (0xa001)
core   0: 3 0x000000008000007e (0xa001)
core   0: 3 0x000000008000007e (0xa001)
core   0: 3 0x000000008000007e (0xa001)
core   0: 3 0x000000008000007e (0xa001)
core   0: 3 0x000000008000007e (0xa001)
core   0: 3 0x000000008000007e (0xa001)
core   0: 3 0x000000008000007e (0xa001)
core   0: 3 0x000000008000007e (0xa001)
core   0: 3 0x000000008000007e (0xa001)
core   0: 3 0x000000008000007e (0xa001)
core   0: 3 0x000000008000007e (0xa001)
core   0: 3 0x000000008000007e (0xa001)
core   0: 3 0x000000008000007e (0xa001)
core   0: 3 0x000000008000007e (0xa001)
core   0: 3 0x000000008000007e (0xa001)
core   0: 3 0x000000008000007e (0xa001)
core   0: 3 0x000000008000007e (0xa001)
core   0: 3 0x000000008000007e (0xa001)
core   0: 3 0x000000008000007e (0xa001)
core   0: 3 0x000000008000007e (0xa001)
core   0: 3 0x000000008000007e (0xa001)
core   0: 3 0x000000008000007e (0xa001)
core   0: 3 0x000000008000007e (0xa001)
core   0: 3 0x000000008000007e (0xa001)
core   0: 3 0x000000008000007e (0xa001)
core   0: 3 0x000000008000007e (0xa001)
core   0: 3 0x000000008000007e (0xa001)
core   0: 3 0x000000008000007e (0xa001)
core   0: 3 0x000000008000007e (0xa001)
core   0: 3 0x000000008000007e (0xa001)
core   0: 3 0x000000008000007e (0xa001)
core   0: 3 0x000000008000007e (0xa001)
core   0: 3 0x000000008000007e (0xa001)
core   0: 3 0x000000008000007e (0xa001)
core   0: 3 0x000000008000007e (0xa001)
core   0: 3 0x000000008000007e (0xa001)
core   0: 3 0x000000008000007e (0xa001)
core   0: 3 0x000000008000007e (0xa001)
core   0: 3 0x000000008000007e (0xa001)
core   0: 3 0x000000008000007e (0xa001)
core   0: 3 0x000000008000007e (0xa001)
core   0: 3 0x000000008000007e (0xa001)
core   0: 3 0x000000008000007e (0xa001)
core   0: 3 0x000000008000007e (0xa001)
core   0: 3 0x000000008000007e (0xa001)
core   0: 3 0x000000008000007e (0xa001)
core   0: 3 0x000000008000007e (0xa001)
core   0: 3 0x000000008000007e (0xa001)
core   0: 3 0x000000008000007e (0xa001)
core   0: 3 0x000000008000007e (0xa001)
core   0: 3 0x000000008000007e (0xa001)
core   0: 3 0x000000008000007e (0xa001)
core   0: 3 0x000000008000007e (0xa001)
core   0: 3 0x000000008000007e (0xa001)
core   0: 3 0x000000008000007e (0xa001)
core   0: 3 0x000000008000007e (0xa001)
core   0: 3 0x000000008000007e (0xa001)
core   0: 3 0x000000008000007e (0xa001)
core   0: 3 0x000000008000007e (0xa001)
core   0: 3 0x000000008000007e (0xa001)
core   0: 3 0x000000008000007e (0xa001)
core   0: 3 0x000000008000007e (0xa001)
core   0: 3 0x000000008000007e (0xa001)
core   0: 3 0x000000008000007e (0xa001)
core   0: 3 0x000000008000007e (0xa001)
core   0: 3 0x000000008000007e (0xa001)
core   0: 3 0x000000008000007e (0xa001)
core   0: 3 0x000000008000007e (0xa001)
core   0: 3 0x000000008000007e (0xa001)
core   0: 3 0x000000008000007e (0xa001)
core   0: 3 0x000000008000007e (0xa001)
core   0: 3 0x000000008000007e (0xa001)
core   0: 3 0x000000008000007e (0xa001)
core   0: 3 0x000000008000007e (0xa001)
core   0: 3 0x000000008000007e (0xa001)
core   0: 3 0x000000008000007e (0xa001)
core   0: 3 0x000000008000007e (0xa001)
core   0: 3 0x000000008000007e (0xa001)
core   0: 3 0x000000008000007e (0xa001)
core   0: 3 0x000000008000007e (0xa001)
core   0: 3 0x000000008000007e (0xa001)
core   0: 3 0x000000008000007e (0xa001)
core   0: 3 0x000000008000007e (0xa001)
core   0: 3 0x000000008000007e (0xa001)
core   0: 3 0x000000008000007e (0xa001)
core   0: 3 0x000000008000007e (0xa001)
core   0: 3 0x000000008000007e (0xa001)
core   0: 3 0x000000008000007e (0xa001)
core   0: 3 0x000000008000007e (0xa001)
core   0: 3 0x000000008000007e (0xa001)
core   0: 3 0x000000008000007e (0xa001)
core   0: 3 0x000000008000007e (0xa001)
core   0: 3 0x000000008000007e (0xa001)
core   0: 3 0x000000008000007e (0xa001)
core   0: 3 0x000000008000007e (0xa001)
core   0: 3 0x000000008000007e (0xa001)
core   0: 3 0x000000008000007e (0xa001)
core   0: 3 0x000000008000007e (0xa001)
core   0: 3 0x000000008000007e (0xa001)
core   0: 3 0x000000008000007e (0xa001)
core   0: 3 0x000000008000007e (0xa001)
core   0: 3 0x000000008000007e (0xa001)
core   0: 3 0x000000008000007e (0xa001)
core   0: 3 0x000000008000007e (0xa001)
core   0: 3 0x000000008000007e (0xa001)
core   0: 3 0x000000008000007e (0xa001)
core   0: 3 0x000000008000007e (0xa001)
core   0: 3 0x000000008000007e (0xa001)
core   0: 3 0x000000008000007e (0xa001)
core   0: 3 0x000000008000007e (0xa001)
core   0: 3 0x000000008000007e (0xa001)
core   0: 3 0x000000008000007e (0xa001)
core   0: 3 0x000000008000007e (0xa001)
core   0: 3 0x000000008000007e (0xa001)
core   0: 3 0x000000008000007e (0xa001)
core   0: 3 0x000000008000007e (0xa001)
core   0: 3 0x000000008000007e (0xa001)
core   0: 3 0x000000008000007e (0xa001)
core   0: 3 0x000000008000007e (0xa001)
core   0: 3 0x000000008000007e (0xa001)
core   0: 3 0x000000008000007e (0xa001)
core   0: 3 0x000000008000007e (0xa001)
core   0: 3 0x000000008000007e (0xa001)
core   0: 3 0x000000008000007e (0xa001)
core   0: 3 0x000000008000007e (0xa001)
core   0: 3 0x000000008000007e (0xa001)
core   0: 3 0x000000008000007e (0xa001)
core   0: 3 0x000000008000007e (0xa001)
core   0: 3 0x000000008000007e (0xa001)
core   0: 3 0x000000008000007e (0xa001)
core   0: 3 0x000000008000007e (0xa001)
core   0: 3 0x000000008000007e (0xa001)
core   0: 3 0x000000008000007e (0xa001)
core   0: 3 0x000000008000007e (0xa001)
core   0: 3 0x000000008000007e (0xa001)
core   0: 3 0x000000008000007e (0xa001)
core   0: 3 0x000000008000007e (0xa001)
core   0: 3 0x000000008000007e (0xa001)
core   0: 3 0x000000008000007e (0xa001)
core   0: 3 0x000000008000007e (0xa001)
core   0: 3 0x000000008000007e (0xa001)
core   0: 3 0x000000008000007e (0xa001)
core   0: 3 0x000000008000007e (0xa001)
core   0: 3 0x000000008000007e (0xa001)
core   0: 3 0x000000008000007e (0xa001)
core   0: 3 0x000000008000007e (0xa001)
core   0: 3 0x000000008000007e (0xa001)
core   0: 3 0x000000008000007e (0xa001)
core   0: 3 0x000000008000007e (0xa001)
core   0: 3 0x000000008000007e (0xa001)
core   0: 3 0x000000008000007e (0xa001)
core   0: 3 0x000000008000007e (0xa001)
core   0: 3 0x000000008000007e (0xa001)
core   0: 3 0x000000008000007e (0xa001)
core   0: 3 0x000000008000007e (0xa001)
core   0: 3 0x000000008000007e (0xa001)
core   0: 3 0x000000008000007e (0xa001)
core   0: 3 0x000000008000007e (0xa001)
core   0: 3 0x000000008000007e (0xa001)
core   0: 3 0x000000008000007e (0xa001)
core   0: 3 0x000000008000007e (0xa001)
core   0: 3 0x000000008000007e (0xa001)
core   0: 3 0x000000008000007e (0xa001)
core   0: 3 0x000000008000007e (0xa001)
core   0: 3 0x000000008000007e (0xa001)
core   0: 3 0x000000008000007e (0xa001)
core   0: 3 0x000000008000007e (0xa001)
core   0: 3 0x000000008000007e (0xa001)
core   0: 3 0x000000008000007e (0xa001)
core   0: 3 0x000000008000007e (0xa001)
core   0: 3 0x000000008000007e (0xa001)
core   0: 3 0x000000008000007e (0xa001)
core   0: 3 0x000000008000007e (0xa001)
core   0: 3 0x000000008000007e (0xa001)
core   0: 3 0x000000008000007e (0xa001)
core   0: 3 0x000000008000007e (0xa001)
core   0: 3 0x000000008000007e (0xa001)
core   0: 3 0x000000008000007e (0xa001)
core   0: 3 0x000000008000007e (0xa001)
core   0: 3 0x000000008000007e (0xa001)
core   0: 3 0x000000008000007e (0xa001)
core   0: 3 0x000000008000007e (0xa001)
core   0: 3 0x000000008000007e (0xa001)
core   0: 3 0x000000008000007e (0xa001)
core   0: 3 0x000000008000007e (0xa001)
core   0: 3 0x000000008000007e (0xa001)
core   0: 3 0x000000008000007e (0xa001)
core   0: 3 0x000000008000007e (0xa001)
core   0: 3 0x000000008000007e (0xa001)
core   0: 3 0x000000008000007e (0xa001)
core   0: 3 0x000000008000007e (0xa001)
core   0: 3 0x000000008000007e (0xa001)
core   0: 3 0x000000008000007e (0xa001)
core   0: 3 0x000000008000007e (0xa001)
core   0: 3 0x000000008000007e (0xa001)
core   0: 3 0x000000008000007e (0xa001)
core   0: 3 0x000000008000007e (0xa001)
core   0: 3 0x000000008000007e (0xa001)
core   0: 3 0x000000008000007e (0xa001)
core   0: 3 0x000000008000007e (0xa001)
core   0: 3 0x000000008000007e (0xa001)
core   0: 3 0x000000008000007e (0xa001)
core   0: 3 0x000000008000007e (0xa001)
core   0: 3 0x000000008000007e (0xa001)
core   0: 3 0x000000008000007e (0xa001)
core   0: 3 0x000000008000007e (0xa001)
core   0: 3 0x000000008000007e (0xa001)
core   0: 3 0x000000008000007e (0xa001)
core   0: 3 0x000000008000007e (0xa001)
core   0: 3 0x000000008000007e (0xa001)
core   0: 3 0x000000008000007e (0xa001)
core   0: 3 0x000000008000007e (0xa001)
core   0: 3 0x000000008000007e (0xa001)
core   0: 3 0x000000008000007e (0xa001)
core   0: 3 0x000000008000007e (0xa001)
core   0: 3 0x000000008000007e (0xa001)
core   0: 3 0x000000008000007e (0xa001)
core   0: 3 0x000000008000007e (0xa001)
core   0: 3 0x000000008000007e (0xa001)
core   0: 3 0x000000008000007e (0xa001)
core   0: 3 0x000000008000007e (0xa001)
core   0: 3 0x000000008000007e (0xa001)
core   0: 3 0x000000008000007e (0xa001)
core   0: 3 0x000000008000007e (0xa001)
core   0: 3 0x000000008000007e (0xa001)
core   0: 3 0x000000008000007e (0xa001)
core   0: 3 0x000000008000007e (0xa001)
core   0: 3 0x000000008000007e (0xa001)
core   0: 3 0x000000008000007e (0xa001)
core   0: 3 0x000000008000007e (0xa001)
core   0: 3 0x000000008000007e (0xa001)
core   0: 3 0x000000008000007e (0xa001)
core   0: 3 0x000000008000007e (0xa001)
core   0: 3 0x000000008000007e (0xa001)
core   0: 3 0x000000008000007e (0xa001)
core   0: 3 0x000000008000007e (0xa001)
core   0: 3 0x000000008000007e (0xa001)
core   0: 3 0x000000008000007e (0xa001)
core   0: 3 0x000000008000007e (0xa001)
core   0: 3 0x000000008000007e (0xa001)
core   0: 3 0x000000008000007e (0xa001)
core   0: 3 0x000000008000007e (0xa001)
core   0: 3 0x000000008000007e (0xa001)
core   0: 3 0x000000008000007e (0xa001)
core   0: 3 0x000000008000007e (0xa001)
core   0: 3 0x000000008000007e (0xa001)
core   0: 3 0x000000008000007e (0xa001)
core   0: 3 0x000000008000007e (0xa001)
core   0: 3 0x000000008000007e (0xa001)
core   0: 3 0x000000008000007e (0xa001)
core   0: 3 0x000000008000007e (0xa001)
core   0: 3 0x000000008000007e (0xa001)
core   0: 3 0x000000008000007e (0xa001)
core   0: 3 0x000000008000007e (0xa001)
core   0: 3 0x000000008000007e (0xa001)
core   0: 3 0x000000008000007e (0xa001)
core   0: 3 0x000000008000007e (0xa001)
core   0: 3 0x000000008000007e (0xa001)
core   0: 3 0x000000008000007e (0xa001)
core   0: 3 0x000000008000007e (0xa001)
core   0: 3 0x000000008000007e (0xa001)
core   0: 3 0x000000008000007e (0xa001)
core   0: 3 0x000000008000007e (0xa001)
core   0: 3 0x000000008000007e (0xa001)
core   0: 3 0x000000008000007e (0xa001)
core   0: 3 0x000000008000007e (0xa001)
core   0: 3 0x000000008000007e (0xa001)
core   0: 3 0x000000008000007e (0xa001)
core   0: 3 0x000000008000007e (0xa001)
core   0: 3 0x000000008000007e (0xa001)
core   0: 3 0x000000008000007e (0xa001)
core   0: 3 0x000000008000007e (0xa001)
core   0: 3 0x000000008000007e (0xa001)
core   0: 3 0x000000008000007e (0xa001)
core   0: 3 0x000000008000007e (0xa001)
core   0: 3 0x000000008000007e (0xa001)
core   0: 3 0x000000008000007e (0xa001)
core   0: 3 0x000000008000007e (0xa001)
core   0: 3 0x000000008000007e (0xa001)
core   0: 3 0x000000008000007e (0xa001)
core   0: 3 0x000000008000007e (0xa001)
core   0: 3 0x000000008000007e (0xa001)
core   0: 3 0x000000008000007e (0xa001)
core   0: 3 0x000000008000007e (0xa001)
core   0: 3 0x000000008000007e (0xa001)
core   0: 3 0x000000008000007e (0xa001)
core   0: 3 0x000000008000007e (0xa001)
core   0: 3 0x000000008000007e (0xa001)
core   0: 3 0x000000008000007e (0xa001)
core   0: 3 0x000000008000007e (0xa001)
core   0: 3 0x000000008000007e (0xa001)
core   0: 3 0x000000008000007e (0xa001)
core   0: 3 0x000000008000007e (0xa001)
core   0: 3 0x000000008000007e (0xa001)
core   0: 3 0x000000008000007e (0xa001)
core   0: 3 0x000000008000007e (0xa001)
core   0: 3 0x000000008000007e (0xa001)
core   0: 3 0x000000008000007e (0xa001)
core   0: 3 0x000000008000007e (0xa001)
core   0: 3 0x000000008000007e (0xa001)
core   0: 3 0x000000008000007e (0xa001)
core   0: 3 0x000000008000007e (0xa001)
